0,2.1564941,2.1713257,ok,6,72,8,6.4823745,13.395196,31.319522,0.77025039
1,1.6357422,1.6456299,ok,5,71,8,6.4751662,10.943249,30.902051,1.2189675
2,1.0029297,1.0128174,ok,5,74,8,6.7031429,8.5831861,28.085171,0.5264306
3,0.97271729,0.98013306,ok,6,91,9,8.2721508,8.3699627,29.401278,1.0655813
4,1.868309,1.8808231,ok,8,107,10,9.6439408,11.790973,28.866495,1.0755395
5,1.7692261,1.7803497,ok,7,97,9,8.4532851,9.978483,30.441331,1.8446378
6,1.2358398,1.2457275,ok,5,72,8,6.672567,10.250592,29.33333,1.8205536
7,0.97875977,0.98370361,ok,5,80,9,7.1577879,9.2125969,28.857068,1.0302512
8,1.4923706,1.5034943,ok,6,85,9,7.385951,10.649714,30.711183,0.65535704
9,1.5566406,1.5665283,ok,5,74,8,6.527314,10.401314,31.558147,0.82538579
10,1.8862305,1.901062,ok,6,84,8,7.3692801,11.721066,29.182321,1.0194332
11,0.81835938,0.82495117,ok,4,68,8,5.8778052,6.8044615,25.723635,0.94469547
12,1.4709473,1.478363,ok,6,81,9,7.0509539,11.797598,27.506646,1.2733068
13,0.96887207,0.97628784,ok,5,76,9,6.8629872,8.5740437,28.273241,0.74319776
14,1.2644043,1.274292,ok,5,76,8,6.4700288,10.051416,30.078116,0.84357013
15,1.6291504,1.6439819,ok,5,69,8,5.9803026,9.1992344,32.345333,1.2577227
16,1.3325195,1.3399353,ok,5,80,9,6.814368,10.249521,29.996802,1.0172808
17,1.6456299,1.6604614,ok,6,81,8,6.5519453,11.040836,30.651919,1.1801474
18,1.5863037,1.5974274,ok,6,87,9,7.3755634,9.3902565,33.231376,1.7847748
19,0.95953369,0.96694946,ok,6,88,9,7.3194716,8.0616462,29.952105,1.5459969
20,1.2578125,1.2644043,ok,4,65,8,5.4261966,7.9082994,28.583458,1.0962165
21,1.1875,1.1962891,ok,3,50,7,4.5785666,9.5928219,28.744059,1.7078925
22,1.1715698,1.1826935,ok,6,84,9,7.1968628,10.449968,28.756444,1.0961782
23,1.3852539,1.3926697,ok,6,91,9,7.5580986,10.571138,29.025832,0.63213826
24,0.9128418,0.91778564,ok,4,70,9,6.0228559,9.0315817,27.458542,0.67022139
25,1.2006836,1.2105713,ok,4,64,8,5.7285855,8.3983945,28.056814,0.9434848
26,1.6456299,1.6604614,ok,6,74,8,6.6263947,10.956518,30.269974,1.451945
27,1.3808594,1.3907471,ok,5,74,8,6.2394508,11.234674,26.697838,1.1206862
28,1.609375,1.6225586,ok,4,55,7,4.7862996,9.8713061,30.982779,1.0828079
29,1.1608582,1.1719818,ok,7,97,9,8.7555412,8.5090714,30.198776,1.0306307
30,0.90625,0.91503906,ok,3,52,7,4.59037,7.4551412,29.820561,1.2020217
31,1.8269043,1.838028,ok,6,84,9,7.366205,10.945029,29.04515,0.77541669
32,1.2402344,1.2501221,ok,4,61,8,5.1961548,8.3154767,28.311482,0.90420801
33,0.88839722,0.89395905,ok,6,96,10,8.5998532,8.1882056,30.723319,0.72415158
34,1.1715698,1.1826935,ok,6,91,9,7.6588564,8.1021212,30.102358,0.67810044
35,0.87109375,0.87768555,ok,4,70,8,5.8682402,7.1571579,27.985115,0.94717824
36,2.5997925,2.6220398,ok,7,89,8,7.6502159,13.681784,30.611859,0.99910149
37,1.7543945,1.7642822,ok,6,83,8,7.2946444,10.630999,30.299424,1.4115167
38,2.1564941,2.1713257,ok,6,82,8,7.5146893,11.524132,31.674813,1.1848019
39,1.3984375,1.4116211,ok,4,60,7,5.1989244,9.5964134,31.561232,0.8302348
40,1.0463257,1.0518875,ok,6,89,10,7.7020869,9.2146067,33.015733,1.5384109
41,1.2929688,1.2995605,ok,4,67,8,5.5747453,10.032815,29.527624,0.87339713
42,1.4676514,1.478775,ok,6,85,9,7.3620272,10.681263,28.579676,0.98637958
43,1.1567383,1.166626,ok,5,79,8,6.7416662,8.5251838,31.931161,1.1259218
44,1.6785889,1.6934204,ok,6,83,8,7.0667332,12.096401,26.952851,0.72824655
45,2.1367188,2.1499023,ok,5,72,7,5.9533119,10.753593,34.972631,1.4713277
46,1.4248047,1.4346924,ok,5,72,8,6.1501883,10.11646,30.446115,1.4576859
47,1.9406128,1.9517365,ok,6,83,9,7.3684488,11.797488,34.602077,0.64280723
48,1.5170898,1.5319214,ok,6,85,8,7.312003,8.5909802,31.308081,0.71682207
49,1.5377922,1.5503063,ok,8,111,10,9.5516781,9.9565872,29.754365,0.96789934
50,1.5479889,1.5563316,ok,7,97,10,8.4200575,10.098644,29.315958,0.79468012
51,1.5479889,1.5563316,ok,7,100,10,8.7847815,9.9338997,31.296891,0.93859445
52,1.5072021,1.5183258,ok,6,82,9,7.1195189,11.169766,28.962248,1.3729475
53,1.3597107,1.3708344,ok,7,96,9,8.5029323,9.5311266,30.586794,0.51175284
54,1.7033081,1.7144318,ok,6,87,9,7.6494941,8.1722164,30.439131,1.1016191
55,0.92163086,0.92657471,ok,5,80,9,7.0894268,8.693849,25.900269,0.7457321
56,1.3127441,1.3226318,ok,5,71,8,6.122453,10.250088,28.852685,0.97109137
57,1.3050537,1.3161774,ok,6,83,9,7.2618677,10.872744,28.367248,1.0207853
58,1.3413086,1.3511963,ok,5,77,8,6.8208288,9.8450935,31.990947,0.65802887
59,1.3869019,1.3980255,ok,6,90,9,7.732985,8.8494218,29.805609,1.5519621
60,1.1875,1.1962891,ok,3,52,7,4.444232,8.8766832,30.168417,0.7483074
61,1.478363,1.4894867,ok,7,99,9,8.3293632,9.5220531,31.590608,1.5177753
62,1.0809326,1.0864944,ok,6,92,10,8.0263702,8.5330991,29.118512,1.0579289
63,1.9801636,1.9912872,ok,7,92,9,8.0785388,13.823075,30.472766,0.98552095
64,1.7478027,1.7589264,ok,6,83,9,7.3871499,11.516928,29.362704,1.8302647
65,1.0639038,1.0694656,ok,7,109,10,10.069135,7.9032737,30.644281,0.54541285
66,1.8528595,1.8653736,ok,9,116,10,10.301917,11.720362,31.059516,0.93299739
67,1.1369629,1.1443787,ok,5,78,9,6.815764,8.5533492,31.241743,0.69380682
68,1.3869019,1.3980255,ok,6,85,9,7.327208,10.293229,30.146574,0.65751392
69,1.6785889,1.6897125,ok,6,86,9,7.1206115,10.139179,29.429029,0.86330588
70,1.7922974,1.8089828,ok,8,109,9,8.9961678,10.641085,34.367317,0.82871911
71,1.1112137,1.1195564,ok,7,104,10,9.1739102,8.9149419,30.000525,0.79959195
72,1.1534424,1.1608582,ok,6,87,9,7.5492392,10.000686,27.450618,1.1172828
73,1.2402344,1.2501221,ok,4,63,8,5.1999932,9.5247827,31.961223,0.58039762
74,1.6258545,1.6369781,ok,7,108,9,8.7148066,8.1961188,32.906406,0.526712
75,1.229248,1.2391357,ok,5,71,8,5.8319551,9.0912369,31.956038,0.8161468
76,1.8590393,1.8757248,ok,8,109,9,8.9507363,11.784222,30.571595,2.5742923
77,2.5256348,2.5404663,ok,7,86,8,7.4115988,12.508131,33.692783,1.0803609
78,1.1864014,1.1938171,ok,6,88,9,7.4027848,7.9719978,30.096351,0.81834231
79,1.3544922,1.3643799,ok,5,71,8,6.1986049,9.4554461,27.663961,0.7478279
80,0.93701172,0.94195557,ok,5,82,9,6.8407788,7.3321218,31.350813,0.68339508
81,1.1715698,1.1826935,ok,6,85,9,7.5539162,9.3536878,30.456629,1.4073822
82,1.4467773,1.456665,ok,7,103,8,8.7447884,10.110578,32.485884,1.076046
83,1.2490234,1.2589111,ok,5,73,8,6.3054538,8.3157089,28.540117,1.1183971
84,1.7148438,1.7247314,ok,5,71,8,6.4883723,11.352972,29.363472,1.2176095
85,1.8880844,1.9005985,ok,8,102,10,8.7042389,13.191037,29.622319,0.47137811
86,1.5566406,1.5665283,ok,5,75,8,6.5397856,10.407179,31.45406,1.0701791
87,1.3869019,1.3980255,ok,6,86,9,7.1197292,9.8935834,30.226508,0.746711
88,1.6621094,1.6719971,ok,5,70,8,6.129363,11.393393,29.244809,0.82196516
89,2.1235352,2.1383667,ok,6,78,8,6.6879869,11.835724,33.151991,0.79755921
90,0.98617554,0.99173737,ok,6,88,10,7.7666008,9.6427226,26.472154,1.0950738
91,1.8083649,1.8250504,ok,7,89,9,8.0751483,11.058352,30.317879,0.47922587
92,1.3039551,1.3113708,ok,6,94,9,7.7699087,9.2479588,32.623839,1.1941766
93,1.5368652,1.5479889,ok,6,86,9,7.5054158,8.7381378,28.243624,1.5960542
94,2.6368713,2.6535568,ok,8,108,9,9.0417376,13.461788,33.367761,0.59958263
95,1.2006836,1.2105713,ok,4,61,8,5.6746245,9.3861531,30.619095,1.5753004
96,1.2116699,1.2215576,ok,5,75,8,6.2713748,9.6318753,27.708105,0.74697406
97,1.8713989,1.8880844,ok,7,91,9,8.0460703,12.037427,30.162831,1.1316444
98,2.1367188,2.1499023,ok,5,65,7,5.3712607,11.116631,33.85899,0.98812273
99,1.0389099,1.0444717,ok,6,90,10,7.6639073,7.9637229,30.450324,1.2450169
100,1.4278259,1.4389496,ok,7,96,9,8.1352757,8.9835,30.797013,0.83265952
101,1.0117188,1.0216064,ok,4,66,8,5.5000753,8.8838192,28.899962,1.12725
102,1.7543945,1.7692261,ok,6,82,8,7.1508354,10.202503,29.317678,1.8250137
103,1.5072021,1.5183258,ok,6,85,9,7.365545,10.082694,31.339796,0.76183843
104,2.2421875,2.2553711,ok,5,68,7,5.7626263,12.278289,31.257829,0.67126217
105,1.6225586,1.6357422,ok,5,71,7,5.6811953,9.9871383,30.193168,1.1709031
106,1.3039551,1.3138428,ok,6,84,8,6.7459696,9.0163857,30.443306,0.7945045
107,1.3341675,1.3452911,ok,6,90,9,7.3502365,9.0016676,28.887623,1.424454
108,1.3473511,1.3584747,ok,6,85,9,7.0897403,9.3140571,30.371506,0.85147381
109,1.3201599,1.3312836,ok,6,84,9,7.1056439,9.5622898,29.629803,1.2299656
110,1.2501221,1.2575378,ok,5,74,9,6.3772674,10.556323,29.548541,0.77807706
111,1.8862305,1.901062,ok,6,83,8,7.2461699,11.997373,29.789922,0.61260999
112,1.9962311,2.0129166,ok,7,91,9,7.8821447,12.469078,28.005149,0.98459891
113,1.8194885,1.8306122,ok,7,94,9,8.1244623,12.179986,29.729614,1.0169967
114,1.2797852,1.2872009,ok,5,79,9,6.7424067,9.5999136,31.036234,0.89056026
115,1.3984375,1.4116211,ok,4,65,7,5.5017764,8.3675016,32.35326,0.64212593
116,1.3984375,1.4116211,ok,4,62,7,5.3159197,10.284882,29.127866,0.92015122
117,1.9851074,1.9962311,ok,6,81,9,7.1384999,12.150709,31.230807,1.2296097
118,1.6192627,1.6340942,ok,5,67,8,5.4951724,11.511345,29.71427,0.67362931
119,1.4379883,1.4454041,ok,5,73,9,6.4243687,10.501599,28.981094,1.0933274
120,2.1894531,2.2042847,ok,5,65,8,5.504603,11.782164,31.772501,1.5063266
121,1.2797852,1.2872009,ok,5,77,9,6.6056904,9.9540396,28.456297,0.731371
122,1.2006836,1.2105713,ok,4,60,8,5.0516245,8.9612175,29.410435,1.2150222
123,1.0930176,1.1004333,ok,6,86,9,7.6058159,10.421932,28.055833,0.89459917
124,1.7304993,1.7471848,ok,7,95,9,15.835301,12.391928,29.966029,2.0240787
125,1.4676514,1.478775,ok,6,86,9,14.42181,10.025936,28.971155,0.60342691
126,1.6901245,1.7012482,ok,7,101,9,17.964447,11.056347,30.871084,1.5241011
127,1.1875,1.1962891,ok,3,53,7,9.1209478,7.869284,31.420758,0.68271929
128,1.3547668,1.3658905,ok,7,95,9,15.633079,11.059112,30.019889,1.3725224
129,1.7675781,1.7774658,ok,6,83,8,13.562317,11.845195,28.069212,0.45833015
130,1.1112137,1.1195564,ok,7,97,10,17.158794,8.046212,28.974793,1.072337
131,1.6555176,1.6703491,ok,6,79,8,13.14952,11.839434,30.633539,1.1168993
132,0.8760376,0.88345337,ok,5,78,9,13.316488,8.6710751,30.478152,1.0542135
133,1.3808594,1.3907471,ok,5,74,8,12.29395,10.41778,30.113736,2.2379739
134,1.5714722,1.5825958,ok,6,87,9,14.298949,10.504634,29.55696,1.2195231
135,1.3984375,1.4083252,ok,4,62,8,10.249674,9.614586,28.155546,0.79454153
136,1.3544922,1.3643799,ok,5,82,8,13.542991,8.9441837,32.919166,1.3253149
137,1.6604614,1.6688042,ok,7,102,10,16.708224,9.7898972,29.652617,0.90573353
138,1.3984375,1.4116211,ok,4,59,7,10.506582,10.188092,30.435726,1.5753111
139,1.9084778,1.9251633,ok,7,94,9,15.770106,12.887213,32.240155,1.1996469
140,1.0661011,1.0735168,ok,6,89,9,15.779863,8.3065085,29.350806,1.1681032
141,1.7144318,1.7311172,ok,7,89,9,15.874651,10.31186,30.951859,1.2491381
142,1.0908203,1.100708,ok,5,77,8,13.253946,8.9353935,28.427597,0.51495741
143,1.2237549,1.2311707,ok,5,75,9,12.690286,9.7260746,27.68724,1.0335753
144,2.03125,2.0444336,ok,4,55,7,9.4483412,13.75652,27.607289,1.2368296
145,2.1911011,2.2022247,ok,7,93,9,16.297208,11.850764,34.42999,1.0422466
146,1.2644043,1.274292,ok,5,71,8,12.181576,10.159381,29.341451,0.96385182
147,1.3201599,1.3312836,ok,6,86,9,14.586428,10.954391,29.806449,0.99962851
148,1.0216064,1.0290222,ok,5,79,9,14.168128,8.359009,29.380596,0.94347702
149,2.192749,2.2038727,ok,7,92,9,16.221099,12.704454,30.228964,1.4055095
150,1.2226562,1.229248,ok,4,66,8,10.827115,8.8610745,30.847829,0.66670206
151,1.4204102,1.4278259,ok,6,92,9,15.794209,9.7694399,31.114185,1.2324421
152,1.3341675,1.3415833,ok,6,91,9,15.586069,7.7340262,30.414494,1.2890306
153,2.2932739,2.3155212,ok,7,87,8,14.244805,12.606712,29.514523,1.3604777
154,2.03125,2.0510254,ok,4,51,7,9.0831958,13.277085,29.612465,0.79160396
155,1.0189285,1.0244904,ok,7,105,10,18.122571,9.1589775,29.577696,1.2017119
156,1.0216064,1.0290222,ok,5,78,9,12.469221,8.4235733,29.010395,2.1246841
157,0.9765625,0.98535156,ok,4,67,7,11.136478,6.973362,31.739748,0.58129963
158,1.3984375,1.4083252,ok,4,62,8,10.814692,9.7625825,30.847355,1.6834874
159,0.81835938,0.82330322,ok,4,72,9,12.082647,8.5559316,28.519522,0.8416092
160,1.1435547,1.1534424,ok,5,76,8,12.410126,8.3493135,29.923358,1.3502288
161,1.8269043,1.8417358,ok,6,81,8,13.372451,12.346303,30.181519,0.74425584
162,1.3391113,1.348999,ok,6,83,8,13.481548,10.228343,27.892442,0.74405727
163,1.2237549,1.2311707,ok,5,74,9,12.751066,10.560316,27.002116,0.86832631
164,1.3869019,1.3980255,ok,6,87,9,14.528607,10.385846,27.907701,0.92317133
165,1.7543945,1.7692261,ok,6,84,8,13.237149,9.5819616,31.798408,1.1294386
166,1.7181396,1.7329712,ok,6,83,8,14.577476,11.184244,30.449244,1.0556739
167,2.1037598,2.1185913,ok,6,81,8,14.023153,11.396041,32.858852,0.87038806
168,1.4454041,1.4565277,ok,6,84,9,14.868575,9.1114151,28.965756,1.0665914
169,2.1185913,2.129715,ok,7,97,9,11.952381,11.149579,32.508234,2.456733
170,1.4849548,1.4960785,ok,6,84,9,9.3921814,10.241995,31.824794,1.1233794
171,0.82824707,0.83566284,ok,5,82,9,14.305241,7.260909,28.038841,1.0265184
334,1.3720703,1.3794861,ok,5,75,9,6.8432799,11.705563,30.275398,1.6151237
335,1.4116211,1.4248047,ok,5,75,7,7.1235803,9.9516935,30.604025,1.0421239
336,1.5039062,1.5137939,ok,5,75,8,7.2044322,9.6103222,28.515516,0.92611448
337,1.1962891,1.2037048,ok,5,75,9,6.938462,10.598105,28.256601,0.93554196
338,1.3984375,1.4083252,ok,4,62,8,5.786297,9.6318154,27.766355,1.3565628
339,1.1171875,1.1237793,ok,4,71,8,6.5601221,10.169315,29.631372,0.86515822
340,1.3201599,1.3312836,ok,6,88,9,7.8679027,10.528552,28.47158,0.84240697
341,1.0512695,1.0586853,ok,5,79,9,7.9768999,9.7038782,28.928703,0.82273978
342,1.7675781,1.7774658,ok,5,67,8,5.9126196,14.512181,32.319765,1.3510535
343,1.8565674,1.867691,ok,7,93,9,8.3578051,11.330177,31.866527,0.95522426
344,1.9356689,1.9505005,ok,6,80,8,7.3042423,11.40548,31.601213,0.86415797
345,0.83813477,0.84555054,ok,5,77,9,6.5068266,8.5211496,29.397462,0.73148818
346,1.2578125,1.2666016,ok,4,62,7,5.7760861,7.2975242,30.665467,0.95987464
347,2.0658569,2.0769806,ok,6,76,9,6.8829226,12.813466,29.476535,0.87378868
348,0.91503906,0.92163086,ok,4,68,8,5.9346348,8.0120377,29.366602,0.73149762
349,1.6654053,1.6765289,ok,7,97,9,9.0936306,9.9386747,30.42055,1.2375406
350,1.3201599,1.3312836,ok,6,84,9,7.4573858,9.2370198,29.369264,0.79548189
351,0.98617554,0.99173737,ok,6,93,10,8.1738583,6.8521122,32.52178,1.1458459
352,1.7824097,1.7935333,ok,6,81,9,7.5386465,12.459271,32.517682,0.99139019
353,1.5368652,1.5479889,ok,6,83,9,7.6004786,10.629342,29.195833,1.0465886
354,0.99359131,0.99915314,ok,6,86,10,7.5232878,8.6903676,26.442852,1.0616766
355,1.2600098,1.2674255,ok,5,79,9,7.0540122,8.5466387,29.961088,1.8917569
356,1.965332,1.9801636,ok,6,83,8,7.4167424,10.376862,32.608656,1.2443444
357,0.79199219,0.79693604,ok,4,71,9,6.350568,7.0326439,30.371865,0.983261
358,1.1171875,1.1237793,ok,5,83,8,7.4186561,10.268558,28.215219,0.57703678
359,1.1567383,1.1641541,ok,5,75,9,6.4557598,9.7643717,27.992001,0.69490939
360,1.2600098,1.2674255,ok,5,76,9,6.7611024,9.5177554,31.733563,0.83595189
361,1.0809326,1.0864944,ok,6,91,10,8.047396,9.0280546,30.799832,1.6424479
362,1.6489258,1.6637573,ok,5,69,8,6.2980209,11.544794,31.665004,0.7725325
363,1.4454041,1.4565277,ok,6,83,9,7.8234419,9.2204973,28.764035,1.7279896
364,1.3127441,1.3201599,ok,5,76,9,7.0508044,10.179597,28.681577,0.92352332
365,1.5852051,1.6000366,ok,7,95,8,8.0568314,9.8041979,30.439133,1.078236
366,0.94799805,0.95294189,ok,5,82,9,7.691684,8.0765716,27.623772,0.67329541
367,2.4267578,2.4415894,ok,6,78,8,7.1404209,12.871171,29.30411,0.79230879
368,1.1056519,1.1112137,ok,6,93,10,8.124944,7.1513396,31.535271,0.80929109
369,1.7181396,1.7292633,ok,6,85,9,7.3289894,12.98744,29.306158,0.94741965
370,1.2709961,1.2808838,ok,5,75,8,6.8228869,8.7403198,31.618418,1.1610818
371,2.1222992,2.1389847,ok,8,110,9,9.9260461,11.162339,30.60168,0.77553447
372,1.3399353,1.351059,ok,6,83,9,7.4817346,8.8897679,28.955007,1.0136159
373,0.75299072,0.76040649,ok,5,82,9,7.5230837,7.5698415,30.826829,1.1370822
374,1.2841797,1.2940674,ok,5,69,8,6.9397816,9.3915649,28.621748,1.0236925
375,1.0661011,1.0716629,ok,6,91,10,8.1326318,7.9815824,31.321447,0.66470188
376,1.2918701,1.3029938,ok,7,99,9,8.8137027,11.672196,30.983604,0.70837676
377,0.81808472,0.82364655,ok,6,91,10,8.4116218,7.3599233,28.68374,0.81570254
378,1.1534424,1.1608582,ok,6,89,9,7.7966411,6.8965177,30.823512,0.81442846
379,1.0290222,1.034584,ok,6,92,10,8.9099538,8.6502863,26.743976,0.97464455
380,1.5961914,1.6110229,ok,6,76,8,7.1253036,10.590884,29.615395,0.99232157
381,1.0314941,1.0413818,ok,5,76,8,7.3601192,8.1966555,27.706323,1.1000916
382,1.3473511,1.3584747,ok,6,83,9,7.6643411,9.5977622,31.521241,1.6140881
383,1.328125,1.3413086,ok,4,61,7,5.960748,11.293333,29.182589,1.0071452
384,1.0216064,1.0314941,ok,5,75,8,6.9628435,7.3730681,28.897986,1.1593396
385,1.3424072,1.349823,ok,6,89,9,8.497503,9.0455493,30.405897,0.8842508
386,1.5294495,1.5377922,ok,7,99,10,9.0387233,12.087741,27.187491,1.5309578
387,2.0061188,2.0228043,ok,8,108,9,9.7764678,13.985974,30.469146,1.4538217
388,0.95898438,0.96392822,ok,4,75,9,6.8559992,9.212299,28.28371,1.2340941
389,1.3720703,1.3794861,ok,5,74,9,6.730485,9.5318475,28.16219,0.45379367
390,1.3193359,1.3292236,ok,5,75,8,6.7606584,10.061856,30.660847,0.47351451
391,2.5552979,2.5775452,ok,7,91,8,7.8291727,10.889671,34.531964,1.1831353
392,2.03125,2.0444336,ok,4,59,7,5.5166932,11.442707,31.969552,1.1366004
393,0.88427734,0.88922119,ok,5,82,9,7.1648609,8.9441886,27.170559,0.73705686
394,1.4379883,1.4454041,ok,5,76,9,6.7807036,8.9460552,30.530894,0.56865922
395,2.1103516,2.1251831,ok,5,67,8,6.060633,13.255076,30.563994,0.71112268
396,0.89746094,0.90405273,ok,5,82,8,7.658495,7.61568,32.01675,0.76705134
397,1.8664551,1.8812866,ok,7,93,8,8.2535926,10.104687,30.899153,0.52813488
398,1.3584747,1.3668175,ok,7,99,10,8.7103702,11.275024,30.034992,0.74507317
399,1.8615112,1.8726349,ok,7,92,9,7.9349622,11.73317,28.623063,0.66301119
400,1.3127441,1.3201599,ok,5,77,9,6.9286883,8.2431347,30.922517,1.3349928
401,1.2841797,1.2940674,ok,5,75,8,6.8182045,9.4570705,31.585773,0.96699232
402,1.5665283,1.5813599,ok,6,84,8,7.5196018,8.54421,31.220574,0.67641287
403,1.8862305,1.901062,ok,6,83,8,7.1397685,13.788256,30.527471,1.5787732
404,1.6785889,1.6897125,ok,6,83,9,7.3161234,11.842929,28.908336,1.2799475
405,1.4256287,1.4330444,ok,6,86,9,7.8476417,12.185228,28.315897,0.56586245
406,1.415741,1.4268646,ok,6,79,9,7.2722406,8.8374172,28.6611,1.4521482
407,1.1715698,1.1826935,ok,6,91,9,7.680553,10.459584,29.136353,1.0422216
408,1.6357422,1.6456299,ok,5,72,8,6.2644778,8.7401802,31.607313,0.8500634
409,1.3643799,1.3717957,ok,6,88,9,7.5597618,11.814969,28.44002,0.67708532
410,1.5863037,1.5974274,ok,6,88,9,7.4974079,9.3843513,29.932689,0.93248975
411,1.4009094,1.4092522,ok,7,105,10,9.3442032,9.0244689,31.282709,0.63233049
412,1.2402344,1.2501221,ok,4,64,8,5.7664752,10.004425,28.276298,0.88123005
413,1.1517944,1.1629181,ok,6,85,9,7.5611991,9.5162009,29.426484,0.52086085
414,1.3794861,1.3906097,ok,6,85,9,7.3835796,10.199518,30.56349,1.3852487
415,1.8862305,1.8973541,ok,6,83,9,7.9919919,12.17601,30.042206,1.1856173
416,2.1894531,2.2042847,ok,5,67,8,6.0216373,10.74803,30.159141,1.4579746
417,1.4528198,1.4639435,ok,6,84,9,7.1645694,10.127304,29.35054,0.86184387
418,1.3039551,1.3113708,ok,6,89,9,8.0163048,9.0547962,29.205454,1.1913257
419,1.5319214,1.543045,ok,7,93,9,8.0297256,12.556016,29.049742,0.67503985
420,0.97875977,0.98370361,ok,5,81,9,7.0567417,8.2331674,27.79508,0.89139328
421,1.4849548,1.4960785,ok,6,84,9,7.365039,9.5411776,30.855778,0.815189
422,1.2578125,1.2666016,ok,4,65,7,5.6992461,9.9857494,29.281815,0.64695085
423,0.765625,0.77001953,ok,3,58,8,5.0119066,7.5583821,24.780113,1.4065698
424,1.2006836,1.2105713,ok,4,61,8,5.4411501,9.8598384,28.435866,0.82427368
425,1.0732422,1.0831299,ok,5,75,8,6.5296924,8.3480776,30.168043,1.2101507
426,1.8862305,1.901062,ok,6,85,8,7.2733316,12.421843,31.186966,1.436042
427,1.2841797,1.2940674,ok,5,72,8,6.4832669,9.667544,29.505992,0.70117787
428,1.5813599,1.5897026,ok,7,107,10,9.2764663,9.9777492,31.266788,1.5150173
429,0.80078125,0.80737305,ok,4,69,8,6.0452205,7.3266492,28.479939,0.82138557
430,1.7824097,1.7935333,ok,6,83,9,7.2308953,11.142854,30.278815,1.0639163
431,1.2872009,1.2983246,ok,6,82,9,7.3387013,8.9240242,29.466563,1.0277057
432,1.5961914,1.6060791,ok,6,89,8,7.9995768,10.268703,31.630352,1.0339859
433,1.2237549,1.2336426,ok,5,72,8,6.4149111,9.3749516,30.015199,1.387727
434,1.9455566,1.9603882,ok,6,82,8,6.9974568,11.360508,32.276007,1.1215383
435,1.7675781,1.7774658,ok,5,71,8,6.3581548,11.792899,29.730078,0.828075
436,1.0290222,1.034584,ok,6,90,10,7.7099095,8.0906402,29.641849,1.7161484
437,1.0467377,1.0550804,ok,8,115,10,9.6249036,8.0715608,32.304461,0.90513404
438,1.1056519,1.1112137,ok,6,93,10,8.165481,8.7495215,29.576199,0.71467939
439,1.4454041,1.4565277,ok,6,83,9,7.1533228,9.5318166,31.221687,0.79910779
440,1.3325195,1.3399353,ok,5,78,9,6.938804,9.8312644,27.666436,1.1313568
441,1.5368652,1.5479889,ok,6,90,9,8.0099764,10.875307,31.681988,0.69915543
442,2.1853333,2.2020187,ok,7,88,9,7.8179332,10.815669,31.284269,2.2049792
443,1.1369629,1.1443787,ok,5,76,9,6.984341,8.1020687,28.9888,0.98519679
444,1.609375,1.6225586,ok,4,56,7,5.1367757,10.406159,30.732429,0.95358214
445,0.96887207,0.97628784,ok,5,77,9,6.8206057,7.2214644,30.128049,1.525915
446,1.6192627,1.6340942,ok,5,66,8,5.6097961,13.871326,29.744884,1.6506131
447,2.0048828,2.0246582,ok,6,73,7,6.5966191,12.107291,28.775392,1.3704966
448,1.1369629,1.1443787,ok,5,75,9,6.7045953,8.0174015,29.141693,0.91676109
449,2.4663086,2.4885559,ok,6,77,8,6.5777957,11.408634,31.886129,1.4017314
450,1.1171875,1.1237793,ok,4,68,8,5.8793994,7.6482755,27.422822,1.0183432
451,1.4379883,1.4454041,ok,5,76,9,6.918263,10.912303,30.323534,0.69039972
452,1.2138672,1.220459,ok,4,65,8,6.0095111,10.5706,28.936633,0.87753232
453,1.100708,1.1081238,ok,6,89,9,7.5139261,9.5001384,28.328619,1.1735646
454,1.7478027,1.7589264,ok,6,87,9,12.103892,12.834387,29.19151,0.68044377
455,1.3720703,1.3794861,ok,5,77,9,13.324901,9.8496792,29.865536,1.030227
456,1.5214844,1.5313721,ok,5,76,8,13.74075,11.098536,27.939682,0.65997056
457,1.0216064,1.0290222,ok,5,80,9,15.048259,7.0957075,31.561779,0.86938424
458,1.3720703,1.381958,ok,5,76,8,13.458534,9.4725863,31.068011,0.89839907
459,1.2182617,1.2248535,ok,5,77,8,13.780224,8.8634154,28.205644,0.7773107
460,0.99853516,1.0059509,ok,5,79,9,14.255835,8.105706,30.382991,1.2545443
461,1.1171875,1.1237793,ok,4,71,8,12.282037,7.8348673,31.520664,0.69594857
462,1.0982361,1.1037979,ok,6,92,10,16.036379,9.4819311,27.924115,1.6746894
463,1.6818848,1.6967163,ok,6,80,8,13.939723,9.4668817,28.550139,0.72110218
464,1.1369629,1.1443787,ok,5,83,9,14.437787,9.1461035,30.046439,1.1476105
465,2.1911011,2.2022247,ok,7,90,9,15.322012,13.331747,31.089903,1.080026
466,1.2808838,1.2882996,ok,6,86,9,14.814067,9.2013595,30.836262,0.65898028
467,1.2753906,1.2852783,ok,5,76,8,13.067785,9.3751164,29.34295,0.81568524
468,1.3984375,1.4116211,ok,4,59,7,10.321107,11.845815,28.492113,0.80993543
469,1.4434814,1.4508972,ok,6,89,9,14.469649,7.9280631,32.740108,0.68749063
470,1.0776367,1.0875244,ok,6,90,8,15.873879,8.013301,29.696995,0.73254325
471,1.3399353,1.351059,ok,6,83,9,14.806858,12.502469,27.163657,1.703635
472,1.4379883,1.4454041,ok,5,78,9,13.113185,8.5748284,32.286463,0.69166638
473,1.1419067,1.1493225,ok,6,88,9,14.97869,8.7958434,28.455835,0.937308
474,1.1534424,1.1608582,ok,6,89,9,15.480753,9.065598,29.165364,1.0104841
475,2.0576172,2.0773926,ok,5,65,7,10.85078,10.657722,28.987221,0.88725271
476,1.1567383,1.1641541,ok,5,80,9,14.050895,7.9280023,28.715357,0.63547805
477,1.3742676,1.3816833,ok,6,90,9,15.737043,11.967929,28.90742,0.84771783
478,0.96392822,0.97134399,ok,5,76,9,13.895626,8.1455992,30.980891,0.7640068
479,1.2667389,1.2750816,ok,7,100,10,17.78531,8.9600639,30.181966,1.3272763
480,1.0249023,1.03479,ok,5,79,8,13.529822,7.3471396,30.641411,0.64055974
481,1.0117188,1.0216064,ok,4,67,8,12.055772,7.7219866,30.267509,1.3178454
482,1.3039551,1.3113708,ok,6,87,9,15.417595,8.7005254,31.120172,0.80423979
483,1.0611572,1.068573,ok,6,91,9,15.45425,8.1210761,30.126692,1.0240199
484,1.4379883,1.4454041,ok,5,73,9,13.343225,10.263729,29.458767,0.59252407
485,1.2578125,1.2666016,ok,4,60,7,10.501438,9.9113126,30.238203,0.94449825
486,1.2226562,1.229248,ok,4,65,8,11.777551,9.0597668,29.285265,1.1353889
487,1.8862305,1.8973541,ok,6,87,9,15.303284,12.434221,30.495721,1.190918
488,1.4528198,1.4602356,ok,6,87,9,15.876681,10.314145,29.940411,0.89452885
489,1.2402344,1.2468262,ok,4,67,8,11.158471,9.6075731,30.74664,0.74759637
490,1.1517944,1.1629181,ok,6,86,9,13.806077,7.6001688,28.691928,0.7007351
491,1.3621826,1.3733063,ok,6,92,9,15.411713,12.409153,30.086391,0.70289523
492,1.6225586,1.6324463,ok,5,70,8,12.762988,10.424134,31.135851,1.1508908
493,1.2490234,1.2589111,ok,5,72,8,12.607553,11.208846,28.492304,1.3579744
494,1.6110229,1.6221466,ok,7,95,9,16.575493,9.9256641,31.683044,1.6222393
495,1.9776917,1.9943771,ok,7,97,9,16.434837,9.6555838,34.22147,0.48856231
496,1.5385132,1.5533447,ok,7,94,8,16.821659,8.6380026,29.730231,1.835243
497,1.7016602,1.7115479,ok,6,79,8,13.478939,12.531703,31.749067,0.91655128
498,1.2490234,1.2589111,ok,5,82,8,10.989585,8.1259967,34.472083,0.6821582
499,1.0974121,1.1029739,ok,6,98,10,11.431267,8.7029794,29.69608,1.0159266
500,1.5714722,1.5825958,ok,6,86,9,15.909236,10.150092,32.036174,1.7379375
668,1.9084778,1.9251633,ok,7,90,9,7.7635459,13.295314,30.546978,0.63870089
669,1.5714722,1.5825958,ok,6,83,9,7.3399987,11.257994,29.845023,1.0943346
670,1.5072021,1.5183258,ok,6,81,9,7.1665974,11.86916,31.119127,1.2938349
671,1.4775391,1.4849548,ok,5,80,9,7.7155372,9.2422452,29.616537,0.87828771
672,1.838028,1.8547134,ok,7,87,9,7.8623368,13.209487,29.97131,1.58108
673,1.3201599,1.3312836,ok,6,86,9,7.6050856,10.700255,31.551506,1.1359928
674,1.4006348,1.4080505,ok,6,87,9,7.5308365,11.807979,31.781102,0.77381862
675,1.6884766,1.6983643,ok,5,77,8,6.6819105,10.281366,31.351586,0.83842812
676,1.0908203,1.100708,ok,5,75,8,6.2598736,9.8776723,29.563233,0.59279063
677,1.5294495,1.5405731,ok,7,109,9,9.2661688,8.3497957,33.696435,0.85327667
678,1.2929688,1.2995605,ok,4,66,8,6.0271247,9.6753947,31.137915,1.0953401
679,1.2797852,1.2896729,ok,5,68,8,5.9306338,10.741448,28.94805,0.74494897
680,1.2490234,1.2589111,ok,5,74,8,6.5895597,9.5366356,30.005773,1.2310549
681,1.2259521,1.2370758,ok,6,82,9,7.1653188,8.7257981,29.421396,0.41814769
682,1.965332,1.9801636,ok,6,77,8,6.7233543,12.607855,28.989141,1.1022443
683,1.1237793,1.133667,ok,5,71,8,6.2181705,9.2395962,30.471816,1.1230288
684,1.3980255,1.4063683,ok,7,103,10,8.7141453,9.4502875,29.579919,1.2057387
685,2.03125,2.0444336,ok,4,56,7,4.6458433,10.951398,30.772968,1.2923631
686,1.4128571,1.4211998,ok,7,98,10,8.0623095,10.705793,29.3855,0.66367518
687,1.6357422,1.6456299,ok,5,70,8,5.8959069,11.12099,27.888458,1.4279232
688,2.0073547,2.0240402,ok,7,91,9,7.9974738,12.204522,29.301009,0.7383412
689,1.8826771,1.9014482,ok,10,128,10,11.21794,10.301278,32.937033,1.080667
690,1.5566406,1.5714722,ok,5,71,8,6.1790233,9.3221405,29.905587,1.0370531
691,1.5863037,1.5974274,ok,6,88,9,7.8870449,9.8084586,31.153029,0.93934773
692,1.609375,1.6225586,ok,4,60,7,5.1036389,12.420849,29.532946,0.80457295
693,0.95239258,0.95980835,ok,5,78,9,6.7205499,8.3794267,27.680987,0.81972381
694,1.5170898,1.5319214,ok,6,83,8,7.2661314,10.32144,29.481474,1.2685932
695,1.1715698,1.1826935,ok,6,84,9,6.9578553,8.3152156,29.460922,1.1609449
696,1.4379883,1.4454041,ok,5,74,9,6.210699,10.572708,28.868119,1.0485457
697,1.5368652,1.5479889,ok,6,87,9,7.2430528,11.230918,32.177695,0.93270704
698,1.965332,1.9801636,ok,6,75,8,6.9437382,12.041786,31.506132,1.6114889
699,1.0661011,1.0716629,ok,6,92,10,7.9288293,7.4061689,30.20608,0.76898469
700,1.0864944,1.0948372,ok,7,99,10,8.5924721,9.6206134,28.083438,0.71091181
701,1.1715698,1.1826935,ok,6,86,9,7.2271459,8.286462,30.853026,0.80797251
702,1.8862305,1.901062,ok,6,80,8,6.9998476,11.910409,30.952851,1.2134852
703,1.0314941,1.0389099,ok,5,76,9,6.8358903,8.8841131,26.997151,1.157457
704,1.3984375,1.4116211,ok,4,61,7,5.5230061,9.7564325,30.076608,1.404593
705,1.4907227,1.5055542,ok,6,82,8,6.8716096,9.9622312,32.119292,1.0239065
706,1.7675781,1.7824097,ok,5,71,8,6.4532866,12.099203,31.432025,0.81190401
707,0.79693604,0.80435181,ok,5,79,9,6.9728663,6.6847363,26.569929,1.3356367
708,2.03125,2.0444336,ok,4,56,7,5.0569484,12.810205,28.251629,0.78915947
709,1.3720703,1.3794861,ok,5,78,9,7.3621574,9.6357911,31.059315,1.2132407
710,1.2226562,1.2314453,ok,4,65,7,5.7285758,10.098193,28.654677,1.0077366
711,1.4154663,1.42659,ok,7,102,9,8.5985849,9.4350214,29.131699,0.59255606
712,1.3369141,1.3500977,ok,5,69,7,6.1324905,9.7656813,31.02373,0.67450922
713,1.0716629,1.0800056,ok,7,97,10,8.5732483,9.2345138,27.661963,1.2537435
714,1.3127441,1.3201599,ok,5,79,9,6.7189206,9.4197941,31.743464,1.3921752
715,2.4003906,2.420166,ok,7,100,7,8.3822261,10.79739,33.185157,1.7282214
716,1.1707458,1.1818695,ok,7,106,9,9.1186407,9.2884899,33.138603,1.2264851
717,1.6489258,1.6637573,ok,5,71,8,6.6857554,12.010959,30.120577,0.98189712
718,0.97271729,0.98013306,ok,6,89,9,7.5523237,7.5573669,28.221309,0.75641633
719,1.1056519,1.1112137,ok,6,92,10,8.114565,7.8771229,29.938636,1.1903534
720,1.6621094,1.6719971,ok,5,70,8,6.1145046,11.497413,33.765411,1.0403684
721,0.88098145,0.88839722,ok,5,78,9,7.0542067,7.5723243,30.336571,1.0406666
722,1.3325195,1.3424072,ok,5,76,8,6.8356138,8.213556,31.051983,0.80220401
723,1.3399353,1.351059,ok,6,85,9,7.269235,8.9626995,29.565219,0.85628778
724,1.5461349,1.5586491,ok,8,106,10,8.9343596,10.141343,30.478417,0.72258261
725,1.3457031,1.3588867,ok,5,71,7,6.1278452,9.2951872,29.946636,1.3118292
726,1.4919586,1.5003014,ok,7,93,10,8.0544221,9.8781594,28.317081,0.91075405
727,1.0908203,1.100708,ok,5,75,8,6.2941734,10.220535,27.409958,0.59649955
728,2.0444336,2.064209,ok,5,59,7,5.0710057,12.817688,28.973145,1.4500015
729,1.3654785,1.3728943,ok,6,88,9,7.2083828,10.181582,29.541511,0.72109264
730,1.0115128,1.0198555,ok,7,103,10,9.1088393,8.6447769,28.052345,0.64648574
731,1.2402344,1.2501221,ok,4,57,8,5.042799,8.7264579,30.279215,0.84723972
732,1.0029297,1.0128174,ok,5,71,8,6.5510506,8.4652821,28.756277,0.94813854
733,1.229248,1.2391357,ok,5,75,8,6.5910088,9.8540265,30.912874,1.5253356
734,1.5566406,1.5714722,ok,5,69,8,5.9545238,10.803957,27.640846,0.7180215
735,1.5368652,1.5516968,ok,6,83,8,7.002069,9.7805387,30.224196,1.1527737
736,1.4923706,1.5034943,ok,6,83,9,7.1786489,11.707598,28.912046,0.8246362
737,2.03125,2.0444336,ok,4,57,7,5.2047243,11.947076,30.080057,1.5181612
738,1.4080505,1.4191742,ok,7,93,9,7.9978794,12.250502,28.28855,0.72022756
739,1.229248,1.2391357,ok,5,72,8,6.5029259,10.160932,29.427768,1.1560074
740,1.0380859,1.0479736,ok,5,77,8,6.7718504,7.9926713,28.674636,0.98200401
741,1.6324463,1.642334,ok,6,84,8,7.4027031,11.376567,30.05967,0.29641381
742,1.3201599,1.3312836,ok,6,82,9,7.3595871,10.792095,28.20769,0.83288377
743,1.3794861,1.3906097,ok,6,90,9,7.3680537,10.929259,33.113288,0.69005591
744,1.5236816,1.5385132,ok,6,83,8,7.2346616,11.236795,30.55091,1.4079085
745,1.6357422,1.6456299,ok,6,88,8,7.3219306,10.677004,30.497961,1.4345217
746,1.1875,1.1962891,ok,3,56,7,4.7739878,8.6124546,31.78341,0.70868988
747,1.3473511,1.3584747,ok,6,85,9,7.0065791,11.836799,32.150353,0.82591193
748,0.92382812,0.93041992,ok,4,70,8,6.4384909,8.0409189,28.932539,1.5327696
749,0.97271729,0.98013306,ok,6,89,9,7.7415107,8.5305897,29.42442,1.1367475
750,1.6324463,1.6472778,ok,6,80,8,6.9016245,11.432058,29.607212,0.86432012
751,1.609375,1.6225586,ok,4,66,7,5.9412975,7.3239144,35.088453,1.3906543
752,1.4565277,1.4648705,ok,7,99,10,8.684757,8.8193683,34.034097,0.9604115
753,1.2490234,1.2589111,ok,5,75,8,6.5344121,10.185238,31.302117,1.2292741
754,1.7589264,1.7756119,ok,7,93,9,8.2556855,9.54835,30.646555,1.1226628
755,1.8862305,1.901062,ok,6,86,8,7.3434651,10.632833,29.221665,0.73884744
756,1.1435547,1.1534424,ok,5,77,8,6.6335886,8.2557309,31.190868,0.77919341
757,1.5368652,1.5479889,ok,6,87,9,7.2226116,10.705945,29.869214,1.0216827
758,1.3984375,1.4116211,ok,4,60,7,5.2042747,9.4827428,29.733077,0.56253079
759,1.5072021,1.5183258,ok,6,86,9,7.2511976,9.3692158,32.246177,1.6168376
760,0.98617554,0.99173737,ok,6,89,10,7.6690559,8.5128283,27.601417,1.1706629
761,1.6357422,1.6489258,ok,5,68,7,5.6627196,11.251057,30.28452,1.0279466
762,1.7840576,1.7988892,ok,7,95,8,8.1260737,10.7904,28.303178,0.73560923
763,1.2578125,1.2644043,ok,4,70,8,6.1317401,8.8907376,31.818795,1.1051828
764,0.84555054,0.85111237,ok,6,89,10,7.6463958,6.8756469,28.556816,1.2001192
765,1.3720703,1.381958,ok,5,76,8,6.498224,10.571925,28.840192,0.87959909
766,0.84555054,0.85111237,ok,6,90,10,7.4620196,7.990438,28.544169,1.2664728
767,1.6225586,1.6324463,ok,5,73,8,5.977646,11.258006,27.927185,0.63751832
768,1.5549927,1.5633354,ok,7,96,10,8.2415886,11.557046,28.754416,1.8348276
769,1.3794861,1.3906097,ok,6,84,9,6.9890605,9.4778196,28.553901,0.6763036
770,1.3275757,1.3386993,ok,6,84,9,7.2513692,11.310671,29.939074,1.0276491
771,1.1872253,1.198349,ok,7,104,9,9.1880888,8.9469052,28.898545,1.3047758
772,2.5108032,2.5274887,ok,7,87,9,7.5719134,14.962605,29.606033,1.1419054
773,1.2748413,1.285965,ok,6,85,9,7.2842254,9.903396,28.079155,0.67382297
774,1.5183258,1.5266685,ok,7,95,10,7.9376852,11.244059,28.922363,0.86874035
775,1.6637573,1.674881,ok,6,81,9,6.7654763,10.888824,28.743401,0.75982157
776,1.3061523,1.31604,ok,5,74,8,6.1936257,9.3480434,29.794075,0.74929811
777,1.609375,1.6225586,ok,4,60,7,5.1371412,10.586188,32.785166,0.74445444
778,1.328125,1.3413086,ok,4,61,7,4.9816014,9.2244759,30.115592,0.85588414
779,1.2797852,1.2872009,ok,5,79,9,6.803884,9.3469292,32.539003,1.033494
780,1.8862305,1.8973541,ok,6,87,9,7.1631271,11.673209,30.802143,0.68016942
781,1.100708,1.1081238,ok,6,90,9,7.455288,9.4425111,29.46964,1.2382893
782,1.0908203,1.100708,ok,5,77,8,6.6680194,7.53125,30.062961,0.74369196
783,1.4676514,1.4750671,ok,6,87,9,7.8396663,10.709607,29.283873,1.1990211
784,1.6719971,1.6868286,ok,6,77,8,6.8534489,9.0061982,32.154677,0.75244183
785,1.2841797,1.2940674,ok,5,74,8,6.4092316,10.573608,28.735313,1.1035143
786,1.3984375,1.4116211,ok,5,72,7,6.2931383,10.175641,31.648366,0.90885833
787,1.2828064,1.2939301,ok,6,88,9,7.1804677,9.3477188,29.420437,0.7708613
788,2.1037598,2.1185913,ok,6,81,8,6.7571035,11.389777,31.937502,0.72482589
789,1.7543945,1.7692261,ok,6,83,8,7.1510319,10.953491,30.989151,0.91619267
790,2.191925,2.2086105,ok,7,88,9,7.8433483,12.424691,30.799452,0.54275293
791,1.6818848,1.6967163,ok,6,76,8,6.5174976,10.971438,27.844465,0.67087598
792,1.6357422,1.6456299,ok,5,72,8,9.8736043,11.486914,32.265384,2.2826924
793,2.2817383,2.2965698,ok,6,76,8,12.604306,9.9096663,31.464665,0.55580729
794,1.3984375,1.4116211,ok,4,61,7,10.705007,8.8334729,30.14679,0.87759561
795,1.3984375,1.4116211,ok,4,61,7,10.315007,9.2640402,29.514,1.0680292
796,1.2402344,1.2468262,ok,4,66,8,10.902843,10.110434,27.085138,0.47309791
797,1.3984375,1.4116211,ok,4,61,7,10.109091,10.377617,30.660579,1.9360847
798,1.9257812,1.9406128,ok,5,67,8,11.276872,11.324968,30.837829,1.3804914
799,1.2556152,1.2667389,ok,6,83,9,15.019331,10.155157,30.598055,0.88015575
800,1.3292236,1.3366394,ok,6,86,9,15.078296,10.436073,31.890989,0.97244458
801,1.0216064,1.0290222,ok,5,78,9,13.445806,9.0310399,30.288211,0.75679985
802,1.7016602,1.7164917,ok,6,78,8,13.277088,10.773827,29.598172,0.95391347
803,1.3275757,1.3349915,ok,6,85,9,14.199566,10.461947,29.384198,0.82619114
804,1.3201599,1.3312836,ok,6,84,9,14.628451,9.7805101,31.074097,0.94244565
805,1.3105469,1.3204346,ok,5,77,8,13.722409,9.6797699,32.405211,0.7862506
806,2.6238937,2.6405792,ok,8,97,9,16.649612,15.688104,28.653773,0.8913297
807,1.1715698,1.1826935,ok,6,86,9,13.832285,10.109173,28.009882,1.0754006
808,1.8713989,1.8880844,ok,7,96,9,16.424381,10.769507,31.624147,0.85032369
809,2.8049622,2.8216476,ok,7,86,9,15.240346,13.701939,33.831362,0.972307
810,1.4379883,1.447876,ok,5,74,8,12.215713,10.926625,27.661002,0.8181289
811,1.5961914,1.6110229,ok,6,85,8,14.623259,11.072381,28.219442,1.2648737
812,1.8269043,1.8417358,ok,6,82,8,13.010713,12.675038,29.923772,1.4559439
813,1.1715698,1.1826935,ok,6,87,9,14.561576,7.7224564,29.15285,1.1691463
814,1.3654785,1.3728943,ok,6,85,9,15.19107,11.426034,27.775419,0.3544203
815,0.89086914,0.89581299,ok,5,84,9,13.881316,8.1622098,28.485519,1.0923609
816,1.4511719,1.4643555,ok,5,72,7,12.173312,11.499574,28.965538,1.2640155
817,1.5368652,1.5516968,ok,6,84,8,14.318741,9.4513495,29.465098,1.5085881
818,1.0059509,1.0115128,ok,6,93,10,16.071966,9.1076093,28.503432,0.64394918
819,2.1762695,2.1911011,ok,6,74,8,12.471852,12.329847,27.315114,1.2260775
820,1.4923706,1.5034943,ok,6,82,9,13.86766,9.7664391,30.460949,0.8802146
821,1.134491,1.1456146,ok,6,85,9,14.419339,8.397198,26.847156,1.1574886
822,1.5566406,1.5665283,ok,5,77,8,13.760486,9.7189552,30.571546,1.3227641
823,1.3325195,1.3424072,ok,5,75,8,12.895301,9.9257581,29.795363,1.2473387
824,1.0249023,1.03479,ok,5,73,8,13.726467,7.5019536,29.6504,2.2036003
825,2.0839844,2.1037598,ok,5,65,7,10.635752,12.970537,31.68665,0.93278226
826,1.1270752,1.134491,ok,5,75,9,12.672741,9.0518015,30.304107,0.87390906
827,0.82824707,0.83566284,ok,5,82,9,14.491552,7.872958,26.970057,0.92983007
828,1.3127441,1.3201599,ok,5,75,9,13.502354,9.9047705,27.974992,0.70988361
829,1.3399353,1.351059,ok,6,84,9,14.220609,9.7375992,28.878295,1.3991035
830,2.3278809,2.3427124,ok,7,93,8,14.849405,11.924479,29.415912,0.89399853
831,1.5863037,1.5974274,ok,6,93,9,14.086161,10.358647,30.098351,0.74343126
832,1.3201599,1.3312836,ok,6,89,9,13.381503,9.5710127,29.598286,0.90581965
833,1.8491516,1.8658371,ok,7,90,9,14.456507,13.244371,32.286627,0.59778987
834,1.0512695,1.0586853,ok,5,74,9,12.278479,9.6696572,27.470192,0.87180444
835,2.0576172,2.0773926,ok,5,62,7,10.984056,11.108468,29.419867,1.4418832
836,1.1962891,1.2028809,ok,4,63,8,10.780779,8.5391801,28.834015,0.78640994
837,2.6113281,2.6311035,ok,6,74,7,11.871434,15.947668,30.000141,1.4777831
838,1.5368652,1.5516968,ok,6,85,8,12.888775,10.910156,29.628248,1.1995614
839,2.3081055,2.322937,ok,6,77,8,10.590107,15.682138,30.303555,0.52132556
840,1.9257812,1.9356689,ok,5,73,8,10.579601,12.413234,28.839616,1.0058539
841,1.0908203,1.0982361,ok,5,76,9,14.431346,8.7388506,27.626729,1.2780631
