case,paper,ours_pso,grid_min,grid_min_polished,n_admissible,n_below_paper,frac_below_paper
Fig8 London 30 vopt hw/H=0.05,105.721,108.825,109.077,108.825,13762,0,0
Fig8 London 30 vopt hw/H=0.1,77.484,85.7406,85.9242,85.7406,14223,0,0
Fig8 London 30 vopt hw/H=0.2,57.43,58.6977,58.9263,58.6977,14411,0,0
Fig8 London 30 vopt hw/H=0.5,25.505,26.4145,26.4552,26.4145,14193,0,0
Fig8 Israeli 35 vopt hw/H=0.1,46.798,73.6463,74.145,73.6463,11138,0,0
Fig8 Israeli 35 vopt hw/H=0.2,33.493,38.6606,38.6935,38.6606,11013,0,0
Fig8 Israeli 35 vopt hw/H=0.5,14.878,15.4642,15.4854,15.4642,10345,0,0
Fig8 Israeli 35 vopt hw/H=1.0,8.563,8.72817,8.73533,8.72817,9116,0,0
Fig8 London 30 FE hw/H=0.05,86.891,98.5216,98.6489,98.5216,18457,0,0
Fig8 Israeli 35 FE hw/H=0.1,39.157,44.9089,44.9165,44.9089,16929,0,0
Fig8 Israeli 35 FE hw/H=0.2,27.937,22.2966,22.2989,22.2966,17521,1603,0.0914902
Fig8 Israeli 35 FE hw/H=0.5,11.775,8.63029,8.63209,8.63029,17661,1272,0.0720231
Fig8 Israeli 35 FE hw/H=1.0,7.827,6.33645,6.34102,6.33645,16716,453,0.0270998
Fig9 a=1 b=35 vopt,2.635,2.67684,2.6779,2.67684,10425,0,0
Fig9 a=5 b=35 vopt,4.1971,4.33945,4.34251,4.33945,6849,0,0
Fig9 a=10 b=35 vopt,4.8437,4.99392,4.99852,4.99392,6293,0,0
Fig9 a=1 b=45 vopt,1.8875,1.90448,1.90467,1.90448,16970,0,0
