case,beta,hw_over_H,curve,n_cell,ours_exact,Gamma_emulated,Gamma_exact_at_emulated,bias,paper,observed,status
Fig8 London 30,30,0.05,vopt,25,10.8825,10.62,10.9424,-0.0241214,10.5721,-0.0285229,vertex
Fig8 London 30,30,0.05,vopt,50,10.8825,10.7798,10.8867,-0.0094349,10.5721,-0.0285229,vertex
Fig8 London 30,30,0.05,FE,25,9.85216,9.69321,9.87517,-0.0161334,8.6891,-0.118051,vertex
Fig8 London 30,30,0.05,FE,50,9.85216,9.77832,9.85255,-0.00749497,8.6891,-0.118051,vertex
Fig8 London 30,30,0.1,vopt,25,8.57406,8.32601,8.57626,-0.0289306,7.7484,-0.0962974,vertex
Fig8 London 30,30,0.1,vopt,50,8.57406,8.49792,8.57675,-0.00888031,7.7484,-0.0962974,vertex
Fig8 London 30,30,0.1,FE,25,6.62705,6.49361,6.62745,-0.0201355,6.516,-0.0167571,vertex
Fig8 London 30,30,0.1,FE,50,6.62705,6.58678,6.62875,-0.00607679,6.516,-0.0167571,vertex
Fig8 London 30,30,0.2,vopt,25,5.86977,5.73623,5.87501,-0.0227504,5.743,-0.0215971,vertex
Fig8 London 30,30,0.2,vopt,50,5.86977,5.81346,5.87461,-0.00959368,5.743,-0.0215971,vertex
Fig8 London 30,30,0.2,FE,25,3.72089,3.68692,3.95226,-0.00912958,3.7241,0.000862697,vertex
Fig8 London 30,30,0.2,FE,50,3.72089,3.70154,3.72176,-0.00519939,3.7241,0.000862697,vertex
Fig8 London 30,30,0.3,vopt,25,4.32382,4.05979,4.44629,-0.0610639,4.0818,-0.0559737,vertex
Fig8 London 30,30,0.3,vopt,50,4.32382,4.27217,4.41477,-0.0119465,4.0818,-0.0559737,vertex
Fig8 London 30,30,0.3,FE,25,2.50291,2.46577,2.50841,-0.014837,2.4861,-0.00671618,vertex
Fig8 London 30,30,0.3,FE,50,2.50291,2.49338,2.5032,-0.00380944,2.4861,-0.00671618,vertex
Fig8 London 30,30,0.5,vopt,25,2.64145,2.52189,2.65246,-0.0452634,2.5505,-0.0344318,vertex
Fig8 London 30,30,0.5,vopt,50,2.64145,2.60684,2.64707,-0.0131018,2.5505,-0.0344318,vertex
Fig8 London 30,30,0.5,FE,25,1.51316,1.4894,1.5184,-0.0157054,1.5204,0.00478469,vertex
Fig8 London 30,30,0.5,FE,50,1.51316,1.50804,1.5138,-0.00338393,1.5204,0.00478469,vertex
Fig8 London 30,30,0.7,vopt,25,1.88675,1.83798,1.89033,-0.025847,1.8472,-0.020962,vertex
Fig8 London 30,30,0.7,vopt,50,1.88675,1.87202,1.8888,-0.00780491,1.8472,-0.020962,vertex
Fig8 London 30,30,0.7,FE,25,1.15556,1.14296,1.15684,-0.0109054,1.1623,0.00583267,vertex
Fig8 London 30,30,0.7,FE,50,1.15556,1.15067,1.15586,-0.00423328,1.1623,0.00583267,vertex
Fig8 London 30,30,1,vopt,25,1.46072,1.44456,1.48135,-0.0110649,1.4521,-0.0059012,vertex
Fig8 London 30,30,1,vopt,50,1.46072,1.44792,1.46189,-0.00876089,1.4521,-0.0059012,vertex
Fig8 London 30,30,1,FE,25,1.08076,1.06899,1.08155,-0.0108948,1.0769,-0.00357156,vertex
Fig8 London 30,30,1,FE,50,1.08076,1.07483,1.0819,-0.00548783,1.0769,-0.00357156,vertex
Fig8 London 60,60,0.05,vopt,25,1.50555,1.50466,1.50579,-0.000594214,1.5034,-0.00142805,vertex
Fig8 London 60,60,0.05,vopt,50,1.50555,1.5053,1.50555,-0.000166405,1.5034,-0.00142805,vertex
Fig8 London 60,60,0.05,FE,25,1.49008,1.48969,1.49018,-0.000258881,1.4896,-0.00032213,vertex
Fig8 London 60,60,0.05,FE,50,1.49008,1.49067,1.49036,0.000395583,1.4896,-0.00032213,vertex
Fig8 London 60,60,0.1,vopt,25,1.30862,1.30638,1.30878,-0.00171254,1.3069,-0.00131436,vertex
Fig8 London 60,60,0.1,vopt,50,1.30862,1.30765,1.30875,-0.000737514,1.3069,-0.00131436,vertex
Fig8 London 60,60,0.1,FE,25,1.27227,1.2724,1.27247,0.00010312,1.2755,0.00253877,vertex
Fig8 London 60,60,0.1,FE,50,1.27227,1.2706,1.27237,-0.00131301,1.2755,0.00253877,vertex
Fig8 London 60,60,0.2,vopt,25,1.07178,1.06874,1.07385,-0.00283591,1.0683,-0.00324694,vertex
Fig8 London 60,60,0.2,vopt,50,1.07178,1.07151,1.07252,-0.00024753,1.0683,-0.00324694,vertex
Fig8 London 60,60,0.2,FE,25,0.992059,0.987326,0.992217,-0.004771,0.9909,-0.00116828,vertex
Fig8 London 60,60,0.2,FE,50,0.992059,0.991268,0.992063,-0.000797521,0.9909,-0.00116828,vertex
Fig8 London 60,60,0.3,vopt,25,0.948436,0.94354,0.94926,-0.005162,0.9481,-0.000354267,vertex
Fig8 London 60,60,0.3,vopt,50,0.948436,0.947012,0.948852,-0.00150171,0.9481,-0.000354267,vertex
Fig8 London 60,60,0.3,FE,25,0.824584,0.822286,0.825205,-0.002787,0.8279,0.00402142,vertex
Fig8 London 60,60,0.3,FE,50,0.824584,0.823696,0.824889,-0.00107637,0.8279,0.00402142,vertex
Fig8 London 60,60,0.5,vopt,25,0.867353,0.863886,0.868693,-0.00399718,0.8625,-0.00559518,vertex
Fig8 London 60,60,0.5,vopt,50,0.867353,0.864815,0.86746,-0.00292657,0.8625,-0.00559518,vertex
Fig8 London 60,60,0.5,FE,25,0.643405,0.639063,0.643712,-0.00674775,0.6434,-7.77116e-06,vertex
Fig8 London 60,60,0.5,FE,50,0.643405,0.641712,0.643723,-0.00263101,0.6434,-7.77116e-06,vertex
Fig8 London 60,60,0.7,vopt,25,0.834931,0.828034,0.835979,-0.00826079,0.8307,-0.00506748,vertex
Fig8 London 60,60,0.7,vopt,50,0.834931,0.833597,0.835199,-0.00159822,0.8307,-0.00506748,vertex
Fig8 London 60,60,0.7,FE,25,0.561671,0.55608,0.561682,-0.00995342,0.5632,0.00272223,vertex
Fig8 London 60,60,0.7,FE,50,0.561671,0.559837,0.561883,-0.00326497,0.5632,0.00272223,vertex
Fig8 London 60,60,1,vopt,25,0.812707,0.81101,0.818497,-0.0020882,0.8045,-0.0100984,vertex
Fig8 London 60,60,1,vopt,50,0.812707,0.812487,0.813768,-0.000270683,0.8045,-0.0100984,vertex
Fig8 London 60,60,1,FE,25,0.545392,0.540081,0.545727,-0.00973735,0.5412,-0.00768621,vertex
Fig8 London 60,60,1,FE,50,0.545392,0.542339,0.545747,-0.00559804,0.5412,-0.00768621,vertex
Fig8 Israeli 35,35,0.05,vopt,25,11.1656,4.4288,35.5001,-0.603353,10.3594,-0.0722059,extrapolated
Fig8 Israeli 35,35,0.05,vopt,50,11.1656,8.2255,16.2297,-0.263317,10.3594,-0.0722059,extrapolated
Fig8 Israeli 35,35,0.05,FE,25,9.00651,3.76968,43.5916,-0.58145,9.47618,0.0521477,extrapolated
Fig8 Israeli 35,35,0.05,FE,50,9.00651,5.52263,14.5644,-0.386818,9.47618,0.0521477,extrapolated
Fig8 Israeli 35,35,0.1,vopt,25,7.36463,4.04283,8.57891,-0.451047,4.6798,-0.364557,vertex
Fig8 Israeli 35,35,0.1,vopt,50,7.36463,6.464,7.90571,-0.122291,4.6798,-0.364557,vertex
Fig8 Israeli 35,35,0.1,FE,25,4.49089,2.88265,6.20802,-0.358111,3.9157,-0.128079,vertex
Fig8 Israeli 35,35,0.1,FE,50,4.49089,4.21064,4.52395,-0.0624035,3.9157,-0.128079,vertex
Fig8 Israeli 35,35,0.2,vopt,25,3.86606,3.21626,3.93468,-0.168077,3.3493,-0.133666,vertex
Fig8 Israeli 35,35,0.2,vopt,50,3.86606,3.60255,3.88098,-0.0681604,3.3493,-0.133666,vertex
Fig8 Israeli 35,35,0.2,FE,25,2.22966,2.09781,2.2401,-0.0591367,2.7937,0.252971,vertex
Fig8 Israeli 35,35,0.2,FE,50,2.22966,2.1761,2.23923,-0.0240236,2.7937,0.252971,vertex
Fig8 Israeli 35,35,0.3,vopt,25,2.57737,2.26514,2.59538,-0.121142,2.4151,-0.0629595,vertex
Fig8 Israeli 35,35,0.3,vopt,50,2.57737,2.48841,2.6053,-0.0345172,2.4151,-0.0629595,vertex
Fig8 Israeli 35,35,0.3,FE,25,1.47253,1.40711,1.47764,-0.0444242,1.9281,0.309379,vertex
Fig8 Israeli 35,35,0.3,FE,50,1.47253,1.45701,1.47347,-0.0105407,1.9281,0.309379,vertex
Fig8 Israeli 35,35,0.5,vopt,25,1.54642,1.46105,1.54784,-0.0552044,1.4878,-0.0379069,vertex
Fig8 Israeli 35,35,0.5,vopt,50,1.54642,1.51232,1.54807,-0.0220488,1.4878,-0.0379069,vertex
Fig8 Israeli 35,35,0.5,FE,25,0.863029,0.848951,0.863739,-0.016312,1.1775,0.364381,vertex
Fig8 Israeli 35,35,0.5,FE,50,0.863029,0.857579,0.863798,-0.0063148,1.1775,0.364381,vertex
Fig8 Israeli 35,35,0.7,vopt,25,1.10459,1.06516,1.10535,-0.0356931,1.0862,-0.0166487,vertex
Fig8 Israeli 35,35,0.7,vopt,50,1.10459,1.09108,1.10486,-0.0122304,1.0862,-0.0166487,vertex
Fig8 Israeli 35,35,0.7,FE,25,0.654008,0.643115,0.654989,-0.0166555,0.8394,0.283471,vertex
Fig8 Israeli 35,35,0.7,FE,50,0.654008,0.650701,0.654224,-0.00505648,0.8394,0.283471,vertex
Fig8 Israeli 35,35,1,vopt,25,0.872817,0.844284,0.873342,-0.0326906,0.8563,-0.0189238,vertex
Fig8 Israeli 35,35,1,vopt,50,0.872817,0.861631,0.872987,-0.0128158,0.8563,-0.0189238,vertex
Fig8 Israeli 35,35,1,FE,25,0.633645,0.617402,0.634506,-0.0256336,0.7827,0.235234,vertex
Fig8 Israeli 35,35,1,FE,50,0.633645,0.627722,0.633777,-0.00934789,0.7827,0.235234,vertex
Fig8 Israeli 60,60,0.05,vopt,25,1.03603,1.03529,1.03657,-0.0007113,1.0319,-0.00398637,vertex
Fig8 Israeli 60,60,0.05,vopt,50,1.03603,1.03579,1.03614,-0.00023355,1.0319,-0.00398637,vertex
Fig8 Israeli 60,60,0.05,FE,25,1.02011,1.02005,1.02046,-5.42955e-05,1.0177,-0.00236249,vertex
Fig8 Israeli 60,60,0.05,FE,50,1.02011,1.02087,1.02017,0.00074101,1.0177,-0.00236249,vertex
Fig8 Israeli 60,60,0.1,vopt,25,0.872174,0.870488,0.873433,-0.00193351,0.8686,-0.00409781,vertex
Fig8 Israeli 60,60,0.1,vopt,50,0.872174,0.871497,0.872299,-0.000776511,0.8686,-0.00409781,vertex
Fig8 Israeli 60,60,0.1,FE,25,0.837221,0.839433,0.837338,0.00264224,0.8394,0.00260266,vertex
Fig8 Israeli 60,60,0.1,FE,50,0.837221,0.835973,0.837391,-0.0014906,0.8394,0.00260266,vertex
Fig8 Israeli 60,60,0.2,vopt,25,0.692533,0.689582,0.693968,-0.00426062,0.6905,-0.0029356,vertex
Fig8 Israeli 60,60,0.2,vopt,50,0.692533,0.691663,0.692582,-0.00125682,0.6905,-0.0029356,vertex
Fig8 Israeli 60,60,0.2,FE,25,0.621378,0.616924,0.621416,-0.00716807,0.6197,-0.00270045,vertex
Fig8 Israeli 60,60,0.2,FE,50,0.621378,0.620918,0.62169,-0.000739882,0.6197,-0.00270045,vertex
Fig8 Israeli 60,60,0.3,vopt,25,0.609701,0.604809,0.610454,-0.00802367,0.6077,-0.00328194,vertex
Fig8 Israeli 60,60,0.3,vopt,50,0.609701,0.608811,0.61038,-0.00145907,0.6077,-0.00328194,vertex
Fig8 Israeli 60,60,0.3,FE,25,0.502155,0.499171,0.503143,-0.00594326,0.5035,0.00267846,vertex
Fig8 Israeli 60,60,0.3,FE,50,0.502155,0.501157,0.502336,-0.00198772,0.5035,0.00267846,vertex
Fig8 Israeli 60,60,0.5,vopt,25,0.548158,0.545084,0.548265,-0.00560748,0.5438,-0.00795026,vertex
Fig8 Israeli 60,60,0.5,vopt,50,0.548158,0.54626,0.548443,-0.00346272,0.5438,-0.00795026,vertex
Fig8 Israeli 60,60,0.5,FE,25,0.381111,0.37735,0.381597,-0.00986858,0.3805,-0.00160321,vertex
Fig8 Israeli 60,60,0.5,FE,50,0.381111,0.379839,0.381151,-0.00333857,0.3805,-0.00160321,vertex
Fig8 Israeli 60,60,0.7,vopt,25,0.510438,0.506577,0.511044,-0.0075642,0.5064,-0.00791085,vertex
Fig8 Israeli 60,60,0.7,vopt,50,0.510438,0.509117,0.510509,-0.00258758,0.5064,-0.00791085,vertex
Fig8 Israeli 60,60,0.7,FE,25,0.330335,0.325775,0.330549,-0.0138043,0.3293,-0.00313318,vertex
Fig8 Israeli 60,60,0.7,FE,50,0.330335,0.329097,0.33082,-0.00374822,0.3293,-0.00313318,vertex
Fig8 Israeli 60,60,1,vopt,25,0.482789,0.478242,0.485273,-0.00941734,0.4788,-0.00826241,vertex
Fig8 Israeli 60,60,1,vopt,50,0.482789,0.481915,0.483534,-0.00180976,0.4788,-0.00826241,vertex
Fig8 Israeli 60,60,1,FE,25,0.327083,0.321362,0.327161,-0.0174921,0.3235,-0.0109544,vertex
Fig8 Israeli 60,60,1,FE,50,0.327083,0.325333,0.328076,-0.00534977,0.3235,-0.0109544,vertex
Fig9 a=1,30,1,vopt,25,3.57876,3.47939,3.58449,-0.0277659,3.4895,-0.0249416,vertex
Fig9 a=1,30,1,vopt,50,3.57876,3.53921,3.58277,-0.0110503,3.4895,-0.0249416,vertex
Fig9 a=1,30,1,FE,25,2.33281,2.30199,2.33857,-0.013212,2.3216,-0.00480536,vertex
Fig9 a=1,30,1,FE,50,2.33281,2.31884,2.33323,-0.0059906,2.3216,-0.00480536,vertex
Fig9 a=1,35,1,vopt,25,2.67684,2.59736,2.67814,-0.0296911,2.635,-0.0156304,vertex
Fig9 a=1,35,1,vopt,50,2.67684,2.64673,2.67738,-0.0112477,2.635,-0.0156304,vertex
Fig9 a=1,35,1,FE,25,1.82921,1.78883,1.8303,-0.0220774,1.8088,-0.0111578,vertex
Fig9 a=1,35,1,FE,50,1.82921,1.81517,1.82997,-0.00767508,1.8088,-0.0111578,vertex
Fig9 a=1,40,1,vopt,25,2.20044,2.1347,2.20078,-0.0298769,2.1728,-0.0125611,vertex
Fig9 a=1,40,1,vopt,50,2.20044,2.17935,2.20061,-0.00958274,2.1728,-0.0125611,vertex
Fig9 a=1,40,1,FE,25,1.52958,1.50749,1.53111,-0.0144407,1.5131,-0.0107742,vertex
Fig9 a=1,40,1,FE,50,1.52958,1.51903,1.53056,-0.00689462,1.5131,-0.0107742,vertex
Fig9 a=1,45,1,vopt,25,1.90448,1.71638,1.91677,-0.0987667,1.8875,-0.00891582,vertex
Fig9 a=1,45,1,vopt,50,1.90448,1.81345,1.90462,-0.047797,1.8875,-0.00891582,vertex
Fig9 a=1,45,1,FE,25,1.32617,1.22696,1.32963,-0.0748121,1.3124,-0.0103833,vertex
Fig9 a=1,45,1,FE,50,1.32617,1.27825,1.32627,-0.0361322,1.3124,-0.0103833,vertex
Fig9 a=1,50,1,vopt,25,1.70067,1.69501,1.70328,-0.00332979,1.6805,-0.01186,vertex
Fig9 a=1,50,1,vopt,50,1.70067,1.69668,1.70325,-0.0023456,1.6805,-0.01186,vertex
Fig9 a=1,50,1,FE,25,1.1753,1.14762,1.18169,-0.0235516,1.1678,-0.00638135,vertex
Fig9 a=1,50,1,FE,50,1.1753,1.16437,1.17555,-0.00929838,1.1678,-0.00638135,vertex
Fig9 a=1,60,1,vopt,25,1.42889,1.42093,1.43364,-0.00557031,1.4228,-0.00426205,vertex
Fig9 a=1,60,1,vopt,50,1.42889,1.42532,1.42992,-0.00249962,1.4228,-0.00426205,vertex
Fig9 a=1,60,1,FE,25,0.957044,0.943537,0.958523,-0.0141127,0.9557,-0.00140432,vertex
Fig9 a=1,60,1,FE,50,0.957044,0.949713,0.957636,-0.00766038,0.9557,-0.00140432,vertex
Fig9 a=1,75,1,vopt,25,1.02512,1.01712,1.02519,-0.00780393,1.0233,-0.0017754,vertex
Fig9 a=1,75,1,vopt,50,1.02512,1.02308,1.02539,-0.00198646,1.0233,-0.0017754,vertex
Fig9 a=1,75,1,FE,25,0.728085,0.719889,0.730051,-0.0112564,0.7202,-0.0108298,vertex
Fig9 a=1,75,1,FE,50,0.728085,0.726568,0.728162,-0.00208307,0.7202,-0.0108298,vertex
Fig9 a=1,90,1,vopt,25,0.601432,0.59645,0.602359,-0.00828438,0.6046,0.00526743,vertex
Fig9 a=1,90,1,vopt,50,0.601432,0.599745,0.602038,-0.00280477,0.6046,0.00526743,vertex
Fig9 a=1,90,1,FE,25,0.551249,0.549227,0.557361,-0.00366873,0.5548,0.00644174,vertex
Fig9 a=1,90,1,FE,50,0.551249,0.551161,0.551617,-0.00016051,0.5548,0.00644174,vertex
Fig9 a=5,30,1,vopt,25,6.84809,6.48576,6.85917,-0.0529101,6.8712,0.00337466,vertex
Fig9 a=5,30,1,vopt,50,6.84809,6.69766,6.84817,-0.0219673,6.8712,0.00337466,vertex
Fig9 a=5,30,1,FE,25,3.78592,3.71105,3.79719,-0.0197749,3.7565,-0.0077709,vertex
Fig9 a=5,30,1,FE,50,3.78592,3.73656,3.78721,-0.013037,3.7565,-0.0077709,vertex
Fig9 a=5,35,1,vopt,25,4.33945,4.11349,4.34599,-0.0520702,4.1971,-0.0328037,vertex
Fig9 a=5,35,1,vopt,50,4.33945,4.26853,4.34418,-0.016344,4.1971,-0.0328037,vertex
Fig9 a=5,35,1,FE,25,2.78186,2.70558,2.78321,-0.0274218,2.7504,-0.011309,vertex
Fig9 a=5,35,1,FE,50,2.78186,2.74883,2.782,-0.0118719,2.7504,-0.011309,vertex
Fig9 a=5,40,1,vopt,25,3.27541,3.10031,3.28446,-0.0534597,3.2099,-0.0200005,vertex
Fig9 a=5,40,1,vopt,50,3.27541,3.21328,3.27713,-0.0189701,3.2099,-0.0200005,vertex
Fig9 a=5,40,1,FE,25,2.21741,2.17254,2.22097,-0.0202358,2.2124,-0.00225939,vertex
Fig9 a=5,40,1,FE,50,2.21741,2.19944,2.22086,-0.00810574,2.2124,-0.00225939,vertex
Fig9 a=5,45,1,vopt,25,2.68289,2.362,2.70718,-0.119607,2.6547,-0.0105073,vertex
Fig9 a=5,45,1,vopt,50,2.68289,2.51536,2.68801,-0.0624446,2.6547,-0.0105073,vertex
Fig9 a=5,45,1,FE,25,1.84647,1.73492,1.84995,-0.0604135,1.8366,-0.00534533,vertex
Fig9 a=5,45,1,FE,50,1.84647,1.79044,1.84744,-0.0303469,1.8366,-0.00534533,vertex
Fig9 a=5,50,1,vopt,25,2.29508,2.31712,2.30725,0.00960404,2.2728,-0.00970772,vertex
Fig9 a=5,50,1,vopt,50,2.29508,2.30168,2.29545,0.0028745,2.2728,-0.00970772,vertex
Fig9 a=5,50,1,FE,25,1.57851,1.54486,1.58522,-0.0213202,1.5716,-0.00437755,vertex
Fig9 a=5,50,1,FE,50,1.57851,1.56502,1.57987,-0.00854432,1.5716,-0.00437755,vertex
Fig9 a=5,60,1,vopt,25,1.78016,1.7773,1.78164,-0.00160488,1.7665,-0.00767347,vertex
Fig9 a=5,60,1,vopt,50,1.78016,1.78119,1.78027,0.000576128,1.7665,-0.00767347,vertex
Fig9 a=5,60,1,FE,25,1.20692,1.19001,1.21154,-0.0140113,1.1977,-0.00763928,vertex
Fig9 a=5,60,1,FE,50,1.20692,1.20066,1.20762,-0.00518572,1.1977,-0.00763928,vertex
Fig9 a=5,75,1,vopt,25,1.21626,1.21277,1.21686,-0.00287032,1.207,-0.0076135,vertex
Fig9 a=5,75,1,vopt,50,1.21626,1.21556,1.21661,-0.000579584,1.207,-0.0076135,vertex
Fig9 a=5,75,1,FE,25,0.850744,0.84132,0.850972,-0.0110768,0.8429,-0.00922016,vertex
Fig9 a=5,75,1,FE,50,0.850744,0.848287,0.850926,-0.00288769,0.8429,-0.00922016,vertex
Fig9 a=5,90,1,vopt,25,0.735717,0.732591,0.736665,-0.00424949,0.7348,-0.0012464,vertex
Fig9 a=5,90,1,vopt,50,0.735717,0.734159,0.735787,-0.00211786,0.7348,-0.0012464,vertex
Fig9 a=5,90,1,FE,25,0.607938,0.606092,0.608342,-0.00303661,0.6088,0.00141791,vertex
Fig9 a=5,90,1,FE,50,0.607938,0.606761,0.608063,-0.00193614,0.6088,0.00141791,vertex
Fig9 a=10,30,1,vopt,25,8.80687,8.22099,8.82223,-0.0665256,nan,nan,none
Fig9 a=10,30,1,vopt,50,8.80687,8.56775,8.817,-0.0271512,nan,nan,none
Fig9 a=10,30,1,FE,25,4.69396,5.13592,5.313,0.0941541,5.1758,0.102651,vertex
Fig9 a=10,30,1,FE,50,4.69396,5.19804,5.28505,0.107389,5.1758,0.102651,vertex
Fig9 a=10,35,1,vopt,25,4.99392,4.68773,5.0027,-0.0613116,4.8437,-0.0300806,vertex
Fig9 a=10,35,1,vopt,50,4.99392,4.90091,4.99701,-0.0186248,4.8437,-0.0300806,vertex
Fig9 a=10,35,1,FE,25,3.53505,3.42438,3.53959,-0.0313063,3.4782,-0.0160818,vertex
Fig9 a=10,35,1,FE,50,3.53505,3.4931,3.53876,-0.0118672,3.4782,-0.0160818,vertex
Fig9 a=10,40,1,vopt,25,3.61753,3.40211,3.63051,-0.0595486,3.5397,-0.0215147,vertex
Fig9 a=10,40,1,vopt,50,3.61753,3.5375,3.62082,-0.0221219,3.5397,-0.0215147,vertex
Fig9 a=10,40,1,FE,25,2.66091,2.60717,2.67926,-0.0201951,2.6326,-0.0106392,vertex
Fig9 a=10,40,1,FE,50,2.66091,2.63307,2.66291,-0.0104643,2.6326,-0.0106392,vertex
Fig9 a=10,45,1,vopt,25,2.89742,2.52739,2.89808,-0.12771,2.8659,-0.0108786,vertex
Fig9 a=10,45,1,vopt,50,2.89742,2.70392,2.89769,-0.0667818,2.8659,-0.0108786,vertex
Fig9 a=10,45,1,FE,25,2.12933,2.01291,2.14096,-0.0546728,2.1013,-0.0131638,vertex
Fig9 a=10,45,1,FE,50,2.12933,2.07259,2.13211,-0.0266454,2.1013,-0.0131638,vertex
Fig9 a=10,50,1,vopt,25,2.43736,2.45923,2.44214,0.00897234,2.4149,-0.00921489,vertex
Fig9 a=10,50,1,vopt,50,2.43736,2.4468,2.43763,0.00387458,2.4149,-0.00921489,vertex
Fig9 a=10,50,1,FE,25,1.76794,1.73041,1.76987,-0.0212253,1.7663,-0.000927633,vertex
Fig9 a=10,50,1,FE,50,1.76794,1.75185,1.76821,-0.0091021,1.7663,-0.000927633,vertex
Fig9 a=10,60,1,vopt,25,1.83335,1.83497,1.83339,0.000884428,1.8231,-0.00559086,vertex
Fig9 a=10,60,1,vopt,50,1.83335,1.83644,1.83564,0.00168805,1.8231,-0.00559086,vertex
Fig9 a=10,60,1,FE,25,1.30015,1.28154,1.30111,-0.0143134,1.2883,-0.00911433,vertex
Fig9 a=10,60,1,FE,50,1.30015,1.29472,1.30375,-0.00417438,1.2883,-0.00911433,vertex
Fig9 a=10,75,1,vopt,25,1.22261,1.2192,1.223,-0.0027904,1.2135,-0.00745127,vertex
Fig9 a=10,75,1,vopt,50,1.22261,1.22184,1.22281,-0.000628495,1.2135,-0.00745127,vertex
Fig9 a=10,75,1,FE,25,0.887586,0.879908,0.889077,-0.0086508,0.879,-0.00967343,vertex
Fig9 a=10,75,1,FE,50,0.887586,0.885707,0.888077,-0.00211747,0.879,-0.00967343,vertex
Fig9 a=10,90,1,vopt,25,0.780274,0.775474,0.780494,-0.00615162,0.7778,-0.00317068,vertex
Fig9 a=10,90,1,vopt,50,0.780274,0.778496,0.780833,-0.00227883,0.7778,-0.00317068,vertex
Fig9 a=10,90,1,FE,25,0.623498,0.621481,0.623593,-0.00323511,0.624,0.000805135,vertex
Fig9 a=10,90,1,FE,50,0.623498,0.622239,0.623648,-0.00201959,0.624,0.000805135,vertex
