soil,beta,curve,hw_over_H,ours_x_hw,paper_x_hw,rel,mechanism,s,B_over_Rw,L_over_H
London,30,vopt,0.1,8.57406,7.7484,0.106559,I,1,10,0.231134
London,30,vopt,0.2,11.7395,11.486,0.0220738,I,1,5,0.215948
London,30,vopt,0.3,12.9715,12.2454,0.0592925,I,1,3.33333,0.187705
London,30,vopt,0.4,13.2073,12.658,0.0433939,I,0.566448,1.41612,0.0335613
London,30,vopt,0.5,13.2073,12.7525,0.0356597,I,0.70806,1.41612,0.0419516
London,30,vopt,0.6,13.2073,12.8274,0.0296132,I,0.849672,1.41612,0.050342
London,30,vopt,0.7,13.2072,12.9304,0.0214108,I,0.991284,1.41612,0.0587323
London,30,vopt,0.8,13.2989,13.048,0.0192275,I,1,1.25,0.0391915
London,30,vopt,0.9,13.6948,13.4982,0.0145619,I,1,1.11111,0.0245432
London,30,vopt,1,14.6072,14.521,0.00593623,I,1,1,0.0174093
London,30,FE,0.1,6.62705,6.516,0.0170427,I,1,10,0.238339
London,30,FE,0.2,7.44178,7.4482,-0.000861953,I,1,5,0.302358
London,30,FE,0.3,7.50873,7.4583,0.00676159,I,1,3.33333,0.322301
London,30,FE,0.4,7.5032,7.4524,0.0068166,I,1,2.5,0.317171
London,30,FE,0.5,7.5658,7.602,-0.0047619,I,1,2,0.297539
London,30,FE,0.6,7.74726,7.8144,-0.00859183,I,1,1.66667,0.270661
London,30,FE,0.7,8.08892,8.1361,-0.00579885,I,1,1.42857,0.24238
London,30,FE,0.8,8.6476,8.7112,-0.00730095,I,1,1.25,0.217853
London,30,FE,0.9,9.51246,9.4923,0.00212383,I,1,1.11111,0.201852
London,30,FE,1,10.8076,10.769,0.00358436,I,1,1,0.198259
London,60,vopt,0.1,1.30862,1.3069,0.00131609,I,1,10,0.409985
London,60,vopt,0.2,2.14356,2.1366,0.00325751,I,1,5,0.472673
London,60,vopt,0.3,2.84531,2.8443,0.000354393,I,1,3.33333,0.522711
London,60,vopt,0.4,3.55699,3.5544,0.000728112,I,1,2.5,0.5697
London,60,vopt,0.5,4.33676,4.3125,0.00562667,I,1,2,0.509526
London,60,vopt,0.6,5.09464,5.082,0.0024876,I,1,1.66667,0.441539
London,60,vopt,0.7,5.84452,5.8149,0.00509329,I,1,1.42857,0.357413
London,60,vopt,0.8,6.57875,6.5176,0.00938259,I,1,1.25,0.265739
London,60,vopt,0.9,7.31553,7.245,0.0097354,I,1,1.11111,0.182633
London,60,vopt,1,8.12707,8.045,0.0102014,I,1,1,0.123593
London,60,FE,0.1,1.27227,1.2755,-0.00253234,I,1,10,0.400405
London,60,FE,0.2,1.98412,1.9818,0.00116964,I,1,5,0.437594
London,60,FE,0.3,2.47375,2.4837,-0.00400531,I,1,3.33333,0.449784
London,60,FE,0.4,2.86544,2.8652,8.37638e-05,I,1,2.5,0.44788
London,60,FE,0.5,3.21703,3.217,7.77122e-06,I,1,2,0.43759
London,60,FE,0.6,3.56333,3.5712,-0.0022043,I,1,1.66667,0.422801
London,60,FE,0.7,3.9317,3.9424,-0.00271484,I,1,1.42857,0.406642
London,60,FE,0.8,4.34922,4.3616,-0.00283933,I,1,1.25,0.392025
London,60,FE,0.9,4.84649,4.8366,0.00204503,I,1,1.11111,0.381709
London,60,FE,1,5.45392,5.412,0.00774575,I,1,1,0.378036
Israeli,35,vopt,0.1,7.36463,4.6798,0.573706,I,1,10,0.145
Israeli,35,vopt,0.2,7.73212,6.6986,0.154289,I,0.276755,1.38377,0.00686402
Israeli,35,vopt,0.3,7.73211,7.2453,0.0671898,I,0.415132,1.38377,0.010296
Israeli,35,vopt,0.4,7.73212,7.5028,0.0305646,I,0.553509,1.38377,0.013728
Israeli,35,vopt,0.5,7.7321,7.439,0.0394005,I,0.691886,1.38377,0.01716
Israeli,35,vopt,0.6,7.73214,7.6314,0.0132007,I,0.830263,1.38377,0.0205921
Israeli,35,vopt,0.7,7.73213,7.6034,0.0169306,I,0.968641,1.38377,0.0240241
Israeli,35,vopt,0.8,7.78841,7.5696,0.0289062,I,1,1.25,0.0147002
Israeli,35,vopt,0.9,8.07564,7.9263,0.0188407,I,1,1.11111,0.00675486
Israeli,35,vopt,1,8.72817,8.563,0.0192888,I,1,1,0.00369279
Israeli,35,FE,0.1,4.49089,3.9157,0.146893,I,0.214067,2.14067,0.0468287
Israeli,35,FE,0.2,4.45932,5.5874,-0.201897,I,0.434885,2.17442,0.0960303
Israeli,35,FE,0.3,4.41759,5.7843,-0.236279,I,0.67102,2.23673,0.150272
Israeli,35,FE,0.4,4.35212,5.7204,-0.239193,I,1,2.5,0.232131
Israeli,35,FE,0.5,4.31515,5.8875,-0.267067,I,1,2,0.212935
Israeli,35,FE,0.6,4.38617,5.8596,-0.251456,I,1,1.66667,0.187874
Israeli,35,FE,0.7,4.57806,5.8758,-0.220863,I,1,1.42857,0.162171
Israeli,35,FE,0.8,4.92357,6.2728,-0.215092,I,1,1.25,0.140547
Israeli,35,FE,0.9,5.4824,6.7293,-0.185294,I,1,1.11111,0.127318
Israeli,35,FE,1,6.33645,7.827,-0.190437,I,1,1,0.125471
Israeli,60,vopt,0.1,0.872174,0.8686,0.00411467,I,1,10,0.324983
Israeli,60,vopt,0.2,1.38507,1.381,0.00294424,I,1,5,0.388014
Israeli,60,vopt,0.3,1.8291,1.8231,0.00329274,I,1,3.33333,0.437445
Israeli,60,vopt,0.4,2.2945,2.2864,0.00354444,I,1,2.5,0.409599
Israeli,60,vopt,0.5,2.74079,2.719,0.00801398,I,1,2,0.354517
Israeli,60,vopt,0.6,3.16984,3.1548,0.00476607,I,1,1.66667,0.281168
Israeli,60,vopt,0.7,3.57307,3.5448,0.00797393,I,1,1.42857,0.19811
Israeli,60,vopt,0.8,3.95577,3.9128,0.0109814,I,1,1.25,0.122008
Israeli,60,vopt,0.9,4.35281,4.3146,0.00885482,I,1,1.11111,0.0688717
Israeli,60,vopt,1,4.82789,4.788,0.00833124,I,1,1,0.0405124
Israeli,60,FE,0.1,0.837221,0.8394,-0.0025959,I,1,10,0.314902
Israeli,60,FE,0.2,1.24276,1.2394,0.00270776,I,1,5,0.351848
Israeli,60,FE,0.3,1.50647,1.5105,-0.0026713,I,1,3.33333,0.362914
Israeli,60,FE,0.4,1.71525,1.712,0.00189953,I,1,2.5,0.359436
Israeli,60,FE,0.5,1.90556,1.9025,0.00160578,I,1,2,0.347357
Israeli,60,FE,0.6,2.09876,2.0916,0.00342226,I,1,1.66667,0.330787
Israeli,60,FE,0.7,2.31234,2.3051,0.00314303,I,1,1.42857,0.31313
Israeli,60,FE,0.8,2.5647,2.5592,0.00214755,I,1,1.25,0.297604
Israeli,60,FE,0.9,2.87749,2.8611,0.00572822,I,1,1.11111,0.287257
Israeli,60,FE,1,3.27083,3.235,0.0110757,I,1,1,0.284358
