phi,c,curve,hw_over_H,Hcrit,paper,rel
30,13.041,vopt,0.2,68.528,33.493,1.04604
30,13.041,vopt,0.5,30.2483,14.878,1.03309
30,13.041,vopt,1,17.2321,8.563,1.01239
30,13.041,FE,0.2,42.5477,27.937,0.522987
30,13.041,FE,0.5,17.0073,11.775,0.444358
30,13.041,FE,1,12.5965,7.827,0.609369
31,9.29629,vopt,0.2,56.0247,33.493,0.672728
31,9.29629,vopt,0.5,22.7274,14.878,0.527583
31,9.29629,vopt,1,12.878,8.563,0.503917
31,9.29629,FE,0.2,32.6441,27.937,0.168491
31,9.29629,FE,0.5,12.7238,11.775,0.0805769
31,9.29629,FE,1,9.38354,7.827,0.198868
31.5,7.59363,vopt,0.2,47.6501,33.493,0.422687
31.5,7.59363,vopt,0.5,19.06,14.878,0.281088
31.5,7.59363,vopt,1,10.7774,8.563,0.258595
31.5,7.59363,FE,0.2,27.4386,27.937,-0.0178411
31.5,7.59363,FE,0.5,10.6528,11.775,-0.0953027
31.5,7.59363,FE,1,7.83895,7.827,0.00152663
32,6.0131,vopt,0.2,38.745,33.493,0.156808
32,6.0131,vopt,0.5,15.498,14.878,0.0416714
32,6.0131,vopt,1,8.74722,8.563,0.0215135
32,6.0131,FE,0.2,22.3452,27.937,-0.200156
32,6.0131,FE,0.5,8.64913,11.775,-0.265467
32,6.0131,FE,1,6.35028,7.827,-0.18867
32.5,4.56361,vopt,0.2,30.2015,33.493,-0.0982757
32.5,4.56361,vopt,0.5,12.0806,14.878,-0.188024
32.5,4.56361,vopt,1,6.80746,8.563,-0.205014
32.5,4.56361,FE,0.2,17.435,27.937,-0.375918
32.5,4.56361,FE,0.5,6.73287,11.775,-0.428206
32.5,4.56361,FE,1,4.93208,7.827,-0.369863
