amostra,fator,limite_superior,status,passos,iteracoes,cortes,tempo_s,c_medio,phi_medio,kv_medio
0,1.7939453,1.803833,ok,6,82,8,5.2241369,11.104176,31.349121,0.77513531
1,1.5566406,1.5714722,ok,5,73,8,5.3973475,10.335202,30.922814,1.2208037
2,1.1864014,1.197525,ok,6,81,9,10.438318,9.5344794,28.041969,0.51993842
3,1.2841797,1.2940674,ok,5,75,8,6.726924,9.4104226,29.380117,1.0697247
4,1.6621094,1.6719971,ok,5,72,8,7.9435153,10.624711,28.871614,1.0777248
5,1.7972412,1.8083649,ok,6,87,9,7.4153567,10.024813,30.485767,1.8447494
6,1.3127441,1.3201599,ok,5,76,9,7.119563,10.095924,29.322021,1.8162269
7,1.1715698,1.1826935,ok,6,86,9,7.7938429,9.7480991,28.851157,1.0376604
8,1.4660034,1.4771271,ok,6,83,9,6.6938359,10.280776,30.703196,0.65821063
9,1.5302734,1.545105,ok,6,85,8,4.8674856,10.165867,31.577909,0.81966505
10,1.7412109,1.7510986,ok,6,82,8,4.6059884,10.613938,29.146542,1.0193685
11,1.1369629,1.1443787,ok,5,81,9,4.1398257,8.8136935,25.707089,0.94040503
12,1.4256287,1.4367523,ok,6,79,9,4.7855116,10.617955,27.514742,1.2664585
13,1.1641541,1.1752777,ok,6,80,9,4.6267347,9.5179744,28.313172,0.7459116
14,1.4467773,1.456665,ok,6,85,8,5.2100045,10.057416,30.097487,0.84635032
15,1.8302002,1.8450317,ok,6,77,8,5.4345953,9.7504224,32.313068,1.248335
16,1.3621826,1.3733063,ok,6,83,9,4.9931676,10.088026,29.974936,1.0233488
17,1.5566406,1.5665283,ok,5,76,8,3.7645073,10.398106,30.666071,1.1842676
18,1.7016602,1.7164917,ok,6,80,8,4.6287093,9.8416626,33.284634,1.7885148
19,1.2578125,1.2666016,ok,4,64,7,3.5040549,9.3273905,29.969586,1.5491055
20,1.5183258,1.5266685,ok,7,98,10,6.4115766,9.2877236,28.594084,1.1016936
21,1.2841797,1.2940674,ok,5,71,8,7.8185586,9.8779402,28.74662,1.7117039
22,1.1962891,1.2028809,ok,4,66,8,5.7873819,10.20214,28.75257,1.0983187
23,1.3720703,1.381958,ok,5,73,8,6.3983909,10.223091,29.047404,0.63408912
24,1.0864944,1.0948372,ok,7,96,10,8.8527802,9.7129121,27.473002,0.67532581
25,1.3737183,1.3848419,ok,7,102,9,10.579149,9.4633008,28.004644,0.93498429
26,1.6357422,1.6489258,ok,5,65,7,5.6268939,10.313608,30.276024,1.4503964
27,1.3984375,1.4083252,ok,4,61,8,5.7594682,10.394963,26.710321,1.1152179
28,1.6184387,1.6267815,ok,7,102,10,8.5411642,9.9982018,30.97264,1.0808711
29,1.3544922,1.3676758,ok,5,71,7,5.8950668,9.5302095,30.158881,1.030656
30,1.2237549,1.2311707,ok,5,74,9,7.6229077,9.0850997,29.808278,1.2102085
31,1.609375,1.6225586,ok,4,57,7,5.6650319,10.348071,29.006109,0.76387466
32,1.5294495,1.5377922,ok,7,100,10,8.7023996,9.4145746,28.30168,0.90728947
33,1.1567383,1.1641541,ok,5,76,9,6.7196767,9.3520151,30.665781,0.72675994
34,1.4676514,1.478775,ok,6,86,9,8.2930384,9.3393061,30.142383,0.67485029
35,1.2358398,1.2457275,ok,5,72,8,6.6833279,8.9444846,27.98007,0.94805873
36,2.0839844,2.097168,ok,5,67,7,5.7874502,11.162982,30.622966,1.0001067
37,1.8087769,1.8199005,ok,7,95,9,8.4779418,10.262875,30.299474,1.3982856
38,1.9752197,1.9919052,ok,7,103,9,10.312013,10.547789,31.657449,1.1848588
39,1.4973145,1.512146,ok,6,83,8,8.482896,9.9138514,31.609856,0.82913701
40,1.2336426,1.2410583,ok,5,76,9,7.2879194,9.7549303,33.019666,1.5452604
41,1.3457031,1.3588867,ok,5,69,7,6.3537896,10.055762,29.524156,0.87545781
42,1.3621826,1.3733063,ok,6,85,9,8.2188788,10.241499,28.591259,0.99252076
43,1.3794861,1.3906097,ok,6,88,9,12.91142,9.5303973,31.940776,1.121878
44,1.4182129,1.4256287,ok,5,75,9,7.587126,10.691387,26.940499,0.72999213
45,2.0456696,2.062355,ok,8,111,9,9.089361,10.305012,35.002828,1.4732614
46,1.4849548,1.4960785,ok,6,82,9,4.6862631,10.06591,30.417024,1.465229
47,1.7292633,1.7459488,ok,7,87,9,5.0559373,10.632485,34.558223,0.63653197
48,1.8269043,1.838028,ok,6,82,9,4.8936659,9.5445382,31.318722,0.71532149
49,1.4709473,1.478363,ok,6,83,9,5.7893491,10.028999,29.759868,0.96932331
