alpha,beta_deg,curve,cpp,python,rel_cpp_python,paper,paper_status,rel_cpp_paper,mechanism,eta_or_dH,python_mechanism,python_eta_or_dH,python_FE_box_scaled,seed_spread,at_bound,gamma_w,t_s
1,15,FE,inf,inf,nan,nan,offplot(>5),nan,,nan,,nan,inf,nan,,9.8,3.737
1,20,FE,7.025882,6.992538,0.004768477,6.5401,extrapolated,0.07427742,I,1,I,1,9.45005,3.11e-15,s=upper,9.8,3.816
1,25,FE,3.398398,3.390106,0.00244595,3.3635,vertex,0.01037551,I,1,I,1,3.93147,3.55e-15,s=upper,9.8,3.787
1,30,FE,2.336613,2.332808,0.001630931,2.3216,vertex,0.00646651,I,1,I,1,2.57274,2.22e-15,s=lower,9.8,3.315
1,35,FE,1.831438,1.829215,0.001215308,1.8088,vertex,0.01251551,I,1,I,1,1.96672,8.88e-16,s=lower,9.8,3.124
1,37.5,FE,1.664808,1.663019,0.001075724,1.66095,segment,0.002322737,I,1,I,1,1.77273,1.11e-15,s=lower,9.8,3.242
1,40,FE,1.531049,1.529583,0.0009584292,1.5131,vertex,0.0118624,I,1,I,1,1.6192,1.78e-15,s=upper,9.8,3.709
1,45,FE,1.327222,1.326174,0.0007900321,1.3124,vertex,0.0112936,I,1,I,1,1.38907,1.33e-15,s=upper,9.8,4.01
1,50,FE,1.176084,1.175298,0.0006688176,1.1678,vertex,0.007093732,I,1,I,1,1.22153,1.33e-15,s=upper,9.8,3.048
1,52.5,FE,1.113236,1.112557,0.0006105251,1.10805,segment,0.004680514,I,1,I,1,1.15267,6.66e-16,s=lower,9.8,3.161
1,55,FE,1.056612,1.056007,0.0005729867,1.0483,vertex,0.007929102,I,1,I,1,1.09102,1.55e-15,s=lower,9.8,3.495
1,60,FE,0.9575139,0.957044,0.000490954,0.9557,vertex,0.001897943,I,1,I,1,0.984071,6.66e-16,s=upper,9.8,3.153
1,65,FE,0.8722292,0.871862,0.0004211223,0.8663,vertex,0.006844235,I,1,I,1,0.892981,4.44e-16,s=upper,9.8,3.638
1,67.5,FE,0.8334354,0.833103,0.0003990109,0.8282,segment,0.006321441,I,1,I,1,0.851829,1.11e-15,s=upper,9.8,3.544
1,70,FE,0.7966989,0.796404,0.0003703031,0.7901,vertex,0.008351995,I,1,I,1,0.813028,8.88e-16,s=lower,9.8,3.198
1,75,FE,0.7283178,0.728085,0.0003197874,0.7202,vertex,0.01127164,I,1,I,1,0.7412,1.11e-15,s=upper,9.8,2.736
1,80,FE,0.6653536,0.665159,0.0002925018,0.6589,vertex,0.009794446,I,1,I,1,0.675511,1.11e-15,s=upper,9.8,3.168
1,82.5,FE,0.6355213,0.635354,0.0002633123,0.63035,segment,0.008203849,I,1,I,1,0.64453,6.66e-16,s=upper,9.8,3.127
1,85,FE,0.6066374,0.606485,0.0002512867,0.6018,vertex,0.008038221,I,1,I,1,0.614614,3.19,s=lower,9.8,3.048
1,90,FE,0.5513712,0.551249,0.0002216782,0.5548,vertex,-0.006180245,I,1,I,1,0.557601,5.28,s=lower,9.8,3.027
1,15,vopt,119.9662,119.081,0.007433369,nan,offplot(>5),nan,I,0.1272574,I,0.128044,nan,6.35e-14,,9.8,7.970086
1,20,vopt,19.43897,19.3204,0.006136818,nan,offplot(>5),nan,I,0.7546167,I,0.75865,nan,3.55e-15,,9.8,11.35437
1,25,vopt,5.913788,5.89728,0.002799341,5.5832,extrapolated,0.05921129,I,1,I,1,nan,1.55e-15,s=lower,9.8,1.317743
1,30,vopt,3.584644,3.57876,0.001644019,3.4895,vertex,0.02726567,I,1,I,1,nan,2.89e-15,s=lower,9.8,0.931928
1,35,vopt,2.679855,2.67684,0.001126282,2.635,vertex,0.01702272,I,1,I,1,nan,2.44e-15,s=upper,9.8,1.031091
1,37.5,vopt,2.409182,2.40687,0.000960646,2.4039,segment,0.002197325,I,1,I,1,nan,6.66e-16,s=upper,9.8,0.93912
1,40,vopt,2.202262,2.20044,0.0008278435,2.1728,vertex,0.01355929,I,1,I,1,nan,8.88e-16,s=lower,9.8,0.830644
1,45,vopt,1.905672,1.90448,0.000626068,1.8875,vertex,0.009627727,I,1,I,1,nan,2.44e-15,s=lower,9.8,0.906632
1,50,vopt,1.701478,1.70067,0.0004749581,1.6805,vertex,0.01248304,I,1,I,1,nan,4.44e-16,s=upper,9.8,1.466123
1,52.5,vopt,1.62071,1.62005,0.0004072942,1.6106,segment,0.006277063,I,1,I,1,nan,8.88e-16,s=upper,9.8,1.169957
1,55,vopt,1.549914,1.54937,0.0003508891,1.5407,vertex,0.005980176,I,1,I,1,nan,6.66e-16,s=upper,9.8,1.352915
1,60,vopt,1.429234,1.42889,0.0002404517,1.4228,vertex,0.004521773,I,1,I,1,nan,1.11e-15,s=lower,9.8,1.094557
1,65,vopt,1.321628,1.32147,0.0001199089,1.3129,vertex,0.006648226,I,1,I,1,nan,6.66e-16,s=upper,9.8,1.312817
1,67.5,vopt,1.264638,1.26455,6.964137e-05,1.2521,segment,0.01001363,I,1,I,1,nan,1.33e-15,s=lower,9.8,1.201951
1,70,vopt,1.198903,1.19887,2.731989e-05,1.1913,vertex,0.006381896,I,1,I,1,nan,0.944,s=lower,9.8,1.525201
1,75,vopt,1.025175,1.02512,5.33996e-05,1.0233,vertex,0.001832054,I,1,I,1,nan,1.11e-15,s=upper,9.8,1.278803
1,80,vopt,0.7924415,0.792288,0.0001938,0.7943,vertex,-0.002339739,I,1,I,1,nan,2e-15,s=upper,9.8,1.57352
1,82.5,vopt,0.7209951,0.720841,0.0002137481,0.731,segment,-0.01368662,I,1,I,1,nan,6.66e-16,s=lower,9.8,0.439036
1,85,vopt,0.6785494,0.678413,0.0002010912,0.6677,vertex,0.01624895,I,1,I,1,nan,4.44e-16,s=upper,9.8,0.871298
1,90,vopt,0.6015383,0.601432,0.0001766755,0.6046,vertex,-0.005064078,I,1,I,1,nan,3.11e-15,s=upper,9.8,0.757315
5,15,FE,inf,inf,nan,nan,offplot(>5),nan,,nan,,nan,inf,nan,,9.8,4.279
5,20,FE,17.30389,17.12532,0.01042741,nan,offplot(>5),nan,II,0.661754,II,0.641648,56.5057,0.000438,,9.8,6.931
5,25,FE,5.938448,5.915162,0.00393662,5.9866,extrapolated,-0.008043339,II,0.5505091,II,0.549699,7.87138,9.52e-06,,9.8,3.646
5,30,FE,3.792673,3.785916,0.001784705,3.7565,vertex,0.009629374,I,1,I,1,4.32674,3.55e-15,s=lower,9.8,3.314
5,35,FE,2.78527,2.781856,0.001227063,2.7504,vertex,0.01267798,I,1,I,1,3.034,5.55e-15,s=upper,9.8,3.371
5,37.5,FE,2.468501,2.46606,0.0009899471,2.4814,segment,-0.005198167,I,1,I,1,2.65041,2.22e-15,s=upper,9.8,3.151
5,40,FE,2.219269,2.217411,0.0008377712,2.2124,vertex,0.00310463,I,1,I,1,2.35633,2.44e-15,s=lower,9.8,3.07
5,45,FE,1.847697,1.846474,0.0006621956,1.8366,vertex,0.006041994,I,1,I,1,1.93071,2.44e-15,s=upper,9.8,3.693
5,50,FE,1.579389,1.57851,0.0005567592,1.5716,vertex,0.004956,I,1,I,1,1.63293,8.88e-16,s=lower,9.8,3.041
5,52.5,FE,1.470036,1.469379,0.0004473522,1.46815,segment,0.001284835,I,1,I,1,1.51391,1.11e-15,s=lower,9.8,3.103
5,55,FE,1.373038,1.372466,0.0004166741,1.3647,vertex,0.006109673,I,1,I,1,1.40928,1.33e-15,s=upper,9.8,3.385
5,60,FE,1.207301,1.206918,0.000317338,1.1977,vertex,0.008016199,I,1,I,1,1.23267,1.78e-15,s=lower,9.8,2.992
5,65,FE,1.069763,1.069475,0.0002694864,1.063,vertex,0.006362379,I,1,I,1,1.08799,1.01,s=lower,9.8,2.959
5,67.5,FE,1.009026,1.008764,0.000260036,1.00355,segment,0.005456943,I,1,I,1,1.0246,1.55e-15,s=lower,9.8,3.27
5,70,FE,0.9526341,0.952433,0.0002111719,0.9441,vertex,0.009039431,I,1,I,1,0.966034,1.33e-15,s=upper,9.8,3.083
5,75,FE,0.8509026,0.850744,0.000186389,0.8429,vertex,0.009494091,I,1,I,1,0.860901,4.44e-16,s=upper,9.8,2.849
5,80,FE,0.7610654,0.760943,0.000160822,0.7585,vertex,0.003382171,I,1,I,1,0.768623,1.55e-15,s=lower,9.8,2.81
5,82.5,FE,0.7198191,0.719717,0.000141797,0.7205,segment,-0.0009451024,I,1,I,1,0.726411,2.22e-16,s=lower,9.8,3.008
5,85,FE,0.6806905,0.680599,0.0001344009,0.6825,vertex,-0.002651321,I,1,I,1,0.686449,3.2,s=lower,9.8,2.805
5,90,FE,0.6080096,0.607938,0.0001177171,0.6088,vertex,-0.00129835,I,1,I,1,0.612423,4.44e-16,s=upper,9.8,3.164
5,15,vopt,inf,inf,nan,nan,offplot(>5),nan,,nan,,nan,nan,nan,,9.8,0.79319
5,20,vopt,inf,inf,nan,nan,offplot(>5),nan,,nan,,nan,nan,nan,,9.8,0.776807
5,25,vopt,18.50022,18.4062,0.005107849,nan,offplot(>5),nan,I,1,I,1,nan,1.89e-14,s=lower,9.8,13.10462
5,30,vopt,6.861548,6.84809,0.001965214,6.8712,extrapolated,-0.00140471,I,1,I,1,nan,1.33e-15,s=lower,9.8,0.886741
5,35,vopt,4.344212,4.33945,0.001097417,4.1971,vertex,0.03505091,I,1,I,1,nan,2.44e-15,s=lower,9.8,1.0805
5,37.5,vopt,3.721016,3.71783,0.0008568713,3.7035,segment,0.0047295,I,1,I,1,nan,1.33e-15,s=lower,9.8,1.138201
5,40,vopt,3.277618,3.27541,0.0006742084,3.2099,vertex,0.0210967,I,1,I,1,nan,1.11e-15,s=lower,9.8,1.05169
5,45,vopt,2.683997,2.68289,0.0004125342,2.6547,vertex,0.01103582,I,1,I,1,nan,2e-15,s=upper,9.8,0.966779
5,50,vopt,2.29561,2.29508,0.0002307658,2.2728,vertex,0.01003591,I,1,I,1,nan,1.78e-15,s=upper,9.8,1.258804
5,52.5,vopt,2.143773,2.14344,0.0001554077,2.13675,segment,0.003286817,I,1,I,1,nan,1.33e-15,s=upper,9.8,1.330913
5,55,vopt,2.010254,2.01008,8.632691e-05,2.0007,vertex,0.004775091,I,1,I,1,nan,6.66e-16,s=upper,9.8,1.022904
5,60,vopt,1.780115,1.78016,-2.506572e-05,1.7665,vertex,0.007707545,I,1,I,1,nan,2e-15,s=upper,9.8,1.177335
5,65,vopt,1.579394,1.57958,-0.00011797,1.5729,vertex,0.004128461,I,1,I,1,nan,8.88e-16,s=lower,9.8,1.119851
5,67.5,vopt,1.485189,1.48542,-0.0001553177,1.48195,segment,0.002185828,I,1,I,1,nan,1.11e-15,s=upper,9.8,1.349472
5,70,vopt,1.393548,1.3938,-0.0001808588,1.391,vertex,0.001831717,I,1,I,1,nan,8.88e-16,s=lower,9.8,1.288245
5,75,vopt,1.216018,1.21626,-0.0001988341,1.207,vertex,0.007471554,I,1,I,1,nan,4.44e-16,s=upper,9.8,1.002915
5,80,vopt,1.046155,1.04635,-0.0001867511,1.0412,vertex,0.004758541,I,1,I,1,nan,0,s=lower,9.8,1.057922
5,82.5,vopt,0.9646833,0.964846,-0.0001686392,0.96415,segment,0.0005531184,I,1,I,1,nan,8.88e-16,s=lower,9.8,1.138843
5,85,vopt,0.8858032,0.88593,-0.000143143,0.8871,vertex,-0.001461859,I,1,I,1,nan,1.55e-15,s=lower,9.8,1.2914
5,90,vopt,0.735661,0.735717,-7.616189e-05,0.7348,vertex,0.001171702,I,1,I,1,nan,6.66e-16,s=upper,9.8,14.22509
10,15,FE,inf,inf,nan,nan,offplot(>5),nan,,nan,,nan,inf,nan,,9.8,4.165
10,20,FE,38.94269,38.21532,0.01903346,nan,offplot(>5),nan,II,0.9840979,II,1.042949,inf,0.0118,,9.8,12.938
10,25,FE,7.572877,7.532479,0.005363201,nan,offplot(>5),nan,II,0.8207731,II,0.8362361,13.5182,0.000196,,9.8,4.231
10,30,FE,4.709005,4.693955,0.003206229,5.1758,extrapolated,-0.09018801,II,0.7341502,II,0.7358748,6.26764,6.22e-15,,9.8,4.132
10,35,FE,3.539608,3.535045,0.001290727,3.4782,vertex,0.01765505,I,1,I,1,3.90021,0.0369,s=lower,9.8,3.727
10,37.5,FE,3.039268,3.03649,0.0009148306,3.0554,segment,-0.005279874,I,1,I,1,3.28339,3.55e-15,s=upper,9.8,3.734
10,40,FE,2.662912,2.660913,0.0007511196,2.6326,vertex,0.01151396,I,1,I,1,2.83551,6.66e-16,s=upper,9.8,3.513
10,45,FE,2.13057,2.129334,0.0005804768,2.1013,vertex,0.01392949,I,1,I,1,2.22539,6.66e-16,s=upper,9.8,3.63
10,50,FE,1.768845,1.767938,0.0005128206,1.7663,vertex,0.001440658,I,1,I,1,1.82587,1.55e-15,s=lower,9.8,2.912
10,52.5,FE,1.627077,1.626479,0.0003673672,1.6292,segment,-0.001303391,I,1,I,1,1.67264,1.33e-15,s=lower,9.8,3.567
10,55,FE,1.504205,1.503692,0.0003413698,1.4921,vertex,0.008112938,I,1,I,1,1.541,4.44e-16,s=upper,9.8,2.895
10,60,FE,1.300459,1.300146,0.0002405576,1.2883,vertex,0.009437833,I,1,I,1,1.32534,1.11e-15,s=lower,9.8,2.909
10,65,FE,1.137227,1.13698,0.0002176327,1.1261,vertex,0.0098814,I,1,I,1,1.15467,1.12,s=lower,9.8,3.566
10,67.5,FE,1.066773,1.066542,0.000216225,1.06035,segment,0.006057069,I,1,I,1,1.08153,1.78e-15,s=upper,9.8,3.342
10,70,FE,1.0022,1.00204,0.0001595405,0.9946,vertex,0.007641128,I,1,I,1,1.01482,1.44,s=lower,9.8,3.105
10,75,FE,0.8877175,0.887586,0.0001481735,0.879,vertex,0.009917539,I,1,I,1,0.897033,4.44e-16,s=upper,9.8,2.692
10,80,FE,0.7886056,0.788507,0.0001250429,0.788,vertex,0.0007685244,I,1,I,1,0.795608,6.66e-16,s=upper,9.8,3.226
10,82.5,FE,0.7436792,0.743597,0.0001105374,0.745,segment,-0.001772892,I,1,I,1,0.749779,1.11e-15,s=upper,9.8,3.194
10,85,FE,0.7013745,0.701302,0.0001034107,0.702,vertex,-0.0008909942,I,1,I,1,0.706701,8.88e-16,s=upper,9.8,2.719
10,90,FE,0.6235577,0.623498,9.571338e-05,0.624,vertex,-0.0007088508,I,1,I,1,0.627644,1.33e-15,s=upper,9.8,4.541
10,15,vopt,inf,inf,nan,nan,offplot(>5),nan,,nan,,nan,nan,nan,,9.8,0.69793
10,20,vopt,inf,inf,nan,nan,offplot(>5),nan,,nan,,nan,nan,nan,,9.8,0.95187
10,25,vopt,50.88173,50.3337,0.01088788,nan,offplot(>5),nan,I,1,I,1,nan,0.3,s=lower,9.8,11.42078
10,30,vopt,8.826194,8.80687,0.002194162,nan,offplot(>5),nan,I,1,I,1,nan,3.55e-15,s=lower,9.8,1.177922
10,35,vopt,4.999405,4.99392,0.001098352,4.8437,vertex,0.0321459,I,1,I,1,nan,3.33e-15,s=lower,9.8,1.019132
10,37.5,vopt,4.17869,4.17524,0.0008263003,4.1917,segment,-0.003103752,I,1,I,1,nan,8.88e-16,s=lower,9.8,1.28943
10,40,vopt,3.619793,3.61753,0.0006256932,3.5397,vertex,0.02262719,I,1,I,1,nan,1.33e-15,s=lower,9.8,1.021219
10,45,vopt,2.898432,2.89742,0.0003492749,2.8659,vertex,0.01135141,I,1,I,1,nan,2e-15,s=lower,9.8,1.234933
10,50,vopt,2.437745,2.43736,0.000157998,2.4149,vertex,0.00946006,I,1,I,1,nan,2.44e-15,s=upper,9.8,1.275177
10,52.5,vopt,2.258806,2.25862,8.230424e-05,2.2537,segment,0.002265561,I,1,I,1,nan,8.88e-16,s=upper,9.8,1.085034
10,55,vopt,2.101817,2.10178,1.769595e-05,2.0925,vertex,0.004452661,I,1,I,1,nan,2.22e-15,s=upper,9.8,1.430626
10,60,vopt,1.833193,1.83335,-8.555977e-05,1.8231,vertex,0.005536251,I,1,I,1,nan,2.22e-16,s=upper,9.8,1.375363
10,65,vopt,1.60488,1.60513,-0.0001556696,1.5979,vertex,0.004368315,I,1,I,1,nan,6.66e-16,s=lower,9.8,1.140909
10,67.5,vopt,1.501352,1.50163,-0.0001849677,1.4963,segment,0.003376493,I,1,I,1,nan,1.11e-15,s=lower,9.8,1.10491
10,70,vopt,1.403496,1.40378,-0.0002020074,1.3947,vertex,0.006307038,I,1,I,1,nan,1.33e-15,s=upper,9.8,1.134381
10,75,vopt,1.222346,1.22261,-0.000215947,1.2135,vertex,0.007289642,I,1,I,1,nan,6.66e-16,s=upper,9.8,1.412462
10,80,vopt,1.058532,1.05876,-0.0002152131,1.0545,vertex,0.003823747,I,1,I,1,nan,1.11e-15,s=lower,9.8,1.306474
10,82.5,vopt,0.9828407,0.983043,-0.0002058328,0.98325,segment,-0.0004163158,I,1,I,1,nan,1.11e-15,s=upper,9.8,1.343991
10,85,vopt,0.9112531,0.91143,-0.0001940869,0.912,vertex,-0.0008189656,I,1,I,1,nan,1.55e-15,s=upper,9.8,1.043362
10,90,vopt,0.7801479,0.780274,-0.000161644,0.7778,vertex,0.003018608,I,1,I,1,nan,2e-15,s=upper,9.8,9.63041
