panel,beta_deg,curve,hw_over_H,neq,Hcrit_FEM_last,Hcrit_FEM_h0,Hcrit_LA,Hcrit_paper,h0_over_LA_minus_1,last_over_LA_minus_1,h0_over_paper_minus_1,time_s,flag,Hcrit_FEM_best,Hcrit_FEM_best_unc,note
Israeli,60.0,FE,0.5,4376,3.936503906,3.819301758,3.811122649,3.8050000000000006,0.0021461153978201697,0.03289877250024964,0.0037586749014453247,285.592,,,,
Israeli,35.0,FE,0.5,6816,8.790126953,8.587861328,8.630303151,11.775,-0.004917767343442736,0.01851890938286238,-0.2706699509129511,405.333,,,,
London,30.0,vopt,0.0,6920,169.265625,150.2539062,156.5274418,156.55500000000006,-0.04007946164491649,0.08137987213945519,-0.04024843537415013,403.414820688,,,,
London,30.0,FE,0.0,6920,169.265625,150.2539062,156.5274418,156.55700000000004,-0.04007946164491649,0.08137987213945519,-0.04026069610429461,403.414820688,,,,
London,30.0,vopt,0.2,7298,57.32421875,55.54716797,58.69765823,57.43000000000002,-0.05367318484248851,-0.02339853959110838,-0.032784816820477514,456.58513700000003,,,,
London,30.0,FE,0.2,8080,37.01835938,36.4734375,37.20894068,37.24099999999999,-0.019766840080866155,-0.005121922218614405,-0.020610684460674822,525.502,,,,
London,30.0,vopt,0.5,9186,25.96171875,25.575,26.41454027,25.505000000000003,-0.03178326260531206,-0.017142888551964997,0.0027445598902173796,611.7799709999999,,,,
London,30.0,FE,0.5,8006,15.38017578,15.15345459,15.13156961,15.203999999999999,0.0014463126142272298,0.016429635286196786,-0.003324481057616291,460.645,,,,
London,30.0,vopt,1.0,7418,15.04199219,14.59287109,14.60721375,14.521,-0.000981888828730293,0.029764638721741177,0.004949458714964328,655.567013,,,,
London,30.0,FE,1.0,8776,10.81054688,10.63652344,10.80761731,10.768999999999998,-0.015830859392263252,0.00027106529737053187,-0.0123016584641098,637.127,,,,
London,60.0,vopt,0.0,3206,18.38945313,17.90437012,17.9494618,17.949,-0.002512146631605594,0.02451278678450386,-0.002486482812413038,235.6277007,,,,
London,60.0,FE,0.0,3206,18.38945313,17.90437012,17.9494618,17.95,-0.002512146631605594,0.02451278678450386,-0.0025420545961002405,235.6277007,,,,
London,60.0,vopt,0.2,3742,11.05919189,10.8123291,10.7177504,10.683000000000002,0.008824491751552532,0.0318575705961579,0.012106065711878555,202.425013,,,,
London,60.0,FE,0.2,3648,10.19125,9.95875,9.920617111,9.909000000000002,0.003843802111636485,0.027279844184281865,0.005020688263194906,238.10799999999998,,,,
London,60.0,vopt,0.5,4286,8.881669922,8.69751709,8.673533837,8.625,0.0027651074464816183,0.02399668796034682,0.00840777855072461,218.27718199999998,,,,
London,60.0,FE,0.5,4146,6.568144531,6.436279297,6.434070494,6.434000000000001,0.0003432979172452999,0.02083813615735619,0.0003542581597759664,193.31500000000003,,,,
London,60.0,vopt,1.0,2930,8.280849609,8.114121094,8.127066415,8.044999999999998,-0.0015928651667109772,0.01892234985506769,0.008591807830951037,138.658606,,,,
London,60.0,FE,1.0,3238,5.583056641,5.479272461,5.454023655,5.411999999999999,0.004629390629219632,0.02365831066422097,0.012430240391722247,201.86,,,,
Israeli,35.0,vopt,0.0,5970,280.8828125,203.0585938,228.8285693,nan,-0.11261694979272852,0.22748139954393354,nan,775.647641094,,,,
Israeli,35.0,FE,0.0,5970,280.8828125,203.0585938,228.8285693,nan,-0.11261694979272852,0.22748139954393354,nan,775.647641094,,,,
Israeli,35.0,vopt,0.2,5372,38.96455078,37.490625,38.66058879,33.493,-0.030262441070287638,0.00786232179885027,0.11935702982712804,429.040122,,,,
Israeli,35.0,FE,0.2,4900,22.45244141,22.06044922,22.29662844,27.937,-0.010592597918360425,0.006988185250487167,-0.21035010129935217,323.75899999999996,,,,
Israeli,35.0,vopt,0.5,6004,15.33349609,14.97021484,15.46423552,14.878000000000004,-0.03194601371410055,-0.008454309288740025,0.006198066944481662,449.017854,,,,
Israeli,35.0,vopt,1.0,5828,9.071015625,8.738525391,8.728170446,8.563,0.001186382079046755,0.03928030291355289,0.0204981187667872,422.091155,,,,
Israeli,35.0,FE,1.0,6308,6.4390625,6.234746094,6.33646933,7.826999999999999,-0.016053614513431236,0.016190904533266437,-0.20343093215791475,345.166,,,,
Israeli,60.0,vopt,0.0,2952,13.40625,12.92382812,12.98603129,12.986000000000002,-0.004790006169775651,0.03235928673016475,-0.004787608193439263,144.80787080999997,,,,
Israeli,60.0,FE,0.0,2952,13.40625,12.92382812,12.98603129,12.986000000000002,-0.004790006169775651,0.03235928673016475,-0.004787608193439263,144.80787080999997,,,,
Israeli,60.0,vopt,0.2,3444,7.200703125,6.997675781,6.925329127,6.905,0.010446673749835211,0.03976330842189002,0.013421546850108657,245.203641,,,,
Israeli,60.0,FE,0.2,3446,6.416191406,6.252451172,6.213809627,6.196999999999999,0.006218656077279228,0.032569678047524864,0.00894806712925611,255.409,,,,
Israeli,60.0,vopt,0.5,4440,5.678007813,5.50140625,5.481580321,5.438,0.0036168272357601783,0.03583409901839496,0.011659847370356635,244.48105999999999,,,,
Israeli,60.0,vopt,1.0,2850,4.9809375,4.83,4.827888244,4.788,0.00043740780508416677,0.03170107679899292,0.00877192982456143,100.37558099999998,,,,
Israeli,60.0,FE,1.0,2964,3.3721875,3.27,3.270927234,3.2350000000000003,-0.00028347741593326425,0.0309576639148188,0.01081916537867067,121.251,,,,
