alpha,beta_deg,curve,Gamma,Hcrit_m,H,c,phi_deg,gamma,gamma_w,hw_over_H,water,mechanism,theta1,theta2,eta_or_dH,L_over_H,Ax,Bx,By,Cx,Cy,r0,P_mr,P_gamma,P_u,seed_spread,at_bound,n_eval,Jnorm,t_field_s,t_la_s,settings
1,15,vopt,119.966173,599.830865,5,10,30,20,9.8,1,analytical,I,1.616219554,2.032669036,0.1272573969,0.0003970139815,-0.001985069908,2.374655355,0.6362869846,-0.2089850119,-4.554003972,4.558706083,111.1328538,-2.958414064,3.884782314,6.35e-14,,71816,0.3381548146,0.007086,7.963,box_m=50/10/30;hbc=zero/zero/noflow;horder=2;href=1;hmesh=gen/0.025/0.0625/0.15/2;lm=10;mech=I+II;seeds=0+1+2;np=40;niter=150;pools=25;q=coarse/fine;polish=1;dmax=10
1,15,FE,inf,inf,5,10,30,20,9.8,1,fe,,,,,,,,,,,,,,,,,24960,0.4800545228,1.803,1.934,box_m=50/10/30;hbc=zero/zero/noflow;horder=2;href=1;hmesh=gen/0.025/0.0625/0.15/2;lm=10;mech=I+II;seeds=0+1+2;np=40;niter=150;pools=25;q=coarse/fine;polish=1;dmax=10
1,20,vopt,19.43896578,97.19482889,5,10,30,20,9.8,1,analytical,I,1.409653924,2.043711324,0.7546166827,0.005058005921,-0.0252900296,10.36646148,3.773083413,2.014785645,-12.55030871,12.71503667,1511.4868,-198.0721405,275.8276558,3.55e-15,,100606,0.3753862795,0.004374,11.35,box_m=50/10/30;hbc=zero/zero/noflow;horder=2;href=1;hmesh=gen/0.025/0.0625/0.15/2;lm=10;mech=I+II;seeds=0+1+2;np=40;niter=150;pools=25;q=coarse/fine;polish=1;dmax=10
1,20,FE,7.025881755,35.12940878,5,10,30,20,9.8,1,fe,I,1.250947645,2.15954411,1,6.572520306e-14,-3.286260153e-13,13.7373871,5,3.447830918,-10.40944248,10.96558392,1931.945519,-514.6319888,789.6075131,3.11e-15,s=upper,43616,0.4942496824,1.608,2.208,box_m=50/10/30;hbc=zero/zero/noflow;horder=2;href=1;hmesh=gen/0.025/0.0625/0.15/2;lm=10;mech=I+II;seeds=0+1+2;np=40;niter=150;pools=25;q=coarse/fine;polish=1;dmax=10
1,25,vopt,5.913788496,29.56894248,5,10,30,20,9.8,1,analytical,I,1.123050549,2.102045282,1,0.006108461244,-0.03054230622,10.7225346,5,3.484309377,-7.31837128,8.11866618,1197.032739,-179.7312886,382.1451457,1.55e-15,s=lower,39480,0.4062217079,0.004743,1.313,box_m=50/10/30;hbc=zero/zero/noflow;horder=2;href=1;hmesh=gen/0.025/0.0625/0.15/2;lm=10;mech=I+II;seeds=0+1+2;np=40;niter=150;pools=25;q=coarse/fine;polish=1;dmax=10
1,25,FE,3.39839803,16.99199015,5,10,30,20,9.8,1,fe,I,1.038846055,2.173026354,1,0.06100959977,-0.3050479988,10.7225346,5,3.19610428,-5.948879268,6.902697431,1116.11517,-233.1666998,561.5906103,3.55e-15,s=upper,29841,0.5120047561,1.538,2.249,box_m=50/10/30;hbc=zero/zero/noflow;horder=2;href=1;hmesh=gen/0.025/0.0625/0.15/2;lm=10;mech=I+II;seeds=0+1+2;np=40;niter=150;pools=25;q=coarse/fine;polish=1;dmax=10
1,30,vopt,3.584643549,17.92321774,5,10,30,20,9.8,1,analytical,I,0.9106408,2.097152446,1,0.007592626024,-0.03796313012,8.660254038,5,3.275360546,-4.267799274,5.402982919,742.1574168,-64.60835712,271.6463532,2.89e-15,s=lower,35011,0.4324692005,0.007028,0.9249,box_m=50/10/30;hbc=zero/zero/noflow;horder=2;href=1;hmesh=gen/0.025/0.0625/0.15/2;lm=10;mech=I+II;seeds=0+1+2;np=40;niter=150;pools=25;q=coarse/fine;polish=1;dmax=10
1,30,FE,2.33661265,11.68306325,5,10,30,20,9.8,1,fe,I,0.8974030885,2.143776935,1,0.1081503923,-0.5407519615,8.660254038,5,2.762762726,-4.140821277,5.297132256,781.8079602,-101.6277764,436.2180904,2.22e-15,s=lower,28215,0.5303278849,1.647,1.668,box_m=50/10/30;hbc=zero/zero/noflow;horder=2;href=1;hmesh=gen/0.025/0.0625/0.15/2;lm=10;mech=I+II;seeds=0+1+2;np=40;niter=150;pools=25;q=coarse/fine;polish=1;dmax=10
1,35,vopt,2.679854877,13.39927439,5,10,30,20,9.8,1,analytical,I,0.735400699,2.065173244,1,0.01070106569,-0.05350532843,7.140740034,5,2.970814209,-2.736074235,4.078309807,524.8331758,-10.40952775,206.2534073,2.44e-15,s=upper,31023,0.4552152564,0.004091,1.027,box_m=50/10/30;hbc=zero/zero/noflow;horder=2;href=1;hmesh=gen/0.025/0.0625/0.15/2;lm=10;mech=I+II;seeds=0+1+2;np=40;niter=150;pools=25;q=coarse/fine;polish=1;dmax=10
1,35,FE,1.831438059,9.157190293,5,10,30,20,9.8,1,fe,I,0.7956096051,2.095375933,1,0.1454723975,-0.7273619875,7.140740034,5,2.400269854,-3.192168356,4.469006573,602.8546609,-30.95861467,360.1287212,8.88e-16,s=lower,26414,0.5483264483,1.404,1.72,box_m=50/10/30;hbc=zero/zero/noflow;horder=2;href=1;hmesh=gen/0.025/0.0625/0.15/2;lm=10;mech=I+II;seeds=0+1+2;np=40;niter=150;pools=25;q=coarse/fine;polish=1;dmax=10
1,37.5,vopt,2.40918215,12.04591075,5,10,30,20,9.8,1,analytical,I,0.6568856674,2.043389502,1,0.01277072789,-0.06385363944,6.516126864,5,2.822207013,-2.225518465,3.644486045,455.2771968,5.777799494,183.1980307,6.66e-16,s=upper,29399,0.4655040146,0.00512,0.934,box_m=50/10/30;hbc=zero/zero/noflow;horder=2;href=1;hmesh=gen/0.025/0.0625/0.15/2;lm=10;mech=I+II;seeds=0+1+2;np=40;niter=150;pools=25;q=coarse/fine;polish=1;dmax=10
1,37.5,FE,1.66480795,8.324039748,5,10,30,20,9.8,1,fe,I,0.7557991899,2.066832906,1,0.1622219881,-0.8111099403,6.516126864,5,2.249332039,-2.88442851,4.205500319,542.8551905,-7.379976867,333.4567419,1.11e-15,s=lower,27065,0.5571163772,1.329,1.913,box_m=50/10/30;hbc=zero/zero/noflow;horder=2;href=1;hmesh=gen/0.025/0.0625/0.15/2;lm=10;mech=I+II;seeds=0+1+2;np=40;niter=150;pools=25;q=coarse/fine;polish=1;dmax=10
1,40,vopt,2.20226162,11.0113081,5,10,30,20,9.8,1,analytical,I,0.5832088743,2.01892937,1,0.0152300335,-0.0761501675,5.958767963,5,2.680597116,-1.818803709,3.302681111,401.2710141,17.72134831,164.4872551,8.88e-16,s=lower,28599,0.4751597956,0.004144,0.8265,box_m=50/10/30;hbc=zero/zero/noflow;horder=2;href=1;hmesh=gen/0.025/0.0625/0.15/2;lm=10;mech=I+II;seeds=0+1+2;np=40;niter=150;pools=25;q=coarse/fine;polish=1;dmax=10
1,40,FE,1.531048997,7.655244985,5,10,30,20,9.8,1,fe,I,0.7222114073,2.036217836,1,0.1782821537,-0.8914107687,5.958767963,5,2.116724208,-2.650130931,4.008998627,495.4854664,11.40896557,312.2158612,1.78e-15,s=upper,27230,0.5657563196,1.641,2.068,box_m=50/10/30;hbc=zero/zero/noflow;horder=2;href=1;hmesh=gen/0.025/0.0625/0.15/2;lm=10;mech=I+II;seeds=0+1+2;np=40;niter=150;pools=25;q=coarse/fine;polish=1;dmax=10
1,45,vopt,1.905672334,9.528361671,5,10,30,20,9.8,1,analytical,I,0.4487970052,1.964095624,1,0.02169783458,-0.1084891729,5,5,2.420159745,-1.217727079,2.806585931,324.2293559,33.72958657,136.409503,2.44e-15,s=lower,27509,0.4927776857,0.005332,0.9013,box_m=50/10/30;hbc=zero/zero/noflow;horder=2;href=1;hmesh=gen/0.025/0.0625/0.15/2;lm=10;mech=I+II;seeds=0+1+2;np=40;niter=150;pools=25;q=coarse/fine;polish=1;dmax=10
1,45,FE,1.32722172,6.636108598,5,10,30,20,9.8,1,fe,I,0.6713003088,1.970275699,1,0.2093953881,-1.04697694,5,5,1.900583942,-2.341462273,3.764380524,427.235338,39.83057717,282.0714319,1.33e-15,s=upper,25482,0.5826081524,1.981,2.029,box_m=50/10/30;hbc=zero/zero/noflow;horder=2;href=1;hmesh=gen/0.025/0.0625/0.15/2;lm=10;mech=I+II;seeds=0+1+2;np=40;niter=150;pools=25;q=coarse/fine;polish=1;dmax=10
1,50,vopt,1.701477747,8.507388734,5,10,30,20,9.8,1,analytical,I,0.3318349333,1.903686045,1,0.03141890764,-0.1570945382,4.195498156,5,2.187392683,-0.807854903,2.479768109,273.7888764,43.98989966,116.9225054,4.44e-16,s=upper,26792,0.5084057833,0.009123,1.457,box_m=50/10/30;hbc=zero/zero/noflow;horder=2;href=1;hmesh=gen/0.025/0.0625/0.15/2;lm=10;mech=I+II;seeds=0+1+2;np=40;niter=150;pools=25;q=coarse/fine;polish=1;dmax=10
1,50,FE,1.17608406,5.880420298,5,10,30,20,9.8,1,fe,I,0.6390386203,1.899725019,1,0.2403750151,-1.201875075,4.195498156,5,1.742174425,-2.187577672,3.667822724,383.0183248,61.41537764,264.257198,1.33e-15,s=upper,25476,0.5989527592,1.117,1.931,box_m=50/10/30;hbc=zero/zero/noflow;horder=2;href=1;hmesh=gen/0.025/0.0625/0.15/2;lm=10;mech=I+II;seeds=0+1+2;np=40;niter=150;pools=25;q=coarse/fine;polish=1;dmax=10
1,52.5,vopt,1.620709837,8.103549187,5,10,30,20,9.8,1,analytical,I,0.2813841152,1.871963329,1,0.03837174977,-0.1918587489,3.83663494,5,2.079614984,-0.6565774045,2.364463323,255.4194726,48.10116458,109.4961219,8.88e-16,s=upper,28735,0.5155544894,0.004957,1.165,box_m=50/10/30;hbc=zero/zero/noflow;horder=2;href=1;hmesh=gen/0.025/0.0625/0.15/2;lm=10;mech=I+II;seeds=0+1+2;np=40;niter=150;pools=25;q=coarse/fine;polish=1;dmax=10
1,52.5,FE,1.113236244,5.566181222,5,10,30,20,9.8,1,fe,I,0.6290024867,1.863125079,1,0.2561126276,-1.280563138,3.83663494,5,1.682963644,-2.156226641,3.664942607,367.3513094,70.96003823,259.0250043,6.66e-16,s=lower,25220,0.6069647669,1.358,1.803,box_m=50/10/30;hbc=zero/zero/noflow;horder=2;href=1;hmesh=gen/0.025/0.0625/0.15/2;lm=10;mech=I+II;seeds=0+1+2;np=40;niter=150;pools=25;q=coarse/fine;polish=1;dmax=10
1,55,vopt,1.549913657,7.749568287,5,10,30,20,9.8,1,analytical,I,0.2383002245,1.839429394,1,0.04761845368,-0.2380922684,3.501037691,5,1.976508506,-0.5379616989,2.279004032,240.74943,51.99299142,103.3378741,6.66e-16,s=upper,26107,0.5222954747,0.003915,1.349,box_m=50/10/30;hbc=zero/zero/noflow;horder=2;href=1;hmesh=gen/0.025/0.0625/0.15/2;lm=10;mech=I+II;seeds=0+1+2;np=40;niter=150;pools=25;q=coarse/fine;polish=1;dmax=10
1,55,FE,1.056612078,5.283060389,5,10,30,20,9.8,1,fe,I,0.6225606387,1.825822804,1,0.2721253911,-1.360626955,3.501037691,5,1.636648562,-2.151389828,3.689463202,355.1239756,80.15485118,255.9419842,1.55e-15,s=lower,27173,0.6148952739,1.388,2.107,box_m=50/10/30;hbc=zero/zero/noflow;horder=2;href=1;hmesh=gen/0.025/0.0625/0.15/2;lm=10;mech=I+II;seeds=0+1+2;np=40;niter=150;pools=25;q=coarse/fine;polish=1;dmax=10
1,60,vopt,1.429233579,7.146167897,5,10,30,20,9.8,1,analytical,I,0.1878926514,1.772292858,1,0.07871727576,-0.3935863788,2.886751346,5,1.780952444,-0.4134568668,2.213496255,221.9514059,60.68157405,94.61243044,1.11e-15,s=lower,26653,0.5346500479,0.005557,1.089,box_m=50/10/30;hbc=zero/zero/noflow;horder=2;href=1;hmesh=gen/0.025/0.0625/0.15/2;lm=10;mech=I+II;seeds=0+1+2;np=40;niter=150;pools=25;q=coarse/fine;polish=1;dmax=10
1,60,FE,0.9575138646,4.787569323,5,10,30,20,9.8,1,fe,I,0.6193315811,1.749408905,1,0.3051920816,-1.525960408,2.886751346,5,1.583825129,-2.216967348,3.819124286,339.4518563,98.66110593,255.8526707,6.66e-16,s=upper,26227,0.6305501926,1.096,2.057,box_m=50/10/30;hbc=zero/zero/noflow;horder=2;href=1;hmesh=gen/0.025/0.0625/0.15/2;lm=10;mech=I+II;seeds=0+1+2;np=40;niter=150;pools=25;q=coarse/fine;polish=1;dmax=10
1,65,vopt,1.321628456,6.608142281,5,10,30,20,9.8,1,analytical,I,0.2304932635,1.702851862,1,0.1466320627,-0.7331603137,2.331538291,5,1.594831912,-0.546295335,2.391231146,221.5824882,75.21112146,92.44756288,6.66e-16,s=upper,29076,0.545659787,0.007817,1.305,box_m=50/10/30;hbc=zero/zero/noflow;horder=2;href=1;hmesh=gen/0.025/0.0625/0.15/2;lm=10;mech=I+II;seeds=0+1+2;np=40;niter=150;pools=25;q=coarse/fine;polish=1;dmax=10
1,65,FE,0.8722291605,4.361145802,5,10,30,20,9.8,1,fe,I,0.6271864233,1.670979424,1,0.3399369956,-1.699684978,2.331538291,5,1.589310421,-2.383910709,4.062083333,334.0478097,119.0912656,263.8904378,4.44e-16,s=upper,28483,0.6460381201,1.363,2.275,box_m=50/10/30;hbc=zero/zero/noflow;horder=2;href=1;hmesh=gen/0.025/0.0625/0.15/2;lm=10;mech=I+II;seeds=0+1+2;np=40;niter=150;pools=25;q=coarse/fine;polish=1;dmax=10
1,67.5,vopt,1.264638065,6.323190323,5,10,30,20,9.8,1,analytical,I,0.3066275323,1.667667601,1,0.2051070042,-1.025535021,2.071067812,5,1.507264024,-0.801917074,2.656716394,233.1511379,87.84239048,96.51955818,1.33e-15,s=lower,27140,0.5507274667,0.006951,1.195,box_m=50/10/30;hbc=zero/zero/noflow;horder=2;href=1;hmesh=gen/0.025/0.0625/0.15/2;lm=10;mech=I+II;seeds=0+1+2;np=40;niter=150;pools=25;q=coarse/fine;polish=1;dmax=10
1,67.5,FE,0.8334354172,4.167177086,5,10,30,20,9.8,1,fe,I,0.6346554146,1.631101975,1,0.3580175397,-1.790087699,2.071067812,5,1.617680809,-2.509035462,4.231801644,335.0048511,130.7245945,271.2319869,1.11e-15,s=upper,27115,0.6537580115,1.218,2.326,box_m=50/10/30;hbc=zero/zero/noflow;horder=2;href=1;hmesh=gen/0.025/0.0625/0.15/2;lm=10;mech=I+II;seeds=0+1+2;np=40;niter=150;pools=25;q=coarse/fine;polish=1;dmax=10
1,70,vopt,1.198902753,5.994513767,5,10,30,20,9.8,1,analytical,I,0.4143083197,1.632668994,1,0.2805094916,-1.402547458,1.819851171,5,1.43284479,-1.246900674,3.097452258,256.1645249,106.006465,107.6593425,0.944,s=lower,28902,0.5555503989,0.005201,1.52,box_m=50/10/30;hbc=zero/zero/noflow;horder=2;href=1;hmesh=gen/0.025/0.0625/0.15/2;lm=10;mech=I+II;seeds=0+1+2;np=40;niter=150;pools=25;q=coarse/fine;polish=1;dmax=10
1,70,FE,0.7966989109,3.983494555,5,10,30,20,9.8,1,fe,I,0.6441668104,1.590832287,1,0.3766131607,-1.883065804,1.819851171,5,1.666241474,-2.665674146,4.438851294,338.466589,143.7378869,281.0983772,8.88e-16,s=lower,26306,0.6614797945,1.222,1.976,box_m=50/10/30;hbc=zero/zero/noflow;horder=2;href=1;hmesh=gen/0.025/0.0625/0.15/2;lm=10;mech=I+II;seeds=0+1+2;np=40;niter=150;pools=25;q=coarse/fine;polish=1;dmax=10
1,75,vopt,1.025174741,5.125873703,5,10,30,20,9.8,1,analytical,I,0.6502586222,1.562640019,1,0.4509104606,-2.254552303,1.339745962,5,1.40322097,-2.782148301,4.595612525,341.6141714,161.8618831,171.3634276,1.11e-15,s=upper,29198,0.5646799842,0.003803,1.275,box_m=50/10/30;hbc=zero/zero/noflow;horder=2;href=1;hmesh=gen/0.025/0.0625/0.15/2;lm=10;mech=I+II;seeds=0+1+2;np=40;niter=150;pools=25;q=coarse/fine;polish=1;dmax=10
1,75,FE,0.7283178324,3.641589162,5,10,30,20,9.8,1,fe,I,0.668514306,1.509143275,1,0.4154479017,-2.077239508,1.339745962,5,1.839367404,-3.093488109,4.99093963,353.7254172,175.6609042,310.0136207,1.11e-15,s=upper,30431,0.6770069868,1.168,1.568,box_m=50/10/30;hbc=zero/zero/noflow;horder=2;href=1;hmesh=gen/0.025/0.0625/0.15/2;lm=10;mech=I+II;seeds=0+1+2;np=40;niter=150;pools=25;q=coarse/fine;polish=1;dmax=10
1,80,vopt,0.7924415454,3.962207727,5,10,30,20,9.8,1,analytical,I,0.8593302712,1.481452344,1,0.6086187691,-3.043093845,0.8816349035,5,1.836618712,-5.660387248,7.473391361,508.3939079,265.1897428,376.3640865,2e-15,s=upper,33100,0.5738064792,0.01352,1.56,box_m=50/10/30;hbc=zero/zero/noflow;horder=2;href=1;hmesh=gen/0.025/0.0625/0.15/2;lm=10;mech=I+II;seeds=0+1+2;np=40;niter=150;pools=25;q=coarse/fine;polish=1;dmax=10
1,80,FE,0.6653535602,3.326767801,5,10,30,20,9.8,1,fe,I,0.6986823609,1.426000846,1,0.4566899625,-2.283449813,0.8816349035,5,2.154298986,-3.727879571,5.795748485,382.8252755,219.7085201,355.6626786,1.11e-15,s=upper,27598,0.6927491286,1.064,2.104,box_m=50/10/30;hbc=zero/zero/noflow;horder=2;href=1;hmesh=gen/0.025/0.0625/0.15/2;lm=10;mech=I+II;seeds=0+1+2;np=40;niter=150;pools=25;q=coarse/fine;polish=1;dmax=10
1,82.5,vopt,0.7209950784,3.604975392,5,10,30,20,9.8,1,analytical,I,0.8977593774,1.438643365,1,0.6424097408,-3.212048704,0.6582624879,5,2.230378276,-6.826848731,8.730743098,572.6162042,320.1880863,474.014567,6.66e-16,s=lower,29526,0.5786708385,0.001936,0.4371,box_m=50/10/30;hbc=zero/zero/noflow;horder=2;href=1;hmesh=gen/0.025/0.0625/0.15/2;lm=10;mech=I+II;seeds=0+1+2;np=40;niter=150;pools=25;q=coarse/fine;polish=1;dmax=10
1,82.5,FE,0.6355212965,3.177606483,5,10,30,20,9.8,1,fe,I,0.7155182216,1.383881769,1,0.4782929039,-2.39146452,0.6582624879,5,2.389816541,-4.155743747,6.334891843,404.391154,248.7659778,387.5481098,6.66e-16,s=upper,29996,0.7007467012,1.211,1.916,box_m=50/10/30;hbc=zero/zero/noflow;horder=2;href=1;hmesh=gen/0.025/0.0625/0.15/2;lm=10;mech=I+II;seeds=0+1+2;np=40;niter=150;pools=25;q=coarse/fine;polish=1;dmax=10
1,85,vopt,0.6785494229,3.392747115,5,10,30,20,9.8,1,analytical,I,0.909398849,1.398311067,1,0.6598369622,-3.299184811,0.4374433176,5,2.637276627,-7.627015525,9.665037,613.7335618,370.6334648,533.8453265,4.44e-16,s=upper,28962,0.5832474822,0.002398,0.8689,box_m=50/10/30;hbc=zero/zero/noflow;horder=2;href=1;hmesh=gen/0.025/0.0625/0.15/2;lm=10;mech=I+II;seeds=0+1+2;np=40;niter=150;pools=25;q=coarse/fine;polish=1;dmax=10
1,85,FE,0.6066374016,3.033187008,5,10,30,20,9.8,1,fe,I,0.7333206513,1.341390416,1,0.5006057374,-2.503028687,0.4374433176,5,2.699537321,-4.687072154,7.002523719,432.3293884,284.6825122,427.9827263,3.19,s=lower,32637,0.7088537818,1.345,1.703,box_m=50/10/30;hbc=zero/zero/noflow;horder=2;href=1;hmesh=gen/0.025/0.0625/0.15/2;lm=10;mech=I+II;seeds=0+1+2;np=40;niter=150;pools=25;q=coarse/fine;polish=1;dmax=10
1,90,vopt,0.6015382583,3.007691292,5,10,30,20,9.8,1,analytical,I,0.9341355457,1.315439398,1,0.6962358257,-3.481179128,0,5,3.91767108,-10.00701473,12.44521307,741.9699459,520.3805873,713.0737036,3.11e-15,s=upper,31514,0.5913769302,0.003015,0.7543,box_m=50/10/30;hbc=zero/zero/noflow;horder=2;href=1;hmesh=gen/0.025/0.0625/0.15/2;lm=10;mech=I+II;seeds=0+1+2;np=40;niter=150;pools=25;q=coarse/fine;polish=1;dmax=10
1,90,FE,0.5513711999,2.756855999,5,10,30,20,9.8,1,fe,I,0.7712502017,1.255291091,1,0.5475675475,-2.737837738,0,5,3.663046841,-6.222280604,8.926819103,516.7521173,388.8829951,548.3297528,5.28,s=lower,37157,0.7254808217,1.239,1.788,box_m=50/10/30;hbc=zero/zero/noflow;horder=2;href=1;hmesh=gen/0.025/0.0625/0.15/2;lm=10;mech=I+II;seeds=0+1+2;np=40;niter=150;pools=25;q=coarse/fine;polish=1;dmax=10
5,15,vopt,inf,inf,5,10,30,20,9.8,1,analytical,,,,,,,,,,,,,,,,,24960,0.1198373761,0.01189,0.7813,box_m=50/10/30;hbc=zero/zero/noflow;horder=2;href=1;hmesh=gen/0.025/0.0625/0.15/2;lm=10;mech=I+II;seeds=0+1+2;np=40;niter=150;pools=25;q=coarse/fine;polish=1;dmax=10
5,15,FE,inf,inf,5,10,30,20,9.8,1,fe,,,,,,,,,,,,,,,,,24960,0.1903656663,2.202,2.077,box_m=50/10/30;hbc=zero/zero/noflow;horder=2;href=1;hmesh=gen/0.025/0.0625/0.15/2;lm=10;mech=I+II;seeds=0+1+2;np=40;niter=150;pools=25;q=coarse/fine;polish=1;dmax=10
5,20,vopt,inf,inf,5,10,30,20,9.8,1,analytical,,,,,,,,,,,,,,,,,24960,0.1321991758,0.008907,0.7679,box_m=50/10/30;hbc=zero/zero/noflow;horder=2;href=1;hmesh=gen/0.025/0.0625/0.15/2;lm=10;mech=I+II;seeds=0+1+2;np=40;niter=150;pools=25;q=coarse/fine;polish=1;dmax=10
5,20,FE,17.30389474,86.5194737,5,10,30,20,9.8,1,fe,II,1.220443818,2.28689032,0.6617539764,1.154631946e-15,-5.773159728e-15,17.04615698,5,3.754587488,-10.27449244,10.93901833,2514.191404,-713.3538791,858.6501515,0.000438,,75762,0.2024360769,2.038,4.893,box_m=50/10/30;hbc=zero/zero/noflow;horder=2;href=1;hmesh=gen/0.025/0.0625/0.15/2;lm=10;mech=I+II;seeds=0+1+2;np=40;niter=150;pools=25;q=coarse/fine;polish=1;dmax=10
5,25,vopt,18.50021609,92.50108043,5,10,30,20,9.8,1,analytical,I,1.222782225,2.030375245,1,0.0006865537107,-0.003432768553,10.7225346,5,3.486605338,-9.620270823,10.2337665,1397.600583,-154.1835746,229.7286696,1.89e-14,s=lower,93276,0.1430607102,0.01462,13.09,box_m=50/10/30;hbc=zero/zero/noflow;horder=2;href=1;hmesh=gen/0.025/0.0625/0.15/2;lm=10;mech=I+II;seeds=0+1+2;np=40;niter=150;pools=25;q=coarse/fine;polish=1;dmax=10
5,25,FE,5.938447747,29.69223873,5,10,30,20,9.8,1,fe,II,0.9411615907,2.34362123,0.5505090683,9.858780459e-15,-4.929390229e-14,13.47507994,5,3.677268846,-5.047342535,6.244835693,1367.871723,-330.3553621,560.6969904,9.52e-06,,44213,0.2125058877,1.591,2.055,box_m=50/10/30;hbc=zero/zero/noflow;horder=2;href=1;hmesh=gen/0.025/0.0625/0.15/2;lm=10;mech=I+II;seeds=0+1+2;np=40;niter=150;pools=25;q=coarse/fine;polish=1;dmax=10
5,30,vopt,6.86154796,34.3077398,5,10,30,20,9.8,1,analytical,I,0.9682040249,2.0602267,1,0.00623078779,-0.03115393895,8.660254038,5,3.366374703,-4.938633107,5.99443891,786.9424634,-54.12574167,168.8145069,1.33e-15,s=lower,43469,0.1529368344,0.006841,0.8799,box_m=50/10/30;hbc=zero/zero/noflow;horder=2;href=1;hmesh=gen/0.025/0.0625/0.15/2;lm=10;mech=I+II;seeds=0+1+2;np=40;niter=150;pools=25;q=coarse/fine;polish=1;dmax=10
5,30,FE,3.792672743,18.96336372,5,10,30,20,9.8,1,fe,I,0.9236741833,2.106302216,1,0.05122232728,-0.2561116364,8.660254038,5,3.076712632,-4.41040364,5.528053714,772.2543679,-75.00402197,278.621476,3.55e-15,s=lower,29461,0.2209123541,1.522,1.792,box_m=50/10/30;hbc=zero/zero/noflow;horder=2;href=1;hmesh=gen/0.025/0.0625/0.15/2;lm=10;mech=I+II;seeds=0+1+2;np=40;niter=150;pools=25;q=coarse/fine;polish=1;dmax=10
5,35,vopt,4.344212185,21.72106092,5,10,30,20,9.8,1,analytical,I,0.7805102028,2.039911135,1,0.01325765219,-0.06628826094,7.140740034,5,3.044901652,-3.080922869,4.378537244,544.7786328,-4.813195283,130.2165157,2.44e-15,s=lower,35702,0.1620428966,0.0105,1.07,box_m=50/10/30;hbc=zero/zero/noflow;horder=2;href=1;hmesh=gen/0.025/0.0625/0.15/2;lm=10;mech=I+II;seeds=0+1+2;np=40;niter=150;pools=25;q=coarse/fine;polish=1;dmax=10
5,35,FE,2.785269513,13.92634756,5,10,30,20,9.8,1,fe,I,0.8246006617,2.055564806,1,0.09756820695,-0.4878410347,7.140740034,5,2.694410174,-3.44207444,4.687707244,598.1106665,-13.36868506,228.1093641,5.55e-15,s=upper,30684,0.2280353818,1.336,2.035,box_m=50/10/30;hbc=zero/zero/noflow;horder=2;href=1;hmesh=gen/0.025/0.0625/0.15/2;lm=10;mech=I+II;seeds=0+1+2;np=40;niter=150;pools=25;q=coarse/fine;polish=1;dmax=10
5,37.5,vopt,3.721015702,18.60507851,5,10,30,20,9.8,1,analytical,I,0.7011677173,2.020643118,1,0.01739080275,-0.08695401375,6.516126864,5,2.888692557,-2.512298231,3.894369643,471.349823,10.4165022,116.2558531,1.33e-15,s=lower,33336,0.1663318244,0.008201,1.13,box_m=50/10/30;hbc=zero/zero/noflow;horder=2;href=1;hmesh=gen/0.025/0.0625/0.15/2;lm=10;mech=I+II;seeds=0+1+2;np=40;niter=150;pools=25;q=coarse/fine;polish=1;dmax=10
5,37.5,FE,2.468501269,12.34250635,5,10,30,20,9.8,1,fe,I,0.786626756,2.025491667,1,0.1177412418,-0.5887062092,6.516126864,5,2.53904091,-3.135442031,4.428746863,540.3031252,7.523254552,211.35576,2.22e-15,s=upper,28753,0.2312025813,1.329,1.822,box_m=50/10/30;hbc=zero/zero/noflow;horder=2;href=1;hmesh=gen/0.025/0.0625/0.15/2;lm=10;mech=I+II;seeds=0+1+2;np=40;niter=150;pools=25;q=coarse/fine;polish=1;dmax=10
5,40,vopt,3.277618309,16.38809154,5,10,30,20,9.8,1,analytical,I,0.6296637256,1.997295064,1,0.02219977196,-0.1109988598,5.958767963,5,2.742209794,-2.078847297,3.530213266,415.6395377,21.95213187,104.8593204,1.11e-15,s=lower,31494,0.1704468162,0.00769,1.044,box_m=50/10/30;hbc=zero/zero/noflow;horder=2;href=1;hmesh=gen/0.025/0.0625/0.15/2;lm=10;mech=I+II;seeds=0+1+2;np=40;niter=150;pools=25;q=coarse/fine;polish=1;dmax=10
5,40,FE,2.219268683,11.09634342,5,10,30,20,9.8,1,fe,I,0.7548255528,1.993325498,1,0.1366929042,-0.6834645211,5.958767963,5,2.404669493,-2.90485557,4.239664795,494.8780923,24.34737523,198.6441427,2.44e-15,s=lower,26860,0.2341617127,1.181,1.889,box_m=50/10/30;hbc=zero/zero/noflow;horder=2;href=1;hmesh=gen/0.025/0.0625/0.15/2;lm=10;mech=I+II;seeds=0+1+2;np=40;niter=150;pools=25;q=coarse/fine;polish=1;dmax=10
5,45,vopt,2.683996784,13.41998392,5,10,30,20,9.8,1,analytical,I,0.5084908694,1.941567267,1,0.03477900519,-0.173895026,5,5,2.480985327,-1.479774754,3.039428073,338.570837,38.26631097,87.87796723,2e-15,s=upper,30588,0.1781422397,0.006079,0.9607,box_m=50/10/30;hbc=zero/zero/noflow;horder=2;href=1;hmesh=gen/0.025/0.0625/0.15/2;lm=10;mech=I+II;seeds=0+1+2;np=40;niter=150;pools=25;q=coarse/fine;polish=1;dmax=10
5,45,FE,1.847696727,9.238483635,5,10,30,20,9.8,1,fe,I,0.7066725368,1.924588933,1,0.1723563217,-0.8617816083,5,5,2.19079596,-2.606166751,4.013768173,429.8522724,50.25298792,182.3892342,2.44e-15,s=upper,28404,0.2395411335,1.461,2.232,box_m=50/10/30;hbc=zero/zero/noflow;horder=2;href=1;hmesh=gen/0.025/0.0625/0.15/2;lm=10;mech=I+II;seeds=0+1+2;np=40;niter=150;pools=25;q=coarse/fine;polish=1;dmax=10
5,50,vopt,2.295609626,11.47804813,5,10,30,20,9.8,1,analytical,I,0.4184355341,1.877005173,1,0.05382225121,-0.269111256,4.195498156,5,2.259266187,-1.124362855,2.767107573,290.983932,50.08778014,76.66893349,1.78e-15,s=upper,27382,0.1850857036,0.008804,1.25,box_m=50/10/30;hbc=zero/zero/noflow;horder=2;href=1;hmesh=gen/0.025/0.0625/0.15/2;lm=10;mech=I+II;seeds=0+1+2;np=40;niter=150;pools=25;q=coarse/fine;polish=1;dmax=10
5,50,FE,1.57938885,7.896944249,5,10,30,20,9.8,1,fe,I,0.675453932,1.85201877,1,0.2066617667,-1.033308833,4.195498156,5,2.039852239,-2.462124367,3.937813527,388.1849234,70.51411764,175.2676121,8.88e-16,s=lower,26373,0.244344708,1.383,1.658,box_m=50/10/30;hbc=zero/zero/noflow;horder=2;href=1;hmesh=gen/0.025/0.0625/0.15/2;lm=10;mech=I+II;seeds=0+1+2;np=40;niter=150;pools=25;q=coarse/fine;polish=1;dmax=10
5,52.5,vopt,2.143773107,10.71886553,5,10,30,20,9.8,1,analytical,I,0.3870096368,1.842239989,1,0.06696725661,-0.334836283,3.83663494,5,2.161868172,-1.017565763,2.69610334,274.9368097,55.47543577,72.77358874,1.33e-15,s=upper,26756,0.1882573241,0.006913,1.324,box_m=50/10/30;hbc=zero/zero/noflow;horder=2;href=1;hmesh=gen/0.025/0.0625/0.15/2;lm=10;mech=I+II;seeds=0+1+2;np=40;niter=150;pools=25;q=coarse/fine;polish=1;dmax=10
5,52.5,FE,1.47003633,7.350181652,5,10,30,20,9.8,1,fe,I,0.6651817404,1.814783221,1,0.2237193387,-1.118596694,3.83663494,5,1.985685853,-2.4351278,3.945429955,373.609598,79.69416663,174.4557413,1.11e-15,s=lower,26574,0.2465688507,1.39,1.713,box_m=50/10/30;hbc=zero/zero/noflow;horder=2;href=1;hmesh=gen/0.025/0.0625/0.15/2;lm=10;mech=I+II;seeds=0+1+2;np=40;niter=150;pools=25;q=coarse/fine;polish=1;dmax=10
5,55,vopt,2.010253524,10.05126762,5,10,30,20,9.8,1,analytical,I,0.3660711682,1.806167494,1,0.08328448017,-0.4164224009,3.501037691,5,2.073087274,-0.9543538794,2.666167614,263.1411501,61.00446496,69.89501959,6.66e-16,s=upper,27641,0.1912188824,0.005904,1.017,box_m=50/10/30;hbc=zero/zero/noflow;horder=2;href=1;hmesh=gen/0.025/0.0625/0.15/2;lm=10;mech=I+II;seeds=0+1+2;np=40;niter=150;pools=25;q=coarse/fine;polish=1;dmax=10
5,55,FE,1.373037871,6.865189353,5,10,30,20,9.8,1,fe,I,0.6581585108,1.777030061,1,0.2408915707,-1.204457853,3.501037691,5,1.945489208,-2.435408127,3.981630223,362.4458851,88.70069616,175.2730025,1.33e-15,s=upper,26080,0.2487008546,1.323,2.062,box_m=50/10/30;hbc=zero/zero/noflow;horder=2;href=1;hmesh=gen/0.025/0.0625/0.15/2;lm=10;mech=I+II;seeds=0+1+2;np=40;niter=150;pools=25;q=coarse/fine;polish=1;dmax=10
5,60,vopt,1.780115379,8.900576893,5,10,30,20,9.8,1,analytical,I,0.3593687846,1.731071416,1,0.1275949132,-0.6379745662,2.886751346,5,1.92291125,-0.9620796716,2.735641325,251.0750391,73.87201685,67.17223349,2e-15,s=upper,26343,0.1964856185,0.006335,1.171,box_m=50/10/30;hbc=zero/zero/noflow;horder=2;href=1;hmesh=gen/0.025/0.0625/0.15/2;lm=10;mech=I+II;seeds=0+1+2;np=40;niter=150;pools=25;q=coarse/fine;polish=1;dmax=10
5,60,FE,1.207301001,6.036505005,5,10,30,20,9.8,1,fe,I,0.6527478738,1.700325534,1,0.2759050542,-1.379525271,2.886751346,5,1.908052067,-2.513515236,4.13834793,348.8769472,107.287393,181.6852384,1.78e-15,s=lower,26827,0.2527224053,1.28,1.712,box_m=50/10/30;hbc=zero/zero/noflow;horder=2;href=1;hmesh=gen/0.025/0.0625/0.15/2;lm=10;mech=I+II;seeds=0+1+2;np=40;niter=150;pools=25;q=coarse/fine;polish=1;dmax=10
5,65,vopt,1.579393657,7.896968283,5,10,30,20,9.8,1,analytical,I,0.4004226137,1.653629013,1,0.1892979472,-0.9464897359,2.331538291,5,1.819229945,-1.170705537,3.003290996,253.9213318,91.5668355,69.20456608,8.88e-16,s=lower,28406,0.2008470776,0.006851,1.113,box_m=50/10/30;hbc=zero/zero/noflow;horder=2;href=1;hmesh=gen/0.025/0.0625/0.15/2;lm=10;mech=I+II;seeds=0+1+2;np=40;niter=150;pools=25;q=coarse/fine;polish=1;dmax=10
5,65,FE,1.069763209,5.348816044,5,10,30,20,9.8,1,fe,I,0.6574845667,1.622298322,1,0.3122709672,-1.561354836,2.331538291,5,1.934662512,-2.6992127,4.416773313,345.7822938,128.4236503,194.8089034,1.01,s=lower,29488,0.2564933457,1.174,1.785,box_m=50/10/30;hbc=zero/zero/noflow;horder=2;href=1;hmesh=gen/0.025/0.0625/0.15/2;lm=10;mech=I+II;seeds=0+1+2;np=40;niter=150;pools=25;q=coarse/fine;polish=1;dmax=10
5,67.5,vopt,1.485189288,7.425946442,5,10,30,20,9.8,1,analytical,I,0.4360483145,1.614573339,1,0.2261438838,-1.130719419,2.071067812,5,1.792378119,-1.362052235,3.224854339,261.1386249,103.2017323,72.62678117,1.11e-15,s=upper,28550,0.2026841784,0.006472,1.343,box_m=50/10/30;hbc=zero/zero/noflow;horder=2;href=1;hmesh=gen/0.025/0.0625/0.15/2;lm=10;mech=I+II;seeds=0+1+2;np=40;niter=150;pools=25;q=coarse/fine;polish=1;dmax=10
5,67.5,FE,1.009026315,5.045131574,5,10,30,20,9.8,1,fe,I,0.663170271,1.582852479,1,0.3310909306,-1.655454653,2.071067812,5,1.976575168,-2.837331918,4.608914518,348.0608702,140.6782952,204.2689724,1.55e-15,s=lower,27832,0.2583073895,1.221,2.049,box_m=50/10/30;hbc=zero/zero/noflow;horder=2;href=1;hmesh=gen/0.025/0.0625/0.15/2;lm=10;mech=I+II;seeds=0+1+2;np=40;niter=150;pools=25;q=coarse/fine;polish=1;dmax=10
5,70,vopt,1.393547919,6.967739594,5,10,30,20,9.8,1,analytical,I,0.4787120048,1.575508247,1,0.2659950342,-1.329975171,1.819851171,5,1.788665116,-1.618495883,3.513608709,272.4517147,117.2815871,78.22781084,8.88e-16,s=lower,27429,0.2042946206,0.008245,1.28,box_m=50/10/30;hbc=zero/zero/noflow;horder=2;href=1;hmesh=gen/0.025/0.0625/0.15/2;lm=10;mech=I+II;seeds=0+1+2;np=40;niter=150;pools=25;q=coarse/fine;polish=1;dmax=10
5,70,FE,0.9526341271,4.763170636,5,10,30,20,9.8,1,fe,I,0.6707785735,1.543161385,1,0.350387024,-1.75193512,1.819851171,5,2.04126306,-3.009987023,4.842352147,352.99664,154.5228107,216.0251572,1.33e-15,s=upper,26685,0.2600726425,1.242,1.841,box_m=50/10/30;hbc=zero/zero/noflow;horder=2;href=1;hmesh=gen/0.025/0.0625/0.15/2;lm=10;mech=I+II;seeds=0+1+2;np=40;niter=150;pools=25;q=coarse/fine;polish=1;dmax=10
5,75,vopt,1.216018166,6.080090832,5,10,30,20,9.8,1,analytical,I,0.5749440427,1.497579918,1,0.3506822326,-1.753411163,1.339745962,5,1.879126066,-2.353760764,4.32845428,308.5926665,155.070019,98.70305365,4.44e-16,s=upper,28142,0.2068582624,0.004915,0.998,box_m=50/10/30;hbc=zero/zero/noflow;horder=2;href=1;hmesh=gen/0.025/0.0625/0.15/2;lm=10;mech=I+II;seeds=0+1+2;np=40;niter=150;pools=25;q=coarse/fine;polish=1;dmax=10
5,75,FE,0.8509025693,4.254512847,5,10,30,20,9.8,1,fe,I,0.6912678831,1.462960159,1,0.3905920976,-1.952960488,1.339745962,5,2.258262313,-3.48466002,5.466008867,372.0087899,188.9895298,248.2036382,4.44e-16,s=upper,31046,0.26353446,1.114,1.735,box_m=50/10/30;hbc=zero/zero/noflow;horder=2;href=1;hmesh=gen/0.025/0.0625/0.15/2;lm=10;mech=I+II;seeds=0+1+2;np=40;niter=150;pools=25;q=coarse/fine;polish=1;dmax=10
5,80,vopt,1.046154593,5.230772963,5,10,30,20,9.8,1,analytical,I,0.6727841881,1.419494186,1,0.4361358171,-2.180679085,0.8816349035,5,2.172863489,-3.468885025,5.566551559,367.2189209,211.9201827,139.097653,0,s=lower,30472,0.2086095602,0.007922,1.05,box_m=50/10/30;hbc=zero/zero/noflow;horder=2;href=1;hmesh=gen/0.025/0.0625/0.15/2;lm=10;mech=I+II;seeds=0+1+2;np=40;niter=150;pools=25;q=coarse/fine;polish=1;dmax=10
5,80,FE,0.7610653764,3.805326882,5,10,30,20,9.8,1,fe,I,0.7176382612,1.381684107,1,0.4331817475,-2.165908737,0.8816349035,5,2.641879213,-4.19670862,6.38178566,406.6051733,237.3964688,296.8614096,1.55e-15,s=lower,27678,0.266915634,1.075,1.735,box_m=50/10/30;hbc=zero/zero/noflow;horder=2;href=1;hmesh=gen/0.025/0.0625/0.15/2;lm=10;mech=I+II;seeds=0+1+2;np=40;niter=150;pools=25;q=coarse/fine;polish=1;dmax=10
5,82.5,vopt,0.9646832891,4.823416446,5,10,30,20,9.8,1,analytical,I,0.7196990923,1.379941498,1,0.4777388569,-2.388694285,0.6582624879,5,2.442462221,-4.234680956,6.424375143,408.6782979,251.7842607,171.8556038,8.88e-16,s=lower,30360,0.209214317,0.006843,1.132,box_m=50/10/30;hbc=zero/zero/noflow;horder=2;href=1;hmesh=gen/0.025/0.0625/0.15/2;lm=10;mech=I+II;seeds=0+1+2;np=40;niter=150;pools=25;q=coarse/fine;polish=1;dmax=10
5,82.5,FE,0.7198190537,3.599095268,5,10,30,20,9.8,1,fe,I,0.7326557337,1.340621519,1,0.4554692091,-2.277346046,0.6582624879,5,2.927152117,-4.682547292,7.0009321,432.0300397,269.7648902,330.4276686,2.22e-16,s=lower,30916,0.2685950622,1.089,1.919,box_m=50/10/30;hbc=zero/zero/noflow;horder=2;href=1;hmesh=gen/0.025/0.0625/0.15/2;lm=10;mech=I+II;seeds=0+1+2;np=40;niter=150;pools=25;q=coarse/fine;polish=1;dmax=10
5,85,vopt,0.8858031853,4.429015927,5,10,30,20,9.8,1,analytical,I,0.7649778709,1.339656064,1,0.5183012222,-2.591506111,0.4374433176,5,2.841670606,-5.215693444,7.531458513,462.6120131,303.8509485,218.4005185,1.55e-15,s=lower,32919,0.2096620558,0.0054,1.286,box_m=50/10/30;hbc=zero/zero/noflow;horder=2;href=1;hmesh=gen/0.025/0.0625/0.15/2;lm=10;mech=I+II;seeds=0+1+2;np=40;niter=150;pools=25;q=coarse/fine;polish=1;dmax=10
5,85,FE,0.6806904731,3.403452366,5,10,30,20,9.8,1,fe,I,0.7487073435,1.299260849,1,0.4784764032,-2.392382016,0.4374433176,5,3.302833165,-5.29190764,7.77430141,465.0041949,310.1973211,372.9387198,3.2,s=lower,33124,0.2702738372,1.294,1.511,box_m=50/10/30;hbc=zero/zero/noflow;horder=2;href=1;hmesh=gen/0.025/0.0625/0.15/2;lm=10;mech=I+II;seeds=0+1+2;np=40;niter=150;pools=25;q=coarse/fine;polish=1;dmax=10
5,90,vopt,0.7356609664,3.678304832,5,10,30,20,9.8,1,analytical,I,0.852334275,1.255071384,1,0.5966082486,-2.983041243,0,5,4.38645102,-8.428532759,11.1959627,642.7368955,479.0721152,394.6141681,6.66e-16,s=upper,58037,0.2101804535,0.005092,14.22,box_m=50/10/30;hbc=zero/zero/noflow;horder=2;href=1;hmesh=gen/0.025/0.0625/0.15/2;lm=10;mech=I+II;seeds=0+1+2;np=40;niter=150;pools=25;q=coarse/fine;polish=1;dmax=10
5,90,FE,0.6080095647,3.040047824,5,10,30,20,9.8,1,fe,I,0.7833909493,1.215579107,1,0.5268442657,-2.634221328,0,5,4.485113615,-7.090812098,10.04811158,565.8561065,430.0281655,500.6415794,4.44e-16,s=upper,37730,0.273654155,1.017,2.147,box_m=50/10/30;hbc=zero/zero/noflow;horder=2;href=1;hmesh=gen/0.025/0.0625/0.15/2;lm=10;mech=I+II;seeds=0+1+2;np=40;niter=150;pools=25;q=coarse/fine;polish=1;dmax=10
10,15,vopt,inf,inf,5,10,30,20,9.8,1,analytical,,,,,,,,,,,,,,,,,24960,0.06779371743,0.01183,0.6861,box_m=50/10/30;hbc=zero/zero/noflow;horder=2;href=1;hmesh=gen/0.025/0.0625/0.15/2;lm=10;mech=I+II;seeds=0+1+2;np=40;niter=150;pools=25;q=coarse/fine;polish=1;dmax=10
10,15,FE,inf,inf,5,10,30,20,9.8,1,fe,,,,,,,,,,,,,,,,,24960,0.1352895914,2.157,2.008,box_m=50/10/30;hbc=zero/zero/noflow;horder=2;href=1;hmesh=gen/0.025/0.0625/0.15/2;lm=10;mech=I+II;seeds=0+1+2;np=40;niter=150;pools=25;q=coarse/fine;polish=1;dmax=10
10,20,vopt,inf,inf,5,10,30,20,9.8,1,analytical,,,,,,,,,,,,,,,,,24960,0.07386251592,0.01567,0.9362,box_m=50/10/30;hbc=zero/zero/noflow;horder=2;href=1;hmesh=gen/0.025/0.0625/0.15/2;lm=10;mech=I+II;seeds=0+1+2;np=40;niter=150;pools=25;q=coarse/fine;polish=1;dmax=10
10,20,FE,38.94269494,194.7134747,5,10,30,20,9.8,1,fe,II,1.207330319,2.333942388,0.9840979183,7.815970093e-15,-3.907985047e-14,18.65787669,5,3.948010607,-10.37952891,11.10501725,2854.321537,-928.8232527,1002.118682,0.0118,,74638,0.1439134916,1.988,10.95,box_m=50/10/30;hbc=zero/zero/noflow;horder=2;href=1;hmesh=gen/0.025/0.0625/0.15/2;lm=10;mech=I+II;seeds=0+1+2;np=40;niter=150;pools=25;q=coarse/fine;polish=1;dmax=10
10,25,vopt,50.88172749,254.4086375,5,10,30,20,9.8,1,analytical,I,1.262130431,2.001126386,1,9.868470485e-11,-4.934235243e-10,10.7225346,5,3.454459169,-10.83387756,11.37128801,1508.879594,-145.9941804,175.6488259,0.3,s=lower,83928,0.07958545948,0.01078,11.41,box_m=50/10/30;hbc=zero/zero/noflow;horder=2;href=1;hmesh=gen/0.025/0.0625/0.15/2;lm=10;mech=I+II;seeds=0+1+2;np=40;niter=150;pools=25;q=coarse/fine;polish=1;dmax=10
10,25,FE,7.572877198,37.86438599,5,10,30,20,9.8,1,fe,II,0.923703876,2.399834659,0.8207730817,1.874056466e-14,-9.370282328e-14,14.82640001,5,3.833376795,-5.073109567,6.358554737,1575.151924,-458.227735,666.2268722,0.000196,,47236,0.1505465017,1.611,2.62,box_m=50/10/30;hbc=zero/zero/noflow;horder=2;href=1;hmesh=gen/0.025/0.0625/0.15/2;lm=10;mech=I+II;seeds=0+1+2;np=40;niter=150;pools=25;q=coarse/fine;polish=1;dmax=10
10,30,vopt,8.826193698,44.13096849,5,10,30,20,9.8,1,analytical,I,0.9772957874,2.054659094,1,0.007003462709,-0.03501731355,8.660254038,5,3.37570783,-5.055641767,6.098570298,795.4426038,-52.78459565,142.9075446,3.55e-15,s=lower,45708,0.08507481994,0.009922,1.168,box_m=50/10/30;hbc=zero/zero/noflow;horder=2;href=1;hmesh=gen/0.025/0.0625/0.15/2;lm=10;mech=I+II;seeds=0+1+2;np=40;niter=150;pools=25;q=coarse/fine;polish=1;dmax=10
10,30,FE,4.709004895,23.54502448,5,10,30,20,9.8,1,fe,II,0.7119901278,2.420193926,0.7341502437,0.01309195324,-0.06545976618,12.33100526,5,3.322269946,-2.923593845,4.474831122,1073.148696,-238.3962166,466.2890985,6.22e-15,,36418,0.1557810839,1.594,2.538,box_m=50/10/30;hbc=zero/zero/noflow;horder=2;href=1;hmesh=gen/0.025/0.0625/0.15/2;lm=10;mech=I+II;seeds=0+1+2;np=40;niter=150;pools=25;q=coarse/fine;polish=1;dmax=10
10,35,vopt,4.999405082,24.99702541,5,10,30,20,9.8,1,analytical,I,0.7876213083,2.036871778,1,0.01562397467,-0.07811987334,7.140740034,5,3.046658893,-3.138703417,4.428961671,548.9240727,-4.208391822,114.0062705,3.33e-15,s=lower,34912,0.09031790977,0.009132,1.01,box_m=50/10/30;hbc=zero/zero/noflow;horder=2;href=1;hmesh=gen/0.025/0.0625/0.15/2;lm=10;mech=I+II;seeds=0+1+2;np=40;niter=150;pools=25;q=coarse/fine;polish=1;dmax=10
10,35,FE,3.539607779,17.6980389,5,10,30,20,9.8,1,fe,I,0.8550516832,2.028440201,1,0.0803648013,-0.4018240065,7.140740034,5,2.84127769,-3.729559012,4.942400129,608.4976634,-5.097361459,177.008404,0.0369,s=lower,33686,0.1600441695,1.316,2.411,box_m=50/10/30;hbc=zero/zero/noflow;horder=2;href=1;hmesh=gen/0.025/0.0625/0.15/2;lm=10;mech=I+II;seeds=0+1+2;np=40;niter=150;pools=25;q=coarse/fine;polish=1;dmax=10
10,37.5,vopt,4.178690002,20.89345001,5,10,30,20,9.8,1,analytical,I,0.7101205586,2.017257534,1,0.02059202593,-0.1029601297,6.516126864,5,2.890615973,-2.573692069,3.947833425,475.6190042,11.12932043,102.6908012,8.88e-16,s=lower,33346,0.0928322396,0.01143,1.278,box_m=50/10/30;hbc=zero/zero/noflow;horder=2;href=1;hmesh=gen/0.025/0.0625/0.15/2;lm=10;mech=I+II;seeds=0+1+2;np=40;niter=150;pools=25;q=coarse/fine;polish=1;dmax=10
10,37.5,FE,3.039267874,15.19633937,5,10,30,20,9.8,1,fe,I,0.8170706532,1.998386645,1,0.1020101126,-0.5100505631,6.516126864,5,2.685874137,-3.405064397,4.669946278,549.991475,14.61386834,166.3479612,3.55e-15,s=upper,29279,0.1618844568,1.564,2.17,box_m=50/10/30;hbc=zero/zero/noflow;horder=2;href=1;hmesh=gen/0.025/0.0625/0.15/2;lm=10;mech=I+II;seeds=0+1+2;np=40;niter=150;pools=25;q=coarse/fine;polish=1;dmax=10
10,40,vopt,3.619793464,18.09896732,5,10,30,20,9.8,1,analytical,I,0.6418828984,1.992967578,1,0.02639617364,-0.1319808682,5.958767963,5,2.746440789,-2.151547103,3.593670292,420.4484544,22.9128743,93.23973458,1.33e-15,s=lower,31480,0.09526527891,0.008219,1.013,box_m=50/10/30;hbc=zero/zero/noflow;horder=2;href=1;hmesh=gen/0.025/0.0625/0.15/2;lm=10;mech=I+II;seeds=0+1+2;np=40;niter=150;pools=25;q=coarse/fine;polish=1;dmax=10
10,40,FE,2.662911664,13.31455832,5,10,30,20,9.8,1,fe,I,0.7848298439,1.966412583,1,0.1221507181,-0.6107535905,5.958767963,5,2.551445156,-3.158606509,4.469484981,503.9957197,30.54293905,158.7219647,6.66e-16,s=upper,29209,0.1635865991,1.435,2.078,box_m=50/10/30;hbc=zero/zero/noflow;horder=2;href=1;hmesh=gen/0.025/0.0625/0.15/2;lm=10;mech=I+II;seeds=0+1+2;np=40;niter=150;pools=25;q=coarse/fine;polish=1;dmax=10
10,45,vopt,2.898431996,14.49215998,5,10,30,20,9.8,1,analytical,I,0.5313549591,1.934036027,1,0.0417089188,-0.208544594,5,5,2.495400214,-1.589212667,3.136385567,345.1442856,40.02336774,79.05628846,2e-15,s=lower,29227,0.09985501633,0.007933,1.227,box_m=50/10/30;hbc=zero/zero/noflow;horder=2;href=1;hmesh=gen/0.025/0.0625/0.15/2;lm=10;mech=I+II;seeds=0+1+2;np=40;niter=150;pools=25;q=coarse/fine;polish=1;dmax=10
10,45,FE,2.130570029,10.65285015,5,10,30,20,9.8,1,fe,I,0.7346674284,1.898540132,1,0.1595801126,-0.7979005629,5,5,2.33707239,-2.83200388,4.224725008,438.0630749,55.23263375,150.3757569,6.66e-16,s=upper,28209,0.1666274628,1.48,2.15,box_m=50/10/30;hbc=zero/zero/noflow;horder=2;href=1;hmesh=gen/0.025/0.0625/0.15/2;lm=10;mech=I+II;seeds=0+1+2;np=40;niter=150;pools=25;q=coarse/fine;polish=1;dmax=10
10,50,vopt,2.437745098,12.18872549,5,10,30,20,9.8,1,analytical,I,0.4569769497,1.864998278,1,0.06462590098,-0.3231295049,4.195498156,5,2.291064102,-1.28537095,2.913106021,300.0481008,53.03436346,70.04991681,2.44e-15,s=upper,29218,0.1040188611,0.008177,1.267,box_m=50/10/30;hbc=zero/zero/noflow;horder=2;href=1;hmesh=gen/0.025/0.0625/0.15/2;lm=10;mech=I+II;seeds=0+1+2;np=40;niter=150;pools=25;q=coarse/fine;polish=1;dmax=10
10,50,FE,1.768844635,8.844223173,5,10,30,20,9.8,1,fe,I,0.7000724754,1.827502968,1,0.1950975219,-0.9754876097,4.195498156,5,2.184281957,-2.661828688,4.131522199,395.5929027,74.73966773,148.9051312,1.55e-15,s=lower,26909,0.1692930899,1.006,1.906,box_m=50/10/30;hbc=zero/zero/noflow;horder=2;href=1;hmesh=gen/0.025/0.0625/0.15/2;lm=10;mech=I+II;seeds=0+1+2;np=40;niter=150;pools=25;q=coarse/fine;polish=1;dmax=10
10,52.5,vopt,2.258805894,11.29402947,5,10,30,20,9.8,1,analytical,I,0.4341973523,1.827769275,1,0.07981599051,-0.3990799526,3.83663494,5,2.205356186,-1.207705808,2.870825825,285.3990256,59.15059042,67.19892302,8.88e-16,s=upper,26433,0.1059189683,0.007034,1.078,box_m=50/10/30;hbc=zero/zero/noflow;horder=2;href=1;hmesh=gen/0.025/0.0625/0.15/2;lm=10;mech=I+II;seeds=0+1+2;np=40;niter=150;pools=25;q=coarse/fine;polish=1;dmax=10
10,52.5,FE,1.627076515,8.135382574,5,10,30,20,9.8,1,fe,I,0.6877546012,1.791230136,1,0.2126194684,-1.063097342,3.83663494,5,2.128677199,-2.622260346,4.130820021,380.6380695,83.65201449,150.2878562,1.33e-15,s=lower,27826,0.1705094426,1.3,2.267,box_m=50/10/30;hbc=zero/zero/noflow;horder=2;href=1;hmesh=gen/0.025/0.0625/0.15/2;lm=10;mech=I+II;seeds=0+1+2;np=40;niter=150;pools=25;q=coarse/fine;polish=1;dmax=10
10,55,vopt,2.101817193,10.50908597,5,10,30,20,9.8,1,analytical,I,0.4210992845,1.789259106,1,0.09777545566,-0.4888772783,3.501037691,5,2.130546889,-1.173218359,2.870161021,274.9548009,65.45247728,65.36517983,2.22e-15,s=upper,28641,0.1076863441,0.007626,1.423,box_m=50/10/30;hbc=zero/zero/noflow;horder=2;href=1;hmesh=gen/0.025/0.0625/0.15/2;lm=10;mech=I+II;seeds=0+1+2;np=40;niter=150;pools=25;q=coarse/fine;polish=1;dmax=10
10,55,FE,1.504205315,7.521026573,5,10,30,20,9.8,1,fe,I,0.6786372655,1.754491898,1,0.2302127582,-1.151063791,3.501037691,5,2.086957476,-2.611172675,4.159688025,369.1569066,92.45670754,152.9598609,4.44e-16,s=upper,27802,0.1716679255,1.368,1.527,box_m=50/10/30;hbc=zero/zero/noflow;horder=2;href=1;hmesh=gen/0.025/0.0625/0.15/2;lm=10;mech=I+II;seeds=0+1+2;np=40;niter=150;pools=25;q=coarse/fine;polish=1;dmax=10
10,60,vopt,1.833193139,9.165965696,5,10,30,20,9.8,1,analytical,I,0.4220201809,1.709851013,1,0.142007644,-0.7100382199,2.886751346,5,2.015675612,-1.223839506,2.987858603,264.7236325,79.6883882,64.71736309,2.22e-16,s=upper,29150,0.1107920525,0.008363,1.367,box_m=50/10/30;hbc=zero/zero/noflow;horder=2;href=1;hmesh=gen/0.025/0.0625/0.15/2;lm=10;mech=I+II;seeds=0+1+2;np=40;niter=150;pools=25;q=coarse/fine;polish=1;dmax=10
10,60,FE,1.30045876,6.502293801,5,10,30,20,9.8,1,fe,I,0.6692406547,1.679775885,1,0.2659613286,-1.329806643,2.886751346,5,2.047396588,-2.671431776,4.306048003,355.1858784,110.8319361,162.2915872,1.11e-15,s=lower,28951,0.1738353084,1.019,1.89,box_m=50/10/30;hbc=zero/zero/noflow;horder=2;href=1;hmesh=gen/0.025/0.0625/0.15/2;lm=10;mech=I+II;seeds=0+1+2;np=40;niter=150;pools=25;q=coarse/fine;polish=1;dmax=10
10,65,vopt,1.60488013,8.024400652,5,10,30,20,9.8,1,analytical,I,0.4531064834,1.629249455,1,0.1962546176,-0.9812730882,2.331538291,5,1.955268933,-1.429779385,3.266121267,266.8751976,97.79886057,68.49094048,6.66e-16,s=lower,28189,0.1132866839,0.005909,1.135,box_m=50/10/30;hbc=zero/zero/noflow;horder=2;href=1;hmesh=gen/0.025/0.0625/0.15/2;lm=10;mech=I+II;seeds=0+1+2;np=40;niter=150;pools=25;q=coarse/fine;polish=1;dmax=10
10,65,FE,1.137227444,5.68613722,5,10,30,20,9.8,1,fe,I,0.6703940013,1.6036637,1,0.3029954889,-1.514977445,2.331538291,5,2.073589064,-2.845358874,4.579724523,351.9727896,131.9837087,177.5170789,1.12,s=lower,30345,0.1758479506,1.338,2.228,box_m=50/10/30;hbc=zero/zero/noflow;horder=2;href=1;hmesh=gen/0.025/0.0625/0.15/2;lm=10;mech=I+II;seeds=0+1+2;np=40;niter=150;pools=25;q=coarse/fine;polish=1;dmax=10
10,67.5,vopt,1.501352247,7.506761233,5,10,30,20,9.8,1,analytical,I,0.4772707118,1.589025065,1,0.2265181039,-1.13259052,2.071067812,5,1.950843478,-1.594587825,3.471350681,272.3889517,109.0264229,72.4026537,1.11e-15,s=lower,29090,0.1142969328,0.01291,1.092,box_m=50/10/30;hbc=zero/zero/noflow;horder=2;href=1;hmesh=gen/0.025/0.0625/0.15/2;lm=10;mech=I+II;seeds=0+1+2;np=40;niter=150;pools=25;q=coarse/fine;polish=1;dmax=10
10,67.5,FE,1.066772613,5.333863064,5,10,30,20,9.8,1,fe,I,0.6744982296,1.565118883,1,0.3221385871,-1.610692935,2.071067812,5,2.116375269,-2.980171297,4.772049702,354.3146208,144.3394983,187.7974693,1.78e-15,s=upper,28643,0.1768114116,1.155,2.187,box_m=50/10/30;hbc=zero/zero/noflow;horder=2;href=1;hmesh=gen/0.025/0.0625/0.15/2;lm=10;mech=I+II;seeds=0+1+2;np=40;niter=150;pools=25;q=coarse/fine;polish=1;dmax=10
10,70,vopt,1.403496426,7.017482128,5,10,30,20,9.8,1,analytical,I,0.5057295538,1.549003095,1,0.2584846902,-1.292423451,1.819851171,5,1.968191017,-1.805615637,3.727177825,280.9954035,122.1941628,78.01682338,1.33e-15,s=upper,29539,0.1151493692,0.006381,1.128,box_m=50/10/30;hbc=zero/zero/noflow;horder=2;href=1;hmesh=gen/0.025/0.0625/0.15/2;lm=10;mech=I+II;seeds=0+1+2;np=40;niter=150;pools=25;q=coarse/fine;polish=1;dmax=10
10,70,FE,1.002199866,5.01099933,5,10,30,20,9.8,1,fe,I,0.680637939,1.526308805,1,0.3417519608,-1.708759804,1.819851171,5,2.182707826,-3.150987606,5.00721911,359.3834013,158.3469727,200.2475687,1.44,s=lower,29435,0.1777365674,1.156,1.949,box_m=50/10/30;hbc=zero/zero/noflow;horder=2;href=1;hmesh=gen/0.025/0.0625/0.15/2;lm=10;mech=I+II;seeds=0+1+2;np=40;niter=150;pools=25;q=coarse/fine;polish=1;dmax=10
10,75,vopt,1.222345981,6.111729905,5,10,30,20,9.8,1,analytical,I,0.5713515072,1.469655287,1,0.3261603008,-1.630801504,1.339745962,5,2.089938055,-2.391977765,4.423286165,308.6398748,156.41284,96.08512662,6.66e-16,s=upper,30021,0.1163958595,0.008462,1.404,box_m=50/10/30;hbc=zero/zero/noflow;horder=2;href=1;hmesh=gen/0.025/0.0625/0.15/2;lm=10;mech=I+II;seeds=0+1+2;np=40;niter=150;pools=25;q=coarse/fine;polish=1;dmax=10
10,75,FE,0.8877175167,4.438587583,5,10,30,20,9.8,1,fe,I,0.6986591854,1.447723566,1,0.3825935801,-1.912967901,1.339745962,5,2.407119207,-3.62886846,5.641971191,379.0144385,193.4216881,233.5321924,4.44e-16,s=upper,29886,0.1795536342,1.032,1.66,box_m=50/10/30;hbc=zero/zero/noflow;horder=2;href=1;hmesh=gen/0.025/0.0625/0.15/2;lm=10;mech=I+II;seeds=0+1+2;np=40;niter=150;pools=25;q=coarse/fine;polish=1;dmax=10
10,80,vopt,1.058532141,5.292660705,5,10,30,20,9.8,1,analytical,I,0.6422819039,1.390860277,1,0.3963688976,-1.981844488,0.8816349035,5,2.38546123,-3.267167134,5.454148908,353.8562975,206.3713367,127.9182741,1.11e-15,s=lower,29203,0.1170770419,0.006474,1.3,box_m=50/10/30;hbc=zero/zero/noflow;horder=2;href=1;hmesh=gen/0.025/0.0625/0.15/2;lm=10;mech=I+II;seeds=0+1+2;np=40;niter=150;pools=25;q=coarse/fine;polish=1;dmax=10
10,80,FE,0.7886055972,3.943027986,5,10,30,20,9.8,1,fe,I,0.7230900792,1.367904421,1,0.4258182381,-2.129091191,0.8816349035,5,2.806323587,-4.355749776,6.58261917,414.8573909,242.9895489,283.0749278,6.66e-16,s=upper,30525,0.181312683,1.192,2.034,box_m=50/10/30;hbc=zero/zero/noflow;horder=2;href=1;hmesh=gen/0.025/0.0625/0.15/2;lm=10;mech=I+II;seeds=0+1+2;np=40;niter=150;pools=25;q=coarse/fine;polish=1;dmax=10
10,82.5,vopt,0.9828406575,4.914203287,5,10,30,20,9.8,1,analytical,I,0.6777826924,1.351392853,1,0.4315594708,-2.157797354,0.6582624879,5,2.633271181,-3.856813305,6.150556608,385.5064859,240.4160007,151.8210145,1.11e-15,s=upper,30228,0.1172284076,0.006991,1.337,box_m=50/10/30;hbc=zero/zero/noflow;horder=2;href=1;hmesh=gen/0.025/0.0625/0.15/2;lm=10;mech=I+II;seeds=0+1+2;np=40;niter=150;pools=25;q=coarse/fine;polish=1;dmax=10
10,82.5,FE,0.7436791953,3.718395976,5,10,30,20,9.8,1,fe,I,0.7373136588,1.327513221,1,0.4484210497,-2.242105249,0.6582624879,5,3.104408045,-4.855572617,7.222311946,441.2758821,276.2823942,317.0862046,1.11e-15,s=upper,32127,0.1821832225,1.28,1.914,box_m=50/10/30;hbc=zero/zero/noflow;horder=2;href=1;hmesh=gen/0.025/0.0625/0.15/2;lm=10;mech=I+II;seeds=0+1+2;np=40;niter=150;pools=25;q=coarse/fine;polish=1;dmax=10
10,85,vopt,0.9112531034,4.556265517,5,10,30,20,9.8,1,analytical,I,0.7126579475,1.311680672,1,0.4665040856,-2.332520428,0.4374433176,5,2.97966562,-4.590583318,7.020881412,425.6463487,283.4553491,183.6446774,1.55e-15,s=upper,31469,0.1172673198,0.005362,1.038,box_m=50/10/30;hbc=zero/zero/noflow;horder=2;href=1;hmesh=gen/0.025/0.0625/0.15/2;lm=10;mech=I+II;seeds=0+1+2;np=40;niter=150;pools=25;q=coarse/fine;polish=1;dmax=10
10,85,FE,0.7013745221,3.50687261,5,10,30,20,9.8,1,fe,I,0.7526701502,1.286794092,1,0.4717424428,-2.358712214,0.4374433176,5,3.498063224,-5.485434837,8.024451002,475.620494,318.0044945,360.1217834,8.88e-16,s=upper,32136,0.183050966,1.255,1.464,box_m=50/10/30;hbc=zero/zero/noflow;horder=2;href=1;hmesh=gen/0.025/0.0625/0.15/2;lm=10;mech=I+II;seeds=0+1+2;np=40;niter=150;pools=25;q=coarse/fine;polish=1;dmax=10
10,90,vopt,0.7801478734,3.900739367,5,10,30,20,9.8,1,analytical,I,0.7795156709,1.230924074,1,0.5352484652,-2.676242326,0,5,4.155298291,-6.751636757,9.604923014,546.5739571,414.103047,286.4999742,2e-15,s=upper,44384,0.1170494047,0.01441,9.616,box_m=50/10/30;hbc=zero/zero/noflow;horder=2;href=1;hmesh=gen/0.025/0.0625/0.15/2;lm=10;mech=I+II;seeds=0+1+2;np=40;niter=150;pools=25;q=coarse/fine;polish=1;dmax=10
10,90,FE,0.6235576771,3.117788385,5,10,30,20,9.8,1,fe,I,0.786239364,1.20430202,1,0.5207343682,-2.603671841,0,5,4.74436416,-7.360408757,10.40044471,581.2714513,442.4702536,489.7152887,1.33e-15,s=upper,45500,0.1847923014,1.086,3.455,box_m=50/10/30;hbc=zero/zero/noflow;horder=2;href=1;hmesh=gen/0.025/0.0625/0.15/2;lm=10;mech=I+II;seeds=0+1+2;np=40;niter=150;pools=25;q=coarse/fine;polish=1;dmax=10
