alpha,beta_deg,curve,Gamma,mechanism,eta_or_dH,seed_spread,time_s
1,15,FE,inf,,,,0.7
1,20,FE,6.992538,I,1.0,4.218847493575595e-15,12.4
1,25,FE,3.390106,I,1.0,2.6645352591003757e-15,10.1
1,30,FE,2.332808,I,1.0,1.1102230246251565e-15,10.6
1,35,FE,1.829215,I,1.0,6.661338147750939e-16,10.2
1,37.5,FE,1.663019,I,1.0,4.440892098500626e-16,6.7
1,40,FE,1.529583,I,1.0,6.661338147750939e-16,9.5
1,45,FE,1.326174,I,1.0,4.440892098500626e-16,8.7
1,50,FE,1.175298,I,1.0,2.220446049250313e-16,9.7
1,52.5,FE,1.112557,I,1.0,1.1102230246251565e-15,6.1
1,55,FE,1.056007,I,1.0,2.220446049250313e-16,9.5
1,60,FE,0.957044,I,1.0,2.220446049250313e-16,9.0
1,65,FE,0.871862,I,1.0,2.220446049250313e-16,9.6
1,67.5,FE,0.833103,I,1.0,4.440892098500626e-16,6.1
1,70,FE,0.796404,I,1.0,2.220446049250313e-16,9.1
1,75,FE,0.728085,I,1.0,2.220446049250313e-16,8.8
1,80,FE,0.665159,I,1.0,2.220446049250313e-16,9.0
1,82.5,FE,0.635354,I,1.0,4.440892098500626e-16,5.6
1,85,FE,0.606485,I,1.0,4.440892098500626e-16,8.6
1,90,FE,0.551249,I,1.0,8.881784197001252e-16,7.1
5,15,FE,inf,,,,0.4
5,20,FE,17.125322,II,0.6416479504633612,0.0014053953865456048,32.2
5,25,FE,5.915162,II,0.549698984765786,5.037956366527041e-06,12.8
5,30,FE,3.785916,I,1.0,1.7763568394002505e-15,9.7
5,35,FE,2.781856,I,1.0,6.661338147750939e-16,9.8
5,37.5,FE,2.466060,I,1.0,4.440892098500626e-16,6.1
5,40,FE,2.217411,I,1.0,1.1102230246251565e-15,9.5
5,45,FE,1.846474,I,1.0,2.220446049250313e-16,8.3
5,50,FE,1.578510,I,1.0,2.220446049250313e-16,9.9
5,52.5,FE,1.469379,I,1.0,2.220446049250313e-16,5.9
5,55,FE,1.372466,I,1.0,0.0,9.3
5,60,FE,1.206918,I,1.0,8.881784197001252e-16,8.5
5,65,FE,1.069475,I,1.0,8.881784197001252e-16,8.8
5,67.5,FE,1.008764,I,1.0,8.881784197001252e-16,6.1
5,70,FE,0.952433,I,1.0,6.661338147750939e-16,9.3
5,75,FE,0.850744,I,1.0,2.220446049250313e-16,8.7
5,80,FE,0.760943,I,1.0,6.661338147750939e-16,8.8
5,82.5,FE,0.719717,I,1.0,0.0,5.7
5,85,FE,0.680599,I,1.0,6.661338147750939e-16,7.9
5,90,FE,0.607938,I,1.0,1.3322676295501878e-15,6.9
10,15,FE,inf,,,,0.4
10,20,FE,38.215325,II,1.042948529711511,0.0,27.4
10,25,FE,7.532479,II,0.8362360602543961,0.00015817115614247257,34.1
10,30,FE,4.693955,II,0.7358748020472112,6.661338147750939e-16,10.6
10,35,FE,3.535045,I,1.0,3.9968028886505635e-15,10.1
10,37.5,FE,3.036490,I,1.0,1.5543122344752192e-15,6.1
10,40,FE,2.660913,I,1.0,4.440892098500626e-16,9.4
10,45,FE,2.129334,I,1.0,4.440892098500626e-16,9.0
10,50,FE,1.767938,I,1.0,1.1102230246251565e-15,9.7
10,52.5,FE,1.626479,I,1.0,4.440892098500626e-16,5.8
10,55,FE,1.503692,I,1.0,4.440892098500626e-16,8.9
10,60,FE,1.300146,I,1.0,0.0,9.0
10,65,FE,1.136980,I,1.0,0.0,9.1
10,67.5,FE,1.066542,I,1.0,2.220446049250313e-16,6.1
10,70,FE,1.002040,I,1.0,6.661338147750939e-16,9.1
10,75,FE,0.887586,I,1.0,4.440892098500626e-16,8.0
10,80,FE,0.788507,I,1.0,2.220446049250313e-16,8.5
10,82.5,FE,0.743597,I,1.0,4.440892098500626e-16,5.5
10,85,FE,0.701302,I,1.0,1.3322676295501878e-15,8.0
10,90,FE,0.623498,I,1.0,1.1102230246251565e-15,6.9
