Td,T,t_h,zw,u_A,umax_desloc,pontos_plasticos,FS,FS_sup,FS_status,Gamma,Gamma_sup,Gamma_status,tempo_s
0.1,inf,inf,5,nan,nan,0,1.21838,1.2258,ok,1.43634,1.44746,ok,0
0.1,0,0,10,3.72519e-06,0,0,2.32006,2.33883,ok,7.27173,7.33847,ok,16.3297
0.1,0.025,0.00128968,8.75,-6.53942,0.000460035,2,1.64273,1.65107,ok,2.41522,2.43747,ok,14.1412
0.1,0.05,0.00257937,7.5,-9.92081,0.000858757,6,1.29501,1.30614,ok,1.5072,1.51833,ok,13.4262
0.1,0.075,0.00386905,6.25,-11.5946,0.00116701,618,1.14917,1.15906,ok,1.23364,1.24106,ok,12.156
0.1,0.1,0.00515873,5,-12.7023,0.0014047,584,1.14844,1.1543,ok,1.25342,1.26331,ok,11.3978
0.1,0.11,0.0056746,5,-12.7745,0.00141795,368,1.14917,1.15906,ok,1.25781,1.2666,ok,10.0064
0.1,0.13,0.00670635,5,-12.8369,0.00143065,331,1.15906,1.16895,ok,1.27484,1.28596,ok,12.7724
0.1,0.2,0.0103175,5,-12.8504,0.00144203,257,1.16675,1.17334,ok,1.29297,1.30286,ok,10.6104
0.1,0.4,0.0206349,5,-12.8059,0.00144194,203,1.18323,1.19312,ok,1.32812,1.33691,ok,11.7333
0.1,1.1,0.056746,5,-13.1547,0.00143819,91,1.19614,1.20726,ok,1.37207,1.37949,ok,14.4598
0.1,3.1,0.159921,5,-13.6381,0.00143565,0,1.2085,1.21838,ok,1.43304,1.44046,ok,12.913
