x,y,p_laplace,dp_storage,p_laplace_plus_dp,p_neopz
0,0,362.5853388,-0.764246188,361.8210927,361.821
10,0,360.1912571,-0.7870110352,359.4042461,359.404
20,0,353.2509537,-0.828852567,352.4221011,352.422
30,0,342.8510639,-0.8210854127,342.0299785,342.03
40,0,331.4552587,-0.7147226544,330.740536,330.741
50,0,322.0788391,-0.5561580909,321.5226811,321.523
60,0,316.3739088,-0.4325688148,315.94134,315.941
70,0,314.5121082,-0.3884051427,314.123703,314.124
0,10,265.0067674,-0.7374384031,264.269329,264.269
10,10,262.5249209,-0.7735973822,261.7513235,261.751
20,10,255.1071098,-0.8544364858,254.2526733,254.253
30,10,243.4198946,-0.8806116069,242.539283,242.539
40,10,230.2996324,-0.7442518506,229.5553805,229.555
50,10,220.111394,-0.5336698042,219.5777242,219.578
60,10,214.4427195,-0.3903221728,214.0523973,214.052
70,10,212.6815878,-0.34354652,212.3380413,212.338
0,20,172.375,-0.631482875,171.7435172,171.744
10,20,169.8608807,-0.7037255242,169.1571551,169.157
20,20,161.5943268,-0.9242433512,160.6700835,160.67
30,20,145.8958127,-1.149865828,144.7459469,144.746
40,20,125.4429402,-0.8495767388,124.5933635,124.593
50,20,113.3125106,-0.4201727542,112.8923379,112.892
60,20,108.6934603,-0.2493497608,108.4441106,108.444
70,20,107.4617148,-0.2076834436,107.2540314,107.254
0,30,84.5455556,-0.387277613,84.15827799,84.1583
10,30,82.72627883,-0.4752687726,82.25101006,82.251
20,30,75.79686955,-0.882233847,74.9146357,74.9146
30,30,56.47630543,-2.094722088,54.38158334,54.3816
40,30,0,0,0,0
50,30,0,0,0,0
60,30,0,0,0,0
70,30,0,0,0,0
0,40,0,0,0,0
10,40,0,0,0,0
20,40,0,0,0,0
30,40,0,0,0,0
5,0,361.9838666,-0.7703536604,361.213513,361.214
5,5,312.5812342,-0.7648997892,311.8163344,311.816
0,5,313.1881787,-0.7579577543,312.430221,312.43
10,5,310.7687548,-0.784070987,309.9846838,309.985
5,10,264.3869111,-0.746848755,263.6400623,263.64
15,0,357.2497102,-0.8092090481,356.4405012,356.441
15,5,307.7830918,-0.8103807098,306.9727111,306.973
20,5,303.7019852,-0.8352065338,302.8667786,302.867
15,10,259.4215948,-0.8127137747,258.608881,258.609
25,0,348.3627719,-0.8359087661,347.5268632,347.527
25,5,298.6808948,-0.84716526,297.8337295,297.834
30,5,292.9854464,-0.8348853797,292.1505611,292.151
25,10,249.689146,-0.8833262252,248.8058197,248.806
35,0,337.077657,-0.7797127647,336.2979442,336.298
35,5,287.0001412,-0.7920055305,286.2081356,286.208
40,5,281.1819674,-0.7217699881,280.4601974,280.46
35,10,236.7513212,-0.8329261796,235.918395,235.918
45,0,326.3648789,-0.6360063318,325.7288726,325.729
45,5,275.9539229,-0.6364557548,275.3174671,275.317
50,5,271.6004242,-0.5510852688,271.0493389,271.049
45,10,224.6468183,-0.6365086867,224.0103096,224.01
55,0,318.7364521,-0.4859932936,318.2504588,318.25
55,5,268.2433225,-0.4774311778,267.7658913,267.766
60,5,265.8917729,-0.4222664039,265.4695065,265.47
55,10,216.7390663,-0.449950107,216.2891162,216.289
65,0,314.9746712,-0.3995405883,314.5751307,314.575
65,5,264.5074103,-0.3885576754,264.1188527,264.119
70,5,264.0511098,-0.37726109,263.6738487,263.674
65,10,213.115304,-0.3551346036,212.7601694,212.76
5,15,217.4348484,-0.7110951989,216.7237532,216.724
0,15,218.0642224,-0.6978034556,217.3664189,217.366
10,15,215.525741,-0.7502109659,214.77553,214.776
5,20,171.757832,-0.6492776646,171.1085543,171.109
15,15,212.2805874,-0.8117362246,211.4688512,211.469
20,15,207.6338197,-0.8860163452,206.7478034,206.748
15,20,166.5470387,-0.79656567,165.7504731,165.75
25,15,201.5749908,-0.9517136073,200.6232772,200.623
30,15,194.2772849,-0.9736906671,193.3035943,193.304
25,20,154.7465983,-1.063442097,153.6831562,153.683
35,15,186.2826499,-0.9174791705,185.3651708,185.365
40,15,178.5803862,-0.7859230414,177.7944631,177.794
35,20,135.5363312,-1.085277376,134.4510538,134.451
45,15,172.1858807,-0.6302360303,171.5556447,171.556
50,15,167.4435872,-0.495976212,166.947611,166.948
45,20,118.0040113,-0.5981602032,117.4058511,117.406
55,15,164.1573923,-0.3978788889,163.7595134,163.76
60,15,162.0292157,-0.3338706928,161.695345,161.695
55,20,110.4291766,-0.3114529678,110.1177236,110.118
65,15,160.8357943,-0.2982330595,160.5375613,160.538
70,15,160.4512834,-0.2868246803,160.1644587,160.164
65,20,107.7579762,-0.2174994774,107.5404767,107.54
5,25,127.3490819,-0.5510014747,126.7980805,126.798
0,25,127.9088126,-0.5299240973,127.3788885,127.379
10,25,125.6017413,-0.6183690234,124.9833723,124.983
5,30,84.10938475,-0.4075248101,83.70185994,83.7019
15,25,122.446221,-0.7443087674,121.7019122,121.702
20,25,117.4640164,-0.9456122467,116.5184042,116.518
15,30,80.14000701,-0.6153566309,79.52465038,79.5247
25,25,109.9905345,-1.221900255,108.7686342,108.769
30,25,99.19266621,-1.484905357,97.70776085,97.7078
25,30,68.59335374,-1.366998495,67.22635525,67.2264
35,25,84.69610562,-1.457727043,83.23837858,83.2384
40,25,69.1184569,-0.9020402928,68.21641661,68.2164
35,30,36.20021573,-2.483316149,33.71689958,33.7169
45,25,60.99643002,-0.4819436478,60.51448638,60.5145
50,25,57.42429025,-0.2737064639,57.15058378,57.1506
45,30,0,0,0,0
55,25,55.59285136,-0.1795651143,55.41328625,55.4133
60,25,54.57965395,-0.1356605062,54.44399344,54.444
55,30,0,0,0,0
65,25,54.05445597,-0.1154649198,53.93899105,53.939
70,25,53.89069748,-0.109515055,53.78118243,53.7812
65,30,0,0,0,0
5,35,41.79512285,-0.2186812178,41.57644163,41.5764
0,35,42.03692031,-0.2058079104,41.8311124,41.8311
10,35,41.0189035,-0.2634767657,40.75542674,40.7554
5,40,0,0,0,0
15,35,39.52504506,-0.3652368446,39.15980822,39.1598
20,35,36.87005883,-0.5993353584,36.27072347,36.2707
15,40,0,0,0,0
25,35,31.9510688,-1.206734582,30.74433421,30.7443
30,35,21.74156374,-2.585889719,19.15567402,19.1557
25,40,0,0,0,0
35,35,0,0,0,0
2.5,0,362.4347998,-0.7657982574,361.6690016,361.669
2.5,2.5,337.5849969,-0.7643043252,336.8206926,336.821
0,2.5,337.7358779,-0.7626992819,336.9731786,336.973
7.5,0,361.2346994,-0.7775989652,360.4571004,360.457
7.5,2.5,336.3818369,-0.7765232219,335.6053137,335.605
5,2.5,337.1329837,-0.7690164161,336.3639673,336.364
2.5,5,313.0363264,-0.7597187728,312.2766076,312.277
2.5,7.5,288.7908955,-0.7517284699,288.0391671,288.039
0,7.5,288.9441843,-0.7497095135,288.1944748,288.194
10,2.5,335.3352529,-0.7863010193,334.5489519,334.549
7.5,5,311.8244116,-0.7731916655,311.0512199,311.051
10,7.5,286.4962382,-0.7800142956,285.7162239,285.716
7.5,10,263.6114166,-0.7582717269,262.8531449,262.853
7.5,7.5,287.5658204,-0.76728762,286.7985328,286.799
5,7.5,288.3312153,-0.7576874548,287.5735279,287.574
2.5,10,264.8518562,-0.7398130899,264.1120431,264.112
12.5,0,358.8598232,-0.7978582111,358.061965,358.062
12.5,2.5,333.9991628,-0.7976137712,333.201549,333.202
17.5,0,355.3741006,-0.8199548036,354.5541458,354.554
17.5,2.5,330.4978693,-0.8208857196,329.6769836,329.677
15,2.5,332.3824585,-0.8095187762,331.5729398,331.573
12.5,5,309.4191165,-0.7967916763,308.6223249,308.622
12.5,7.5,285.1254567,-0.7951155724,284.3303412,284.33
20,2.5,328.3629217,-0.8304368375,327.5324848,327.532
17.5,5,305.8719964,-0.8236460152,305.0483504,305.048
20,7.5,279.2778082,-0.8432003486,278.4346079,278.435
17.5,10,257.4115571,-0.8340836146,256.5774735,256.577
17.5,7.5,281.5050393,-0.8281243356,280.676915,280.677
15,7.5,283.4587957,-0.8115802238,282.6472154,282.647
12.5,10,261.1276765,-0.7920900842,260.3355864,260.336
22.5,0,350.9038707,-0.834594936,350.0692758,350.069
22.5,2.5,326.0008786,-0.8368153499,325.1640632,325.164
27.5,0,345.6642017,-0.8316791059,344.8325226,344.833
27.5,2.5,320.7214854,-0.8348662277,319.8866192,319.887
25,2.5,323.4415077,-0.8386861607,322.6028215,322.603
22.5,5,301.2952143,-0.8435554153,300.4516589,300.452
22.5,7.5,276.7970987,-0.8550461239,275.9420525,275.942
30,2.5,317.8842179,-0.8244720594,317.0597459,317.06
27.5,5,295.8960145,-0.8446375077,295.0513769,295.051
30,7.5,268.1604153,-0.8531188452,267.3072964,267.307
27.5,10,246.6376522,-0.8870310333,245.7506212,245.751
27.5,7.5,271.1962312,-0.8616427396,270.3345884,270.335
25,7.5,274.0908426,-0.8617925612,273.2290501,273.229
22.5,10,252.5245295,-0.8716473313,251.6528822,251.653
32.5,0,339.9716182,-0.8037275661,339.1678906,339.168
32.5,2.5,314.9788759,-0.8070601465,314.1718158,314.172
37.5,0,334.2219508,-0.7496763271,333.4722745,333.472
37.5,2.5,309.1774438,-0.7521386252,308.4253051,308.425
35,2.5,312.0585295,-0.7827273687,311.2758021,311.276
32.5,5,290.0011381,-0.8173216991,289.1838164,289.184
32.5,7.5,265.0400889,-0.8353435205,264.2047454,264.205
40,2.5,306.3878461,-0.7164633733,305.6713827,305.671
37.5,5,284.0414487,-0.7596949134,283.2817537,283.282
40,7.5,255.826192,-0.7308946071,255.0952974,255.095
37.5,10,233.4578804,-0.7926217896,232.6652586,232.665
37.5,7.5,258.8062424,-0.7728726448,258.0333697,258.033
35,7.5,261.8994484,-0.8082853937,261.091163,261.091
32.5,10,240.0993539,-0.8626550791,239.2366989,239.237
42.5,0,328.8233917,-0.6762951749,328.1470966,328.147
42.5,2.5,303.7367147,-0.677230034,303.0594846,303.059
47.5,0,324.1096476,-0.5954683518,323.5141792,323.514
47.5,2.5,298.9974362,-0.5948597731,298.4025764,298.403
45,2.5,301.2632381,-0.6361355974,300.6271026,300.627
42.5,5,278.4723827,-0.6800345102,277.7923482,277.792
42.5,7.5,253.0169258,-0.6846904185,252.3322353,252.332
50,2.5,296.960059,-0.5549216929,296.4051373,296.405
47.5,5,273.6567999,-0.5929240425,273.0638758,273.064
50,7.5,245.9899129,-0.5442470835,245.4456658,245.446
47.5,10,222.2316818,-0.5833229414,221.6483588,221.648
47.5,7.5,248.0754163,-0.5893055954,247.4861107,247.486
45,7.5,250.4232708,-0.6367380028,249.7865328,249.787
42.5,10,227.3458576,-0.6911018575,226.6547558,226.655
52.5,0,320.285591,-0.5193323211,319.7662587,319.766
52.5,2.5,295.1635364,-0.5175952776,294.6459411,294.646
57.5,0,317.4330761,-0.4568940099,316.9761821,316.976
57.5,2.5,292.3109717,-0.4545138878,291.8564578,291.856
55,2.5,293.6135707,-0.4838801078,293.1296906,293.13
52.5,5,269.794925,-0.5122595201,269.2826655,269.283
52.5,7.5,244.1724169,-0.5029385108,243.6694784,243.669
60,2.5,291.2534352,-0.4300097883,290.8234254,290.823
57.5,5,266.9438048,-0.4472853174,266.4965195,266.497
60,7.5,240.2883475,-0.4091425967,239.8792049,239.879
57.5,10,215.4634671,-0.417044972,215.0464222,215.046
57.5,7.5,241.3291523,-0.4349431308,240.8942091,240.894
55,7.5,242.6209895,-0.4663126068,242.1546769,242.155
52.5,10,218.2838404,-0.4889466346,217.7948937,217.795
62.5,0,315.5556887,-0.4133757907,315.1423129,315.142
62.5,2.5,290.4370873,-0.4107040058,290.0263833,290.026
67.5,0,314.6275533,-0.3911948405,314.2363585,314.236
67.5,2.5,289.511717,-0.3884239763,289.123293,289.123
65,2.5,289.8577215,-0.3968030128,289.4609185,289.461
62.5,5,265.081504,-0.4026415509,264.6788625,264.679
62.5,7.5,239.4897455,-0.3890519356,239.1006935,239.101
70,2.5,289.396663,-0.3856249947,289.011038,289.011
67.5,5,264.1649301,-0.3800872836,263.7848428,263.785
70,7.5,238.4779161,-0.363258714,238.1146574,238.115
67.5,10,212.7896013,-0.3464361728,212.4431651,212.443
67.5,7.5,238.5894833,-0.3661203515,238.223363,238.223
65,7.5,238.9254858,-0.3747127687,238.550773,238.551
62.5,10,213.6636446,-0.3697242358,213.2939204,213.294
2.5,12.5,241.2228508,-0.7232512465,240.4995995,240.5
0,12.5,241.3791728,-0.7204325497,240.6587403,240.659
7.5,12.5,239.9680141,-0.7453673534,239.2226468,239.223
5,12.5,240.7531561,-0.7316371635,240.0215189,240.022
2.5,15,217.907218,-0.7011361551,217.2060818,217.206
2.5,17.5,194.9069503,-0.6724081135,194.2345422,194.235
0,17.5,195.0632808,-0.6685224317,194.3947583,194.395
10,12.5,238.8643524,-0.7640273685,238.100325,238.1
7.5,15,216.6431314,-0.7275468748,215.9155845,215.916
10,17.5,192.5209254,-0.7307124266,191.7902129,191.79
7.5,20,170.9757434,-0.6717875542,170.3039559,170.304
7.5,17.5,193.6439221,-0.7035270729,192.940395,192.94
5,17.5,194.4358882,-0.6840738746,193.7518143,193.752
2.5,20,172.2214144,-0.6359126393,171.5855017,171.586
12.5,12.5,237.4387334,-0.7869471723,236.6517863,236.652
17.5,12.5,233.6124843,-0.8410722681,232.7714121,232.771
15,12.5,235.68835,-0.8131142135,234.8752358,234.875
12.5,15,214.0745549,-0.7785700556,213.2959848,213.296
12.5,17.5,191.0531577,-0.7653983631,190.2877593,190.288
20,12.5,231.2145444,-0.8688262722,230.3457181,230.346
17.5,15,210.1354859,-0.8482769245,209.287209,209.287
20,17.5,184.4088274,-0.9051154771,183.5037119,183.504
17.5,20,164.2919359,-0.856800161,163.4351357,163.435
17.5,17.5,187.015052,-0.8542943215,186.1607577,186.161
15,17.5,189.223959,-0.8069957606,188.4169632,188.417
12.5,20,168.3931915,-0.7453271463,167.6478643,167.648
22.5,12.5,228.5047636,-0.8937910941,227.6109725,227.611
27.5,12.5,222.2453373,-0.9225517193,221.3227855,221.323
25,12.5,225.5035594,-0.9128434625,224.590716,224.591
22.5,15,204.7764213,-0.9218574086,203.8545639,203.855
22.5,17.5,181.3921109,-0.9559182371,180.4361927,180.436
30,12.5,218.7821569,-0.9196482684,217.8625087,217.863
27.5,15,198.0579804,-0.9706913414,197.0872891,197.087
30,17.5,169.9546712,-1.047895546,168.9067757,168.907
27.5,20,150.5625806,-1.119211429,149.4433692,149.443
27.5,17.5,174.1343086,-1.034815729,173.0994929,173.099
25,17.5,177.9620022,-1.001470426,176.9605317,176.961
22.5,20,158.4211928,-0.9952390307,157.4259538,157.426
32.5,12.5,215.186111,-0.9017445589,214.2843664,214.284
37.5,12.5,207.9743258,-0.8204408436,207.1538849,207.154
35,12.5,211.548602,-0.8681471182,210.6804549,210.68
32.5,15,190.3143312,-0.9565314497,189.3577997,189.358
32.5,17.5,165.5112788,-1.033212632,164.4780661,164.478
40,12.5,204.5685996,-0.7623939688,203.8062056,203.806
37.5,15,182.3222211,-0.8586021989,181.4636189,181.464
40,17.5,152.251428,-0.8152160236,151.436212,151.436
37.5,20,130.2869949,-0.9817908387,129.3052041,129.305
37.5,17.5,156.4515224,-0.9105632036,155.5409592,155.541
35,17.5,160.9454456,-0.9866346248,159.9588109,159.959
32.5,20,140.8306671,-1.141787436,139.6888796,139.689
42.5,12.5,201.420054,-0.6989624022,200.7210916,200.721
47.5,12.5,196.0930985,-0.5738167444,195.5192818,195.519
45,12.5,198.5864629,-0.6348794014,197.9515835,197.952
42.5,15,175.179296,-0.7074783394,174.4718177,174.472
42.5,17.5,148.5308631,-0.7147931066,147.81607,147.816
50,12.5,193.940141,-0.5181730353,193.4219679,193.422
47.5,15,169.6141084,-0.5589001023,169.0552083,169.055
50,17.5,140.5821124,-0.4645003595,140.1176121,140.118
47.5,20,115.3755921,-0.4992360218,114.876356,114.876
47.5,17.5,142.7338671,-0.535579675,142.1982874,142.198
45,17.5,145.3636555,-0.6196912299,144.7439643,144.744
42.5,20,121.329073,-0.7167843696,120.6122886,120.612
52.5,12.5,192.1124842,-0.4692396408,191.6432446,191.643
57.5,12.5,189.3429304,-0.3929770822,188.9499534,188.95
55,12.5,190.5879683,-0.4275084172,190.1604599,190.16
52.5,15,165.6379871,-0.4423419006,165.1956452,165.196
52.5,17.5,138.8384847,-0.4062846178,138.4322001,138.432
60,12.5,188.3554188,-0.365389698,187.9900291,187.99
57.5,15,162.9648676,-0.3619775287,162.60289,162.603
60,17.5,135.4708868,-0.2953025802,135.1755843,135.176
57.5,20,109.4452261,-0.2758133155,109.1694127,109.169
57.5,17.5,136.3299317,-0.3231953886,136.0067363,136.007
55,17.5,137.4387463,-0.3596998399,137.0790465,137.079
52.5,20,111.695093,-0.3586091984,111.3364838,111.336
62.5,12.5,187.6068094,-0.3444011288,187.2624083,187.262
67.5,12.5,186.7720299,-0.3209561793,186.4510737,186.451
65,12.5,187.0824844,-0.329678177,186.7528062,186.753
62.5,15,161.3256898,-0.3128246911,161.0128651,161.013
62.5,17.5,134.8309396,-0.2748052988,134.5561343,134.556
70,12.5,186.6692328,-0.3180678746,186.3511649,186.351
67.5,15,160.5468012,-0.2896547103,160.2571465,160.257
70,17.5,134.0422982,-0.2499326213,133.7923656,133.792
67.5,20,107.535088,-0.2101019087,107.3249861,107.325
67.5,17.5,134.1280973,-0.2526162366,133.8754811,133.875
65,17.5,134.3882019,-0.260785962,134.1274159,134.127
62.5,20,108.13898,-0.2303183345,107.9086616,107.909
2.5,22.5,149.845875,-0.5904938031,149.2553812,149.255
0,22.5,149.9938907,-0.5855958537,149.4082948,149.408
7.5,22.5,148.6403389,-0.6306316243,148.0097073,148.01
5,22.5,149.398282,-0.6053483987,148.7929336,148.793
2.5,25,127.7699131,-0.5351293516,127.2347838,127.235
2.5,27.5,105.975883,-0.469108166,105.5067748,105.507
0,27.5,106.1015335,-0.4638521612,105.6376814,105.638
10,22.5,147.5536624,-0.6670864302,146.886576,146.887
7.5,25,126.6336679,-0.5783149592,126.0553529,126.055
10,27.5,103.9988022,-0.5551170563,103.4436852,103.444
7.5,30,83.54710282,-0.434424595,83.11267822,83.1127
7.5,27.5,104.9435094,-0.5132676904,104.4302417,104.43
5,27.5,105.5944648,-0.4852232387,105.1092415,105.109
2.5,30,84.43762039,-0.3922371079,84.04538328,84.0454
12.5,22.5,146.1116888,-0.7156302795,145.3960585,145.396
17.5,22.5,142.011326,-0.8521079071,141.1592181,141.159
15,22.5,144.2790686,-0.7771505753,143.5019181,143.502
12.5,25,124.2208326,-0.6729674982,123.5478651,123.548
12.5,27.5,102.7236794,-0.613571649,102.1101077,102.11
20,22.5,139.2553511,-0.9398288511,138.3155223,138.316
17.5,25,120.2189484,-0.8346621699,119.3842862,119.384
20,27.5,96.29198684,-0.9314341448,95.3605527,95.3606
17.5,30,78.23995109,-0.7279652724,77.51198582,77.512
17.5,27.5,98.95423019,-0.7966293254,98.15760086,98.1576
15,27.5,101.0660344,-0.6924644229,100.37357,100.374
12.5,30,81.60904821,-0.5337463652,81.07530185,81.0753
22.5,22.5,135.9517353,-1.037361863,134.9143734,134.914
27.5,22.5,127.4736028,-1.228728169,126.2448746,126.245
25,22.5,132.0406177,-1.137855765,130.9027619,130.903
22.5,25,114.0897793,-1.076533567,113.0132458,113.013
22.5,27.5,92.95283121,-1.101270117,91.85156109,91.8516
30,22.5,122.2353318,-1.290571346,120.9447605,120.945
27.5,25,105.055881,-1.367282107,103.6885989,103.689
30,27.5,77.11068533,-1.749862305,75.36082302,75.3608
27.5,30,63.32445526,-1.711358868,61.61309639,61.6131
27.5,27.5,83.56672038,-1.533606532,82.03311385,82.0331
25,27.5,88.77585996,-1.305940706,87.46991925,87.4699
22.5,30,72.65369869,-1.091182039,71.56251665,71.5625
32.5,22.5,116.3792457,-1.298790303,115.0804554,115.08
37.5,22.5,103.7171859,-1.081725149,102.6354608,102.635
35,22.5,110.0822171,-1.23088413,108.851333,108.851
32.5,25,92.3687667,-1.531915489,90.83685121,90.8369
32.5,27.5,69.2070493,-1.886240362,67.32080894,67.3208
40,22.5,97.90426509,-0.8844961991,97.01976889,97.0198
37.5,25,76.59526657,-1.229677952,75.36558862,75.3656
40,27.5,37.80144928,-0.8336735505,36.96777573,36.9678
37.5,30,21.26238339,-1.796832976,19.46555042,19.4655
37.5,27.5,48.84931784,-1.476995049,47.37232279,47.3723
35,27.5,59.73817212,-1.838426469,57.89974566,57.8997
32.5,30,47.61057304,-2.424688719,45.18588433,45.1859
42.5,22.5,93.33847729,-0.7046005914,92.6338767,92.6339
47.5,22.5,87.45197924,-0.4430430995,87.00893614,87.0089
45,22.5,89.94772446,-0.5569342008,89.39079025,89.3908
42.5,25,64.17284665,-0.6601797724,63.51266688,63.5127
42.5,27.5,33.23802238,-0.5521576259,32.68586476,32.6859
50,22.5,85.59724506,-0.3583604506,85.23888461,85.2389
47.5,25,58.88735538,-0.3576591816,58.5296962,58.5297
50,27.5,28.84173909,-0.1613311991,28.68040789,28.6804
47.5,30,0,0,0,0
47.5,27.5,29.67672202,-0.2319784168,29.4447436,29.4447
45,27.5,30.97779361,-0.3529782108,30.6248154,30.6248
42.5,30,0,0,0,0
52.5,22.5,84.20020012,-0.2965414917,83.90365863,83.9037
57.5,22.5,82.32833566,-0.219266356,82.1090693,82.1091
55,22.5,83.13764093,-0.2517028678,82.88593806,82.8859
52.5,25,56.37082146,-0.2175121579,56.1533093,56.1533
52.5,27.5,28.2659441,-0.1202570926,28.14568701,28.1457
60,22.5,81.71874841,-0.195974322,81.52277408,81.5228
57.5,25,55.01172722,-0.1535851698,54.85814205,54.8581
60,27.5,27.32132861,-0.0696602574,27.25166835,27.2517
57.5,30,0,0,0,0
57.5,27.5,27.54606792,-0.07985753122,27.46621039,27.4662
55,27.5,27.85121585,-0.09547611291,27.75573973,27.7557
52.5,30,0,0,0,0
62.5,22.5,81.27354371,-0.1796276069,81.0939161,81.0939
67.5,22.5,80.79256381,-0.1626176449,80.62994617,80.6299
65,22.5,80.96963492,-0.1688005769,80.80083435,80.8008
62.5,25,54.26681155,-0.1234235163,54.14338803,54.1434
62.5,27.5,27.15959257,-0.06294338486,27.09664919,27.0966
70,22.5,80.73438498,-0.16060641,80.57377857,80.5738
67.5,25,53.9311473,-0.1109697679,53.82017753,53.8202
70,27.5,26.96611034,-0.0555216913,26.91058865,26.9106
67.5,30,0,0,0,0
67.5,27.5,26.98687194,-0.05628900074,26.93058294,26.9306
65,27.5,27.05023012,-0.05867208707,26.99155803,26.9916
62.5,30,0,0,0,0
2.5,32.5,63.11965824,-0.3050461925,62.81461205,62.8146
0,32.5,63.2054481,-0.3007925911,62.90465551,62.9047
7.5,32.5,62.40923826,-0.3416451753,62.06759308,62.0676
5,32.5,62.85835102,-0.31822253,62.54012849,62.5401
2.5,35,41.97721344,-0.2089399045,41.76827354,41.7683
2.5,37.5,20.95715237,-0.1062308151,20.85092156,20.8509
0,37.5,20.98780627,-0.1045659227,20.88324034,20.8832
10,32.5,61.75016206,-0.3777949882,61.37236707,61.3724
7.5,35,41.48133714,-0.2361457273,41.24519141,41.2452
10,37.5,20.46340881,-0.1355802961,20.32782851,20.3278
7.5,40,0,0,0,0
7.5,37.5,20.70208393,-0.1207859434,20.58129799,20.5813
5,37.5,20.86358979,-0.1114231019,20.75216669,20.7522
2.5,40,0,0,0,0
12.5,32.5,60.84622766,-0.4307961745,60.41543148,60.4154
17.5,32.5,58.06869763,-0.6176487471,57.45104889,57.451
15,32.5,59.64499434,-0.5072580123,59.13773633,59.1377
12.5,35,40.380706,-0.3043919328,40.07631407,40.0763
12.5,37.5,20.13264779,-0.1580634971,19.9745843,19.9746
20,32.5,56.00184156,-0.7783615324,55.22348003,55.2235
17.5,35,38.38800354,-0.4570162206,37.93098731,37.931
20,37.5,18.27837056,-0.3340942337,17.94427632,17.9443
17.5,40,0,0,0,0
17.5,37.5,19.08821262,-0.2458484484,18.84236417,18.8424
15,37.5,19.68647637,-0.1922862489,19.49419012,19.4942
12.5,40,0,0,0,0
22.5,32.5,53.27174025,-1.014233911,52.25750633,52.2575
27.5,32.5,44.66144149,-1.850128772,42.81131272,42.8113
25,32.5,49.61940107,-1.359523387,48.25987768,48.2599
22.5,35,34.81201966,-0.8278736109,33.98414605,33.9841
22.5,37.5,17.15521079,-0.4911949459,16.66401584,16.664
30,32.5,37.85950809,-2.492848862,35.36665923,35.3667
27.5,35,27.84240153,-1.836716715,26.00568482,26.0057
30,37.5,8.68927396,-1.572680418,7.116593542,7.11659
27.5,40,0,0,0,0
27.5,37.5,13.0155321,-1.426289499,11.5892426,11.5892
25,37.5,15.53045292,-0.8028120995,14.72764082,14.7276
22.5,40,0,0,0,0
32.5,32.5,28.55872172,-2.982553647,25.57616807,25.5762
37.5,32.5,0,0,0,0
35,32.5,16.18973436,-2.452967117,13.73676724,13.7368
32.5,35,12.57507136,-2.041697543,10.53337382,10.5334
32.5,37.5,0,0,0,0
