x,y,h_python,p_python,p_neopz,p_neopz_minus_p_python,p_exact
0,0,40,400,400.166,0.166,400
10,0,40,400,400.164,0.164,400
20,0,40,400,400.156,0.156,400
30,0,40,400,400.144,0.144,400
40,0,40,400,400.132,0.132,400
50,0,40,400,400.121,0.121,400
60,0,40,400,400.114,0.114,400
70,0,40,400,400.112,0.112,400
0,10,40,300,300.151,0.151,300
10,10,40,300,300.149,0.149,300
20,10,40,300,300.141,0.141,300
30,10,40,300,300.129,0.129,300
40,10,40,300,300.115,0.115,300
50,10,40,300,300.104,0.104,300
60,10,40,300,300.098,0.098,300
70,10,40,300,300.096,0.096,300
0,20,40,200,200.113,0.113,200
10,20,40,200,200.11,0.11,200
20,20,40,200,200.102,0.102,200
30,20,40,200,200.089,0.089,200
40,20,40,200,200.072,0.072,200
50,20,40,200,200.061,0.061,200
60,20,40,200,200.056,0.056,200
70,20,40,200,200.055,0.055,200
0,30,40,100,100.06,0.06,100
10,30,40,100,100.058,0.058,100
20,30,40,100,100.052,0.052,100
30,30,40,100,100.038,0.038,100
40,30,40,100,100,0,100
50,30,40,100,100,0,100
60,30,40,100,100,0,100
70,30,40,100,100,0,100
0,40,40,0,0,0,0
10,40,40,0,0,0,0
20,40,40,0,0,0,0
30,40,40,0,0,0,0
5,0,40,400,400.166,0.166,400
5,5,40,350,350.162,0.162,350
0,5,40,350,350.162,0.162,350
10,5,40,350,350.16,0.16,350
5,10,40,300,300.151,0.151,300
15,0,40,400,400.16,0.16,400
15,5,40,350,350.156,0.156,350
20,5,40,350,350.152,0.152,350
15,10,40,300,300.145,0.145,300
25,0,40,400,400.15,0.15,400
25,5,40,350,350.146,0.146,350
30,5,40,350,350.14,0.14,350
25,10,40,300,300.135,0.135,300
35,0,40,400,400.138,0.138,400
35,5,40,350,350.134,0.134,350
40,5,40,350,350.127,0.127,350
35,10,40,300,300.122,0.122,300
45,0,40,400,400.126,0.126,400
45,5,40,350,350.121,0.121,350
50,5,40,350,350.116,0.116,350
45,10,40,300,300.109,0.109,300
55,0,40,400,400.117,0.117,400
55,5,40,350,350.113,0.113,350
60,5,40,350,350.11,0.11,350
55,10,40,300,300.1,0.1,300
65,0,40,400,400.112,0.112,400
65,5,40,350,350.108,0.108,350
70,5,40,350,350.108,0.108,350
65,10,40,300,300.096,0.096,300
5,15,40,250,250.134,0.134,250
0,15,40,250,250.134,0.134,250
10,15,40,250,250.132,0.132,250
5,20,40,200,200.112,0.112,200
15,15,40,250,250.128,0.128,250
20,15,40,250,250.124,0.124,250
15,20,40,200,200.107,0.107,200
25,15,40,250,250.118,0.118,250
30,15,40,250,250.111,0.111,250
25,20,40,200,200.096,0.096,200
35,15,40,250,250.103,0.103,250
40,15,40,250,250.096,0.096,250
35,20,40,200,200.08,0.08,200
45,15,40,250,250.09,0.09,250
50,15,40,250,250.085,0.085,250
45,20,40,200,200.065,0.065,200
55,15,40,250,250.082,0.082,250
60,15,40,250,250.079,0.079,250
55,20,40,200,200.058,0.058,200
65,15,40,250,250.078,0.078,250
70,15,40,250,250.078,0.078,250
65,20,40,200,200.055,0.055,200
5,25,40,150,150.087,0.087,150
0,25,40,150,150.088,0.088,150
10,25,40,150,150.085,0.085,150
5,30,40,100,100.059,0.059,100
15,25,40,150,150.082,0.082,150
20,25,40,150,150.078,0.078,150
15,30,40,100,100.056,0.056,100
25,25,40,150,150.072,0.072,150
30,25,40,150,150.063,0.063,150
25,30,40,100,100.047,0.047,100
35,25,40,150,150.052,0.052,150
40,25,40,150,150.041,0.041,150
35,30,40,100,100.023,0.023,100
45,25,40,150,150.035,0.035,150
50,25,40,150,150.032,0.032,150
45,30,40,100,100,0,100
55,25,40,150,150.03,0.03,150
60,25,40,150,150.029,0.029,150
55,30,40,100,100,0,100
65,25,40,150,150.028,0.028,150
70,25,40,150,150.028,0.028,150
65,30,40,100,100,0,100
5,35,40,50,50.0301,0.0301,50
0,35,40,50,50.0303,0.0303,50
10,35,40,50,50.0294,0.0294,50
5,40,40,0,0,0,0
15,35,40,50,50.0281,0.0281,50
20,35,40,50,50.026,0.026,50
15,40,40,0,0,0,0
25,35,40,50,50.0223,0.0223,50
30,35,40,50,50.0149,0.0149,50
25,40,40,0,0,0,0
35,35,40,50,50,0,50
2.5,0,40,400,400.166,0.166,400
2.5,2.5,40,375,375.165,0.165,375
0,2.5,40,375,375.165,0.165,375
7.5,0,40,400,400.165,0.165,400
7.5,2.5,40,375,375.164,0.164,375
5,2.5,40,375,375.165,0.165,375
2.5,5,40,350,350.162,0.162,350
2.5,7.5,40,325,325.157,0.157,325
0,7.5,40,325,325.158,0.158,325
10,2.5,40,375,375.163,0.163,375
7.5,5,40,350,350.161,0.161,350
10,7.5,40,325,325.155,0.155,325
7.5,10,40,300,300.15,0.15,300
7.5,7.5,40,325,325.156,0.156,325
5,7.5,40,325,325.157,0.157,325
2.5,10,40,300,300.151,0.151,300
12.5,0,40,400,400.162,0.162,400
12.5,2.5,40,375,375.161,0.161,375
17.5,0,40,400,400.158,0.158,400
17.5,2.5,40,375,375.157,0.157,375
15,2.5,40,375,375.159,0.159,375
12.5,5,40,350,350.158,0.158,350
12.5,7.5,40,325,325.153,0.153,325
20,2.5,40,375,375.155,0.155,375
17.5,5,40,350,350.154,0.154,350
20,7.5,40,325,325.147,0.147,325
17.5,10,40,300,300.143,0.143,300
17.5,7.5,40,325,325.15,0.15,325
15,7.5,40,325,325.152,0.152,325
12.5,10,40,300,300.147,0.147,300
22.5,0,40,400,400.153,0.153,400
22.5,2.5,40,375,375.152,0.152,375
27.5,0,40,400,400.147,0.147,400
27.5,2.5,40,375,375.146,0.146,375
25,2.5,40,375,375.149,0.149,375
22.5,5,40,350,350.149,0.149,350
22.5,7.5,40,325,325.144,0.144,325
30,2.5,40,375,375.143,0.143,375
27.5,5,40,350,350.143,0.143,350
30,7.5,40,325,325.135,0.135,325
27.5,10,40,300,300.132,0.132,300
27.5,7.5,40,325,325.139,0.139,325
25,7.5,40,325,325.142,0.142,325
22.5,10,40,300,300.138,0.138,300
32.5,0,40,400,400.141,0.141,400
32.5,2.5,40,375,375.14,0.14,375
37.5,0,40,400,400.135,0.135,400
37.5,2.5,40,375,375.134,0.134,375
35,2.5,40,375,375.137,0.137,375
32.5,5,40,350,350.137,0.137,350
32.5,7.5,40,325,325.132,0.132,325
40,2.5,40,375,375.13,0.13,375
37.5,5,40,350,350.13,0.13,350
40,7.5,40,325,325.122,0.122,325
37.5,10,40,300,300.118,0.118,300
37.5,7.5,40,325,325.125,0.125,325
35,7.5,40,325,325.129,0.129,325
32.5,10,40,300,300.125,0.125,300
42.5,0,40,400,400.129,0.129,400
42.5,2.5,40,375,375.127,0.127,375
47.5,0,40,400,400.123,0.123,400
47.5,2.5,40,375,375.122,0.122,375
45,2.5,40,375,375.125,0.125,375
42.5,5,40,350,350.124,0.124,350
42.5,7.5,40,325,325.119,0.119,325
50,2.5,40,375,375.12,0.12,375
47.5,5,40,350,350.119,0.119,350
50,7.5,40,325,325.111,0.111,325
47.5,10,40,300,300.107,0.107,300
47.5,7.5,40,325,325.114,0.114,325
45,7.5,40,325,325.116,0.116,325
42.5,10,40,300,300.112,0.112,300
52.5,0,40,400,400.119,0.119,400
52.5,2.5,40,375,375.118,0.118,375
57.5,0,40,400,400.115,0.115,400
57.5,2.5,40,375,375.114,0.114,375
55,2.5,40,375,375.116,0.116,375
52.5,5,40,350,350.114,0.114,350
52.5,7.5,40,325,325.109,0.109,325
60,2.5,40,375,375.113,0.113,375
57.5,5,40,350,350.111,0.111,350
60,7.5,40,325,325.105,0.105,325
57.5,10,40,300,300.099,0.099,300
57.5,7.5,40,325,325.106,0.106,325
55,7.5,40,325,325.107,0.107,325
52.5,10,40,300,300.102,0.102,300
62.5,0,40,400,400.113,0.113,400
62.5,2.5,40,375,375.112,0.112,375
67.5,0,40,400,400.112,0.112,400
67.5,2.5,40,375,375.111,0.111,375
65,2.5,40,375,375.111,0.111,375
62.5,5,40,350,350.109,0.109,350
62.5,7.5,40,325,325.104,0.104,325
70,2.5,40,375,375.111,0.111,375
67.5,5,40,350,350.108,0.108,350
70,7.5,40,325,325.102,0.102,325
67.5,10,40,300,300.096,0.096,300
67.5,7.5,40,325,325.103,0.103,325
65,7.5,40,325,325.103,0.103,325
62.5,10,40,300,300.097,0.097,300
2.5,12.5,40,275,275.143,0.143,275
0,12.5,40,275,275.143,0.143,275
7.5,12.5,40,275,275.142,0.142,275
5,12.5,40,275,275.143,0.143,275
2.5,15,40,250,250.134,0.134,250
2.5,17.5,40,225,225.124,0.124,225
0,17.5,40,225,225.124,0.124,225
10,12.5,40,275,275.141,0.141,275
7.5,15,40,250,250.133,0.133,250
10,17.5,40,225,225.121,0.121,225
7.5,20,40,200,200.111,0.111,200
7.5,17.5,40,225,225.123,0.123,225
5,17.5,40,225,225.123,0.123,225
2.5,20,40,200,200.113,0.113,200
12.5,12.5,40,275,275.139,0.139,275
17.5,12.5,40,275,275.135,0.135,275
15,12.5,40,275,275.137,0.137,275
12.5,15,40,250,250.13,0.13,250
12.5,17.5,40,225,225.12,0.12,225
20,12.5,40,275,275.133,0.133,275
17.5,15,40,250,250.126,0.126,250
20,17.5,40,225,225.114,0.114,225
17.5,20,40,200,200.105,0.105,200
17.5,17.5,40,225,225.116,0.116,225
15,17.5,40,225,225.118,0.118,225
12.5,20,40,200,200.109,0.109,200
22.5,12.5,40,275,275.13,0.13,275
27.5,12.5,40,275,275.124,0.124,275
25,12.5,40,275,275.127,0.127,275
22.5,15,40,250,250.121,0.121,250
22.5,17.5,40,225,225.111,0.111,225
30,12.5,40,275,275.12,0.12,275
27.5,15,40,250,250.115,0.115,250
30,17.5,40,225,225.1,0.1,225
27.5,20,40,200,200.093,0.093,200
27.5,17.5,40,225,225.104,0.104,225
25,17.5,40,225,225.108,0.108,225
22.5,20,40,200,200.1,0.1,200
32.5,12.5,40,275,275.117,0.117,275
37.5,12.5,40,275,275.11,0.11,275
35,12.5,40,275,275.113,0.113,275
32.5,15,40,250,250.107,0.107,250
32.5,17.5,40,225,225.096,0.096,225
40,12.5,40,275,275.106,0.106,275
37.5,15,40,250,250.1,0.1,250
40,17.5,40,225,225.085,0.085,225
37.5,20,40,200,200.076,0.076,200
37.5,17.5,40,225,225.088,0.088,225
35,17.5,40,225,225.092,0.092,225
32.5,20,40,200,200.084,0.084,200
42.5,12.5,40,275,275.103,0.103,275
47.5,12.5,40,275,275.098,0.098,275
45,12.5,40,275,275.1,0.1,275
42.5,15,40,250,250.093,0.093,250
42.5,17.5,40,225,225.081,0.081,225
50,12.5,40,275,275.096,0.096,275
47.5,15,40,250,250.088,0.088,250
50,17.5,40,225,225.074,0.074,225
47.5,20,40,200,200.063,0.063,200
47.5,17.5,40,225,225.076,0.076,225
45,17.5,40,225,225.078,0.078,225
42.5,20,40,200,200.068,0.068,200
52.5,12.5,40,275,275.094,0.094,275
57.5,12.5,40,275,275.09,0.09,275
55,12.5,40,275,275.092,0.092,275
52.5,15,40,250,250.083,0.083,250
52.5,17.5,40,225,225.072,0.072,225
60,12.5,40,275,275.089,0.089,275
57.5,15,40,250,250.08,0.08,250
60,17.5,40,225,225.068,0.068,225
57.5,20,40,200,200.057,0.057,200
57.5,17.5,40,225,225.069,0.069,225
55,17.5,40,225,225.07,0.07,225
52.5,20,40,200,200.059,0.059,200
62.5,12.5,40,275,275.088,0.088,275
67.5,12.5,40,275,275.087,0.087,275
65,12.5,40,275,275.088,0.088,275
62.5,15,40,250,250.079,0.079,250
62.5,17.5,40,225,225.067,0.067,225
70,12.5,40,275,275.087,0.087,275
67.5,15,40,250,250.078,0.078,250
70,17.5,40,225,225.067,0.067,225
67.5,20,40,200,200.055,0.055,200
67.5,17.5,40,225,225.067,0.067,225
65,17.5,40,225,225.067,0.067,225
62.5,20,40,200,200.055,0.055,200
2.5,22.5,40,175,175.1,0.1,175
0,22.5,40,175,175.1,0.1,175
7.5,22.5,40,175,175.099,0.099,175
5,22.5,40,175,175.1,0.1,175
2.5,25,40,150,150.087,0.087,150
2.5,27.5,40,125,125.074,0.074,125
0,27.5,40,125,125.074,0.074,125
10,22.5,40,175,175.098,0.098,175
7.5,25,40,150,150.086,0.086,150
10,27.5,40,125,125.072,0.072,125
7.5,30,40,100,100.059,0.059,100
7.5,27.5,40,125,125.073,0.073,125
5,27.5,40,125,125.073,0.073,125
2.5,30,40,100,100.06,0.06,100
12.5,22.5,40,175,175.097,0.097,175
17.5,22.5,40,175,175.093,0.093,175
15,22.5,40,175,175.095,0.095,175
12.5,25,40,150,150.084,0.084,150
12.5,27.5,40,125,125.071,0.071,125
20,22.5,40,175,175.09,0.09,175
17.5,25,40,150,150.08,0.08,150
20,27.5,40,125,125.065,0.065,125
17.5,30,40,100,100.054,0.054,100
17.5,27.5,40,125,125.067,0.067,125
15,27.5,40,125,125.069,0.069,125
12.5,30,40,100,100.057,0.057,100
22.5,22.5,40,175,175.088,0.088,175
27.5,22.5,40,175,175.08,0.08,175
25,22.5,40,175,175.084,0.084,175
22.5,25,40,150,150.075,0.075,150
22.5,27.5,40,125,125.062,0.062,125
30,22.5,40,175,175.076,0.076,175
27.5,25,40,150,150.068,0.068,150
30,27.5,40,125,125.05,0.05,125
27.5,30,40,100,100.043,0.043,100
27.5,27.5,40,125,125.055,0.055,125
25,27.5,40,125,125.059,0.059,125
22.5,30,40,100,100.05,0.05,100
32.5,22.5,40,175,175.071,0.071,175
37.5,22.5,40,175,175.062,0.062,175
35,22.5,40,175,175.067,0.067,175
32.5,25,40,150,150.058,0.058,150
32.5,27.5,40,125,125.044,0.044,125
40,22.5,40,175,175.057,0.057,175
37.5,25,40,150,150.046,0.046,150
40,27.5,40,125,125.023,0.023,125
37.5,30,40,100,100.013,0.013,100
37.5,27.5,40,125,125.03,0.03,125
35,27.5,40,125,125.038,0.038,125
32.5,30,40,100,100.031,0.031,100
42.5,22.5,40,175,175.053,0.053,175
47.5,22.5,40,175,175.048,0.048,175
45,22.5,40,175,175.051,0.051,175
42.5,25,40,150,150.037,0.037,150
42.5,27.5,40,125,125.02,0.02,125
50,22.5,40,175,175.047,0.047,175
47.5,25,40,150,150.033,0.033,150
50,27.5,40,125,125.016,0.016,125
47.5,30,40,100,100,0,100
47.5,27.5,40,125,125.017,0.017,125
45,27.5,40,125,125.018,0.018,125
42.5,30,40,100,100,0,100
52.5,22.5,40,175,175.045,0.045,175
57.5,22.5,40,175,175.043,0.043,175
55,22.5,40,175,175.044,0.044,175
52.5,25,40,150,150.031,0.031,150
52.5,27.5,40,125,125.016,0.016,125
60,22.5,40,175,175.043,0.043,175
57.5,25,40,150,150.029,0.029,150
60,27.5,40,125,125.015,0.015,125
57.5,30,40,100,100,0,100
57.5,27.5,40,125,125.015,0.015,125
55,27.5,40,125,125.015,0.015,125
52.5,30,40,100,100,0,100
62.5,22.5,40,175,175.042,0.042,175
67.5,22.5,40,175,175.042,0.042,175
65,22.5,40,175,175.042,0.042,175
62.5,25,40,150,150.029,0.029,150
62.5,27.5,40,125,125.014,0.014,125
70,22.5,40,175,175.042,0.042,175
67.5,25,40,150,150.028,0.028,150
70,27.5,40,125,125.014,0.014,125
67.5,30,40,100,100,0,100
67.5,27.5,40,125,125.014,0.014,125
65,27.5,40,125,125.014,0.014,125
62.5,30,40,100,100,0,100
2.5,32.5,40,75,75.0451,0.0451,75
0,32.5,40,75,75.0452,0.0452,75
7.5,32.5,40,75,75.0445,0.0445,75
5,32.5,40,75,75.0449,0.0449,75
2.5,35,40,50,50.0303,0.0303,50
2.5,37.5,40,25,25.0152,0.0152,25
0,37.5,40,25,25.0152,0.0152,25
10,32.5,40,75,75.0439,0.0439,75
7.5,35,40,50,50.0298,0.0298,50
10,37.5,40,25,25.0148,0.0148,25
7.5,40,40,0,0,0,0
7.5,37.5,40,25,25.015,0.015,25
5,37.5,40,25,25.0151,0.0151,25
2.5,40,40,0,0,0,0
12.5,32.5,40,75,75.0431,0.0431,75
17.5,32.5,40,75,75.0407,0.0407,75
15,32.5,40,75,75.0421,0.0421,75
12.5,35,40,50,50.0289,0.0289,50
12.5,37.5,40,25,25.0145,0.0145,25
20,32.5,40,75,75.0391,0.0391,75
17.5,35,40,50,50.0272,0.0272,50
20,37.5,40,25,25.013,0.013,25
17.5,40,40,0,0,0,0
17.5,37.5,40,25,25.0136,0.0136,25
15,37.5,40,25,25.0141,0.0141,25
12.5,40,40,0,0,0,0
22.5,32.5,40,75,75.0369,0.0369,75
27.5,32.5,40,75,75.0305,0.0305,75
25,32.5,40,75,75.0342,0.0342,75
22.5,35,40,50,50.0244,0.0244,50
22.5,37.5,40,25,25.0121,0.0121,25
30,32.5,40,75,75.0256,0.0256,75
27.5,35,40,50,50.0193,0.0193,50
30,37.5,40,25,25.006,0.006,25
27.5,40,40,0,0,0,0
27.5,37.5,40,25,25.0091,0.0091,25
25,37.5,40,25,25.0109,0.0109,25
22.5,40,40,0,0,0,0
32.5,32.5,40,75,75.0191,0.0191,75
37.5,32.5,40,75,75,0,75
35,32.5,40,75,75.0107,0.0107,75
32.5,35,40,50,50.0086,0.0086,50
32.5,37.5,40,25,25,0,25
