case,fig,approach,beta,alpha,hw_over_H,H_python,H_cpp,Hcrit_python,Hcrit_cpp,Gamma_python,Gamma_cpp,rel_diff,mechanism_python,mechanism_cpp,time_python,time_cpp
"H=5 beta=20 hw=1 alpha=1 c=10 phi=30 gamma=20 gammaw=9.81 water=fe hboxm=50,10,30 seeds=0,1",fig9,FE,20,1,1,5,5,34.962691,34.962637,6.9925383,6.9925275,-1.5425088e-06,I1.000,I1.000,12.388873,3.6531566
"H=5 beta=20 hw=1 alpha=1 c=10 phi=30 gamma=20 gammaw=9.81 water=fe hboxm=50,10,30 seeds=0,1 href=1",fig9,FE,20,1,1,5,5,34.962691,34.962667,6.9925383,6.9925334,-6.8948522e-07,I1.000,I1.000,12.388873,2.618429
"H=5 beta=30 hw=1 alpha=1 c=10 phi=30 gamma=20 gammaw=9.81 water=fe hboxm=50,10,30 seeds=0,1",fig9,FE,30,1,1,5,5,11.664038,11.664263,2.3328076,2.3328526,1.9289819e-05,I1.000,I1.000,10.567527,1.0648168
"H=5 beta=30 hw=1 alpha=1 c=10 phi=30 gamma=20 gammaw=9.81 water=fe hboxm=50,10,30 seeds=0,1 href=1",fig9,FE,30,1,1,5,5,11.664038,11.664066,2.3328076,2.3328132,2.4223674e-06,I1.000,I1.000,10.567527,2.2541663
"H=5 beta=45 hw=1 alpha=1 c=10 phi=30 gamma=20 gammaw=9.81 water=fe hboxm=50,10,30 seeds=0,1",fig9,FE,45,1,1,5,5,6.6308697,6.631267,1.3261739,1.3262534,5.9910049e-05,I1.000,I1.000,8.6509879,1.0600086
"H=5 beta=45 hw=1 alpha=1 c=10 phi=30 gamma=20 gammaw=9.81 water=fe hboxm=50,10,30 seeds=0,1 href=1",fig9,FE,45,1,1,5,5,6.6308697,6.630983,1.3261739,1.3261966,1.7082278e-05,I1.000,I1.000,8.6509879,1.9864553
"H=5 beta=60 hw=1 alpha=1 c=10 phi=30 gamma=20 gammaw=9.81 water=fe hboxm=50,10,30 seeds=0,1",fig9,FE,60,1,1,5,5,4.7852185,4.7857198,0.9570437,0.95714396,0.00010476251,I1.000,I1.000,9.0137241,0.97095724
"H=5 beta=60 hw=1 alpha=1 c=10 phi=30 gamma=20 gammaw=9.81 water=fe hboxm=50,10,30 seeds=0,1 href=1",fig9,FE,60,1,1,5,5,4.7852185,4.7853506,0.9570437,0.95707013,2.7612112e-05,I1.000,I1.000,9.0137241,1.9767062
"H=5 beta=75 hw=1 alpha=1 c=10 phi=30 gamma=20 gammaw=9.81 water=fe hboxm=50,10,30 seeds=0,1",fig9,FE,75,1,1,5,5,3.6404275,3.6407836,0.72808549,0.72815671,9.7820381e-05,I1.000,I1.000,8.7558365,1.0063375
"H=5 beta=75 hw=1 alpha=1 c=10 phi=30 gamma=20 gammaw=9.81 water=fe hboxm=50,10,30 seeds=0,1 href=1",fig9,FE,75,1,1,5,5,3.6404275,3.6405087,0.72808549,0.72810175,2.2329867e-05,I1.000,I1.000,8.7558365,1.8110891
"H=5 beta=90 hw=1 alpha=1 c=10 phi=30 gamma=20 gammaw=9.81 water=fe hboxm=50,10,30 seeds=0,1",fig9,FE,90,1,1,5,5,2.7562475,2.7565617,0.5512495,0.55131234,0.00011400172,I1.000,I1.000,7.1392608,2.1353865
"H=5 beta=90 hw=1 alpha=1 c=10 phi=30 gamma=20 gammaw=9.81 water=fe hboxm=50,10,30 seeds=0,1 href=1",fig9,FE,90,1,1,5,5,2.7562475,2.7563317,0.5512495,0.55126634,3.0555083e-05,I1.000,I1.000,7.1392608,1.8247179
"H=5 beta=25 hw=1 alpha=5 c=10 phi=30 gamma=20 gammaw=9.81 water=fe hboxm=50,10,30 seeds=0,1",fig9,FE,25,5,1,5,5,29.57581,29.581861,5.915162,5.9163722,0.00020459131,II1.550,II1.555,12.840852,1.207655
"H=5 beta=25 hw=1 alpha=5 c=10 phi=30 gamma=20 gammaw=9.81 water=fe hboxm=50,10,30 seeds=0,1 href=1",fig9,FE,25,5,1,5,5,29.57581,29.577541,5.915162,5.9155083,5.8542941e-05,II1.550,II1.555,12.840852,2.3884584
"H=5 beta=40 hw=1 alpha=5 c=10 phi=30 gamma=20 gammaw=9.81 water=fe hboxm=50,10,30 seeds=0,1",fig9,FE,40,5,1,5,5,11.087053,11.088663,2.2174106,2.2177325,0.00014516592,I1.000,I1.000,9.5361943,1.042465
"H=5 beta=40 hw=1 alpha=5 c=10 phi=30 gamma=20 gammaw=9.81 water=fe hboxm=50,10,30 seeds=0,1 href=1",fig9,FE,40,5,1,5,5,11.087053,11.08745,2.2174106,2.2174899,3.576717e-05,I1.000,I1.000,9.5361943,2.0210459
"H=5 beta=60 hw=1 alpha=5 c=10 phi=30 gamma=20 gammaw=9.81 water=fe hboxm=50,10,30 seeds=0,1",fig9,FE,60,5,1,5,5,6.0345888,6.0354036,1.2069178,1.2070807,0.00013501254,I1.000,I1.000,8.4982147,0.97929045
"H=5 beta=60 hw=1 alpha=5 c=10 phi=30 gamma=20 gammaw=9.81 water=fe hboxm=50,10,30 seeds=0,1 href=1",fig9,FE,60,5,1,5,5,6.0345888,6.0348298,1.2069178,1.206966,3.9929157e-05,I1.000,I1.000,8.4982147,1.929009
"H=5 beta=90 hw=1 alpha=5 c=10 phi=30 gamma=20 gammaw=9.81 water=fe hboxm=50,10,30 seeds=0,1",fig9,FE,90,5,1,5,5,3.0396879,3.0399006,0.60793759,0.60798013,6.9980712e-05,I1.000,I1.000,6.9346361,1.1888243
"H=5 beta=90 hw=1 alpha=5 c=10 phi=30 gamma=20 gammaw=9.81 water=fe hboxm=50,10,30 seeds=0,1 href=1",fig9,FE,90,5,1,5,5,3.0396879,3.0397563,0.60793759,0.60795125,2.2481905e-05,I1.000,I1.000,6.9346361,1.9591489
"H=5 beta=20 hw=1 alpha=10 c=10 phi=30 gamma=20 gammaw=9.81 water=fe hboxm=50,10,30 seeds=0,1",fig9,FE,20,10,1,5,5,191.07663,191.52512,38.215325,38.305024,0.0023471801,II2.043,II2.045,27.437907,4.7509944
"H=5 beta=20 hw=1 alpha=10 c=10 phi=30 gamma=20 gammaw=9.81 water=fe hboxm=50,10,30 seeds=0,1 href=1",fig9,FE,20,10,1,5,5,191.07663,191.2934,38.215325,38.25868,0.0011344949,II2.043,II2.045,27.437907,6.4957831
"H=5 beta=30 hw=1 alpha=10 c=10 phi=30 gamma=20 gammaw=9.81 water=fe hboxm=50,10,30 seeds=0,1",fig9,FE,30,10,1,5,5,23.469777,23.476977,4.6939554,4.6953953,0.00030674999,II1.736,II1.735,10.646926,1.2477763
"H=5 beta=30 hw=1 alpha=10 c=10 phi=30 gamma=20 gammaw=9.81 water=fe hboxm=50,10,30 seeds=0,1 href=1",fig9,FE,30,10,1,5,5,23.469777,23.471858,4.6939554,4.6943716,8.8662224e-05,II1.736,II1.736,10.646926,2.2860711
"H=5 beta=50 hw=1 alpha=10 c=10 phi=30 gamma=20 gammaw=9.81 water=fe hboxm=50,10,30 seeds=0,1",fig9,FE,50,10,1,5,5,8.8396906,8.843525,1.7679381,1.768705,0.00043376897,I1.000,I1.000,9.7274125,0.99771955
"H=5 beta=50 hw=1 alpha=10 c=10 phi=30 gamma=20 gammaw=9.81 water=fe hboxm=50,10,30 seeds=0,1 href=1",fig9,FE,50,10,1,5,5,8.8396906,8.8411128,1.7679381,1.7682226,0.00016088945,I1.000,I1.000,9.7274125,1.8944985
"H=5 beta=90 hw=1 alpha=10 c=10 phi=30 gamma=20 gammaw=9.81 water=fe hboxm=50,10,30 seeds=0,1",fig9,FE,90,10,1,5,5,3.1174924,3.1176952,0.62349849,0.62353905,6.5052576e-05,I1.000,I1.000,6.9095919,2.1442651
"H=5 beta=90 hw=1 alpha=10 c=10 phi=30 gamma=20 gammaw=9.81 water=fe hboxm=50,10,30 seeds=0,1 href=1",fig9,FE,90,10,1,5,5,3.1174924,3.1175679,0.62349849,0.62351359,2.4217198e-05,I1.000,I1.000,6.9095919,3.167192
"H=1 beta=30 hw=0.1 alpha=1 c=11.7 phi=24.7 gamma=18 gammaw=9.8 water=fe hboxm=50,10,30 seeds=0,1",fig8,FE,30,1,0.1,10,1,66.270509,66.270712,6.6270509,66.270712,3.0643384e-06,I1.000,I1.000,11.983659,8.6043229
"H=1 beta=30 hw=0.1 alpha=1 c=11.7 phi=24.7 gamma=18 gammaw=9.8 water=fe hboxm=50,10,30 seeds=0,1 href=1",fig8,FE,30,1,0.1,10,1,66.270509,66.270552,6.6270509,66.270552,6.5713338e-07,I1.000,I1.000,11.983659,11.769162
"H=1 beta=30 hw=0.5 alpha=1 c=11.7 phi=24.7 gamma=18 gammaw=9.8 water=fe hboxm=50,10,30 seeds=0,1",fig8,FE,30,1,0.5,10,1,15.131569,15.131564,1.5131569,15.131564,-3.2538439e-07,I1.000,I1.000,11.688193,1.4710909
"H=1 beta=30 hw=0.5 alpha=1 c=11.7 phi=24.7 gamma=18 gammaw=9.8 water=fe hboxm=50,10,30 seeds=0,1 href=1",fig8,FE,30,1,0.5,10,1,15.131569,15.13157,1.5131569,15.13157,4.5363679e-08,I1.000,I1.000,11.688193,4.0847161
"H=1 beta=60 hw=0.2 alpha=1 c=11.7 phi=24.7 gamma=18 gammaw=9.8 water=fe hboxm=50,10,30 seeds=0,1",fig8,FE,60,1,0.2,10,1,9.9205903,9.9206988,0.99205903,9.9206988,1.09373e-05,I1.000,I1.000,10.498813,1.3768591
"H=1 beta=60 hw=0.2 alpha=1 c=11.7 phi=24.7 gamma=18 gammaw=9.8 water=fe hboxm=50,10,30 seeds=0,1 href=1",fig8,FE,60,1,0.2,10,1,9.9205903,9.9206171,0.99205903,9.9206171,2.7049318e-06,I1.000,I1.000,10.498813,3.3663478
"H=1 beta=60 hw=1 alpha=1 c=11.7 phi=24.7 gamma=18 gammaw=9.8 water=fe hboxm=50,10,30 seeds=0,1",fig8,FE,60,1,1,10,1,5.453919,5.4543164,0.5453919,5.4543164,7.2858559e-05,I1.000,I1.000,8.4523206,1.455761
"H=1 beta=60 hw=1 alpha=1 c=11.7 phi=24.7 gamma=18 gammaw=9.8 water=fe hboxm=50,10,30 seeds=0,1 href=1",fig8,FE,60,1,1,10,1,5.453919,5.4540237,0.5453919,5.4540237,1.9180784e-05,I1.000,I1.000,8.4523206,3.3102635
"H=1 beta=35 hw=0.1 alpha=1 c=6 phi=32 gamma=18 gammaw=9.8 water=fe hboxm=50,10,30 seeds=0,1",fig8,FE,35,1,0.1,10,1,44.908924,44.912492,4.4908924,44.912492,7.9452456e-05,I0.214,I0.214,9.6379149,5.4969734
"H=1 beta=35 hw=0.1 alpha=1 c=6 phi=32 gamma=18 gammaw=9.8 water=fe hboxm=50,10,30 seeds=0,1 href=1",fig8,FE,35,1,0.1,10,1,44.908924,44.909192,4.4908924,44.909192,5.9716658e-06,I0.214,I0.214,9.6379149,4.4874517
"H=1 beta=35 hw=0.6 alpha=1 c=6 phi=32 gamma=18 gammaw=9.8 water=fe hboxm=50,10,30 seeds=0,1",fig8,FE,35,1,0.6,10,1,7.3102849,7.3103527,0.73102849,7.3103527,9.2794729e-06,I1.000,I1.000,11.024081,1.4495122
"H=1 beta=35 hw=0.6 alpha=1 c=6 phi=32 gamma=18 gammaw=9.8 water=fe hboxm=50,10,30 seeds=0,1 href=1",fig8,FE,35,1,0.6,10,1,7.3102849,7.3103037,0.73102849,7.3103037,2.5817175e-06,I1.000,I1.000,11.024081,3.899733
"H=1 beta=60 hw=0.5 alpha=1 c=6 phi=32 gamma=18 gammaw=9.8 water=fe hboxm=50,10,30 seeds=0,1",fig8,FE,60,1,0.5,10,1,3.8111101,3.8111639,0.38111101,3.8111639,1.4108943e-05,I1.000,I1.000,9.995106,1.3399038
"H=1 beta=60 hw=0.5 alpha=1 c=6 phi=32 gamma=18 gammaw=9.8 water=fe hboxm=50,10,30 seeds=0,1 href=1",fig8,FE,60,1,0.5,10,1,3.8111101,3.8111226,0.38111101,3.8111226,3.2824022e-06,I1.000,I1.000,9.995106,3.4978794
"H=1 beta=60 hw=0.9 alpha=1 c=6 phi=32 gamma=18 gammaw=9.8 water=fe hboxm=50,10,30 seeds=0,1",fig8,FE,60,1,0.9,10,1,3.1972085,3.1973733,0.31972085,3.1973733,5.1560272e-05,I1.000,I1.000,10.003594,1.3624374
"H=1 beta=60 hw=0.9 alpha=1 c=6 phi=32 gamma=18 gammaw=9.8 water=fe hboxm=50,10,30 seeds=0,1 href=1",fig8,FE,60,1,0.9,10,1,3.1972085,3.1972559,0.31972085,3.1972559,1.4819377e-05,I1.000,I1.000,10.003594,3.374189
"H=5 beta=15 hw=1 alpha=1 c=10 phi=30 gamma=20 gammaw=9.81 water=analytical seeds=0,1",fig9,vopt,15,1,1,5,5,595.40463,595.40463,119.08093,119.08093,-1.0818124e-11,I0.128,I0.128,120.07347,5.8144614
"H=5 beta=20 hw=1 alpha=1 c=10 phi=30 gamma=20 gammaw=9.81 water=analytical seeds=0,1",fig9,vopt,20,1,1,5,5,96.602033,96.602033,19.320407,19.320407,-3.5508263e-12,I0.759,I0.759,144.90334,0.81221423
"H=5 beta=45 hw=1 alpha=1 c=10 phi=30 gamma=20 gammaw=9.81 water=analytical seeds=0,1",fig9,vopt,45,1,1,5,5,9.5224205,9.5224205,1.9044841,1.9044841,-9.896528e-13,I1.000,I1.000,13.542518,0.51737755
"H=5 beta=25 hw=1 alpha=5 c=10 phi=30 gamma=20 gammaw=9.81 water=analytical seeds=0,1",fig9,vopt,25,5,1,5,5,92.030865,92.030865,18.406173,18.406173,-4.1551207e-12,I1.000,I1.000,64.409306,12.900623
"H=5 beta=50 hw=1 alpha=5 c=10 phi=30 gamma=20 gammaw=9.81 water=analytical seeds=0,1",fig9,vopt,50,5,1,5,5,11.475409,11.475409,2.2950818,2.2950818,1.2674306e-12,I1.000,I1.000,13.775679,0.82516917
"H=5 beta=90 hw=1 alpha=5 c=10 phi=30 gamma=20 gammaw=9.81 water=analytical seeds=0,1",fig9,vopt,90,5,1,5,5,3.6785869,3.6785869,0.73571737,0.73571737,-3.5164094e-11,I1.000,I1.000,81.500357,10.478746
"H=5 beta=35 hw=1 alpha=10 c=10 phi=30 gamma=20 gammaw=9.81 water=analytical seeds=0,1",fig9,vopt,35,10,1,5,5,24.969615,24.969615,4.993923,4.993923,-3.3075764e-12,I1.000,I1.000,15.583453,0.54218169
"H=5 beta=90 hw=1 alpha=10 c=10 phi=30 gamma=20 gammaw=9.81 water=analytical seeds=0,1",fig9,vopt,90,10,1,5,5,3.9013721,3.9013721,0.78027442,0.78027442,-7.6700868e-12,I1.000,I1.000,12.996359,0.7612462
"H=10 beta=30 hw=0.05 alpha=1 c=11.7 phi=24.7 gamma=18 gammaw=9.8 water=analytical seeds=0,1",fig8,vopt,30,1,0.05,10,10,108.82468,108.82468,10.882468,10.882468,-3.1887826e-12,I1.000,I1.000,381.06214,11.332675
"H=10 beta=30 hw=0.5 alpha=1 c=11.7 phi=24.7 gamma=18 gammaw=9.8 water=analytical seeds=0,1",fig8,vopt,30,1,0.5,10,10,26.41454,26.41454,2.641454,2.641454,-1.4150903e-12,I0.708,I0.708,20.332708,0.60834347
"H=10 beta=60 hw=0.1 alpha=1 c=11.7 phi=24.7 gamma=18 gammaw=9.8 water=analytical seeds=0,1",fig8,vopt,60,1,0.1,10,10,13.086199,13.086199,1.3086199,1.3086199,-1.3874457e-12,I1.000,I1.000,15.386225,0.40984476
"H=10 beta=35 hw=0.2 alpha=1 c=6 phi=32 gamma=18 gammaw=9.8 water=analytical seeds=0,1",fig8,vopt,35,1,0.2,10,10,38.660589,38.660589,3.8660589,3.8660589,3.4305891e-13,I0.277,I0.277,14.450939,0.80463221
"H=10 beta=60 hw=0.7 alpha=1 c=6 phi=32 gamma=18 gammaw=9.8 water=analytical seeds=0,1",fig8,vopt,60,1,0.7,10,10,5.1043794,5.1043794,0.51043794,0.51043794,-1.7300605e-12,I1.000,I1.000,19.12746,0.68243749
