id,H,beta_deg,hw_over_H,alpha,c,phi_deg,gamma,gamma_w,water,pu,Gamma,Hcrit,mechanism,theta1,theta2,s,Ax,Bx,By,Cx,Cy,r0,rh,L,P_mr,P_gamma,P_u,seed_spread,n_eval,Jnorm,t_field,t_la
"H=5 beta=20 hw=1 alpha=1 c=10 phi=30 gamma=20 gammaw=9.81 water=fe hboxm=50,10,30 seeds=0,1",5,20,1,1,10,30,20,9.81,fe,boundary,6.9925274701,34.9626373505,I,1.25003911566,2.16017778588,1,-8.04245559038e-13,13.7373870973,5,3.45015588007,-10.3848419792,10.9429666238,18.5073090653,8.04245559038e-13,1929.2618554,-514.531111525,790.434476031,3.33066907388e-15,44396,0.494251250596,0.219726234,3.433430374
"H=5 beta=20 hw=1 alpha=1 c=10 phi=30 gamma=20 gammaw=9.81 water=fe hboxm=50,10,30 seeds=0,1 href=1",5,20,1,1,10,30,20,9.81,fe,boundary,6.99253343489,34.9626671745,I,1.25003015633,2.16018403274,1,-1.26565424807e-13,13.7373870973,5,3.45017873318,-10.3845998106,10.9427440122,18.5070950519,1.26565424807e-13,1929.23544536,-514.535095492,790.434447754,5.3290705182e-15,29202,0.494249682362,1.520426502,1.098002486
"H=5 beta=30 hw=1 alpha=1 c=10 phi=30 gamma=20 gammaw=9.81 water=fe hboxm=50,10,30 seeds=0,1",5,30,1,1,10,30,20,9.81,fe,boundary,2.33285258982,11.6642629491,I,0.896978799374,2.14407968177,1,-0.541397973559,8.66025403784,5,2.76159220541,-4.13656245972,5.29347646688,10.8752464337,0.541397973559,781.588722691,-101.681415603,436.717039415,2.6645352591e-15,19078,0.530331509688,0.180607834,0.884208928
"H=5 beta=30 hw=1 alpha=1 c=10 phi=30 gamma=20 gammaw=9.81 water=fe hboxm=50,10,30 seeds=0,1 href=1",5,30,1,1,10,30,20,9.81,fe,boundary,2.33281324129,11.6640662065,I,0.896968566028,2.14408604482,1,-0.54140071798,8.66025403784,5,2.76157642508,-4.13645932089,5.29338773574,10.8751683436,0.54140071798,781.582148627,-101.684057475,436.722514387,1.11022302463e-15,19675,0.530327884903,1.190469325,1.063696947
"H=5 beta=45 hw=1 alpha=1 c=10 phi=30 gamma=20 gammaw=9.81 water=fe hboxm=50,10,30 seeds=0,1",5,45,1,1,10,30,20,9.81,fe,boundary,1.326253394,6.63126696998,I,0.67112840523,1.97043972232,1,-1.04746486299,5,5,1.89966022855,-2.34028989203,3.76331012327,7.96818438526,1.04746486299,427.205649205,39.7484852473,282.366165798,1.11022302463e-15,16585,0.582623975164,0.205007679,0.855000944
"H=5 beta=45 hw=1 alpha=1 c=10 phi=30 gamma=20 gammaw=9.81 water=fe hboxm=50,10,30 seeds=0,1 href=1",5,45,1,1,10,30,20,9.81,fe,boundary,1.32619659692,6.63098298461,I,0.671077374009,1.97046587602,1,-1.04743497096,5,5,1.89957589518,-2.33995397378,3.76301177842,7.96790775342,1.04743497096,427.186917152,39.7418242018,282.372497418,1.11022302463e-15,17228,0.582608152384,1.061752197,0.92470307
"H=5 beta=60 hw=1 alpha=1 c=10 phi=30 gamma=20 gammaw=9.81 water=fe hboxm=50,10,30 seeds=0,1",5,60,1,1,10,30,20,9.81,fe,boundary,0.957143962522,4.78571981261,I,0.61925362329,1.74954855173,1,-1.5264512246,2.88675134595,5,1.58290568962,-2.21629621127,3.81838569504,7.33314015305,1.5264512246,339.437576111,98.5392814928,256.096582497,2.22044604925e-16,17660,0.630587572668,0.150868498,0.820088742
"H=5 beta=60 hw=1 alpha=1 c=10 phi=30 gamma=20 gammaw=9.81 water=fe hboxm=50,10,30 seeds=0,1 href=1",5,60,1,1,10,30,20,9.81,fe,boundary,0.957070126223,4.78535063111,I,0.619217598817,1.74954993196,1,-1.52633435527,2.88675134595,5,1.5829369493,-2.216066277,3.81818252437,7.33290832446,1.52633435527,339.421567782,98.5355318054,256.110965334,8.881784197e-16,17558,0.63055019263,0.979852453,0.996853795
"H=5 beta=75 hw=1 alpha=1 c=10 phi=30 gamma=20 gammaw=9.81 water=fe hboxm=50,10,30 seeds=0,1",5,75,1,1,10,30,20,9.81,fe,boundary,0.728156713153,3.64078356576,I,0.668551999648,1.50918786725,1,-2.0775454659,1.33974596216,5,1.83901778078,-3.09369335485,4.99103258246,8.10907790512,2.0775454659,353.743129707,175.490994358,310.315320845,2.22044604925e-16,20671,0.677068354582,0.156450544,0.849886946
"H=5 beta=75 hw=1 alpha=1 c=10 phi=30 gamma=20 gammaw=9.81 water=fe hboxm=50,10,30 seeds=0,1 href=1",5,75,1,1,10,30,20,9.81,fe,boundary,0.728101749603,3.64050874802,I,0.668462260467,1.50925234894,1,-2.07754578287,1.33974596216,5,1.83843015059,-3.0926587966,4.98993045479,8.10800914639,2.07754578287,353.68829421,175.457832767,310.309842428,2.22044604925e-16,20089,0.67700698679,0.89980008,0.91128901
"H=5 beta=90 hw=1 alpha=1 c=10 phi=30 gamma=20 gammaw=9.81 water=fe hboxm=50,10,30 seeds=0,1",5,90,1,1,10,30,20,9.81,fe,boundary,0.551312339755,2.75656169877,I,0.771298075314,1.25535478782,1,-2.73820512034,0,5,3.66234393426,-6.22255044351,8.92676661633,11.8050159487,2.73820512034,516.768091331,388.503768662,548.838013965,6.66133814775e-16,32927,0.725589151703,0.149056926,1.986329586
"H=5 beta=90 hw=1 alpha=1 c=10 phi=30 gamma=20 gammaw=9.81 water=fe hboxm=50,10,30 seeds=0,1 href=1",5,90,1,1,10,30,20,9.81,fe,boundary,0.551266339837,2.75633169919,I,0.771228383647,1.25537705997,1,-2.73807900746,0,5,3.66146567454,-6.22070653253,8.92476116771,11.8029905522,2.73807900746,516.664036184,388.424414418,548.806827265,4.4408920985e-16,25992,0.725480821734,0.870313005,0.954404859
"H=5 beta=25 hw=1 alpha=5 c=10 phi=30 gamma=20 gammaw=9.81 water=fe hboxm=50,10,30 seeds=0,1",5,25,1,5,10,30,20,9.81,fe,boundary,5.9163721605,29.5818608025,II,0.939748890997,2.34523622639,1.55487838209,-7.68274333041e-14,13.496926513,5,3.67930765588,-5.03517977035,6.236212003,14.0388914465,7.68274333041e-14,1370.05333974,-332.363833219,563.93367071,1.41168507113e-05,29321,0.212511562552,0.194992206,1.012662838
"H=5 beta=25 hw=1 alpha=5 c=10 phi=30 gamma=20 gammaw=9.81 water=fe hboxm=50,10,30 seeds=0,1 href=1",5,25,1,5,10,30,20,9.81,fe,boundary,5.91550826075,29.5775413037,II,0.939821422483,2.34520609511,1.55493398209,-3.2640556924e-13,13.497204513,5,3.679358829,-5.03601654714,6.236917833,14.0396482153,3.2640556924e-13,1370.16111706,-332.336326017,563.958201377,1.08264601624e-05,29538,0.212505887675,1.242992693,1.145465682
"H=5 beta=40 hw=1 alpha=5 c=10 phi=30 gamma=20 gammaw=9.81 water=fe hboxm=50,10,30 seeds=0,1",5,40,1,5,10,30,20,9.81,fe,boundary,2.21773252501,11.0886626251,I,0.754757285095,1.99341343226,1,-0.68386657289,5.95876796297,5,2.40408829539,-2.90428974782,4.23914663675,8.666807022,0.68386657289,494.874453155,24.3011374226,198.843199224,6.66133814775e-16,18263,0.23417422402,0.16498859,0.877476386
"H=5 beta=40 hw=1 alpha=5 c=10 phi=30 gamma=20 gammaw=9.81 water=fe hboxm=50,10,30 seeds=0,1 href=1",5,40,1,5,10,30,20,9.81,fe,boundary,2.21748994306,11.0874497153,I,0.754545201947,1.99352361042,1,-0.683711313298,5.95876796297,5,2.40378869762,-2.90262815368,4.23767701883,8.66541454937,0.683711313298,494.773327782,24.2758462043,198.84729775,2.88657986403e-15,18154,0.234161712688,1.03178028,0.989265618
"H=5 beta=60 hw=1 alpha=5 c=10 phi=30 gamma=20 gammaw=9.81 water=fe hboxm=50,10,30 seeds=0,1",5,60,1,5,10,30,20,9.81,fe,boundary,1.20708071059,6.03540355293,I,0.652770208569,1.70036201566,1,-1.37979199526,2.88675134595,5,1.90776060987,-2.51361267516,4.1383874652,7.57712335214,1.37979199526,348.891735497,107.182570487,181.855049315,2.22044604925e-16,17570,0.252747793586,0.153275196,0.826015256
"H=5 beta=60 hw=1 alpha=5 c=10 phi=30 gamma=20 gammaw=9.81 water=fe hboxm=50,10,30 seeds=0,1 href=1",5,60,1,5,10,30,20,9.81,fe,boundary,1.20696595276,6.03482976379,I,0.652661047706,1.70042007247,1,-1.37972041867,2.88675134595,5,1.90743107508,-2.51273744327,4.1375372387,7.57629804617,1.37972041867,348.844365651,107.164091215,181.861763121,4.4408920985e-16,17857,0.252722405316,0.96475672,0.964252256
"H=5 beta=90 hw=1 alpha=5 c=10 phi=30 gamma=20 gammaw=9.81 water=fe hboxm=50,10,30 seeds=0,1",5,90,1,5,10,30,20,9.81,fe,boundary,0.607980128993,3.03990064497,I,0.783438761371,1.21557255794,1,-2.6343386191,0,5,4.48572419719,-7.09221521428,10.0496174631,12.8974179727,2.6343386191,565.935296954,429.666406807,501.178648756,4.4408920985e-16,26636,0.273700800073,0.157101941,1.031722334
"H=5 beta=90 hw=1 alpha=5 c=10 phi=30 gamma=20 gammaw=9.81 water=fe hboxm=50,10,30 seeds=0,1 href=1",5,90,1,5,10,30,20,9.81,fe,boundary,0.607951252683,3.03975626342,I,0.783380389297,1.21562373201,1,-2.63434485148,0,5,4.48412454466,-7.08980027867,10.0467842883,12.8945974621,2.63434485148,565.798378051,429.559497311,501.104557666,2.22044604925e-16,26257,0.273654155008,0.902675279,1.056473586
"H=5 beta=20 hw=1 alpha=10 c=10 phi=30 gamma=20 gammaw=9.81 water=fe hboxm=50,10,30 seeds=0,1",5,20,1,10,10,30,20,9.81,fe,boundary,38.3050235797,191.525117899,II,1.20615351931,2.3412177516,2.04462597872,-2.57571741713e-14,18.9605169909,5,3.98257642878,-10.4334378843,11.1677007973,21.506503863,2.57571741713e-14,2925.53918601,-976.820497184,1053.1953147,0.00201465773389,53175,0.14392089943,0.223304785,4.527689656
"H=5 beta=20 hw=1 alpha=10 c=10 phi=30 gamma=20 gammaw=9.81 water=fe hboxm=50,10,30 seeds=0,1 href=1",5,20,1,10,10,30,20,9.81,fe,boundary,38.2586804222,191.293402111,II,1.20625894847,2.34114952089,2.04461200357,-2.55795384874e-13,18.9604471151,5,3.98222931679,-10.4358307528,11.169812614,21.5084141545,2.55795384874e-13,2925.84228015,-976.623596676,1053.09885008,0.00204190836203,53259,0.143913491566,1.36022047,5.135562589
"H=5 beta=30 hw=1 alpha=10 c=10 phi=30 gamma=20 gammaw=9.81 water=fe hboxm=50,10,30 seeds=0,1",5,30,1,10,10,30,20,9.81,fe,boundary,4.69539531865,23.4769765932,II,0.711291295249,2.42075224315,1.73512824574,-0.0659226243442,12.3358952666,5,3.32175800827,-2.91942339592,4.47207032963,11.9988306695,0.0659226243442,1073.63355503,-238.972335234,467.629025922,3.10862446895e-15,23529,0.155790190922,0.193469815,1.054306485
"H=5 beta=30 hw=1 alpha=10 c=10 phi=30 gamma=20 gammaw=9.81 water=fe hboxm=50,10,30 seeds=0,1 href=1",5,30,1,10,10,30,20,9.81,fe,boundary,4.69437162436,23.4718581218,II,0.711209387409,2.42089015315,1.73557295205,-0.0660771330905,12.3381187981,5,3.32181601864,-2.91912299493,4.4720352265,12.0002593647,0.0660771330905,1073.93321152,-239.205171381,467.975558018,6.66133814775e-16,22827,0.155781083918,1.152227498,1.133843578
"H=5 beta=50 hw=1 alpha=10 c=10 phi=30 gamma=20 gammaw=9.81 water=fe hboxm=50,10,30 seeds=0,1",5,50,1,10,10,30,20,9.81,fe,boundary,1.76870499065,8.84352495327,I,0.700308401995,1.82740403068,1,-0.975809929259,4.19549815589,5,2.18461319259,-2.66365427366,4.13319832559,7.9230836902,0.975809929259,395.703693248,74.6943350462,149.030760625,2.22044604925e-15,17107,0.169319931976,0.17057448,0.827145066
"H=5 beta=50 hw=1 alpha=10 c=10 phi=30 gamma=20 gammaw=9.81 water=fe hboxm=50,10,30 seeds=0,1 href=1",5,50,1,10,10,30,20,9.81,fe,boundary,1.76822255655,8.84111278273,I,0.699935614649,1.82761258916,1,-0.975631210746,4.19549815589,5,2.18367973413,-2.66070319311,4.13044635944,7.92046632308,0.975631210746,395.541511663,74.6461067756,149.048308952,1.99840144433e-15,17830,0.169293089886,0.927746115,0.96675243
"H=5 beta=90 hw=1 alpha=10 c=10 phi=30 gamma=20 gammaw=9.81 water=fe hboxm=50,10,30 seeds=0,1",5,90,1,10,10,30,20,9.81,fe,boundary,0.623539047832,3.11769523916,I,0.786284727274,1.20428728762,1,-2.60375375872,0,5,4.74517131179,-7.36196721962,10.4021757837,13.2414079432,2.60375375872,581.359591091,442.103767545,490.250979303,0,33188,0.184834289755,0.175336163,1.968928949
"H=5 beta=90 hw=1 alpha=10 c=10 phi=30 gamma=20 gammaw=9.81 water=fe hboxm=50,10,30 seeds=0,1 href=1",5,90,1,10,10,30,20,9.81,fe,boundary,0.623513587037,3.11756793518,I,0.786231482565,1.20433472745,1,-2.60376115411,0,5,4.74359409467,-7.35961084837,10.3993990688,13.2386428783,2.60376115411,581.225712088,441.999888614,490.17821331,4.4408920985e-16,33930,0.184792301398,0.886156886,2.281035101
"H=1 beta=30 hw=0.1 alpha=1 c=11.7 phi=24.7 gamma=18 gammaw=9.8 water=fe hboxm=50,10,30 seeds=0,1",1,30,0.1,1,11.7,24.7,18,9.8,fe,boundary,66.2707118577,66.2707118577,I,1.13873884849,1.88298612009,1,-0.23832146043,1.73205080757,1,0.730916131972,-2.10194963717,2.31465197983,3.25950336558,0.23832146043,66.9867838649,0.312034836596,0.69877041941,7.1054273576e-15,84140,0.0115794533848,0.394665079,8.209657823
"H=1 beta=30 hw=0.1 alpha=1 c=11.7 phi=24.7 gamma=18 gammaw=9.8 water=fe hboxm=50,10,30 seeds=0,1 href=1",1,30,0.1,1,11.7,24.7,18,9.8,fe,boundary,66.270552331,66.270552331,I,1.13872785865,1.88299757383,1,-0.23832893649,1.73205080757,1,0.730901510045,-2.10187339402,2.31457975084,3.25943529902,0.23832893649,66.9853929736,0.312009850131,0.698776851012,1.15463194561e-14,84660,0.0115787955844,2.738782763,9.030378852
"H=1 beta=30 hw=0.5 alpha=1 c=11.7 phi=24.7 gamma=18 gammaw=9.8 water=fe hboxm=50,10,30 seeds=0,1",1,30,0.5,1,11.7,24.7,18,9.8,fe,boundary,15.1315640024,15.1315640024,I,0.887160663085,2.08830503267,1,-0.297548642875,1.73205080757,1,0.562112313351,-1.05519713367,1.36105031154,2.36486602971,0.297548642875,47.5700541845,-0.212334584438,3.35609779205,2.22044604925e-16,18552,0.210040005487,0.402509986,1.06858093
"H=1 beta=30 hw=0.5 alpha=1 c=11.7 phi=24.7 gamma=18 gammaw=9.8 water=fe hboxm=50,10,30 seeds=0,1 href=1",1,30,0.5,1,11.7,24.7,18,9.8,fe,boundary,15.1315696124,15.1315696124,I,0.887156133238,2.08830532968,1,-0.297540171726,1.73205080757,1,0.562118593037,-1.05518468258,1.3610392743,2.36485210238,0.297540171726,47.569598495,-0.212322386011,3.35605431294,1.33226762955e-15,18601,0.210038884918,2.880241235,1.204474823
"H=1 beta=60 hw=0.2 alpha=1 c=11.7 phi=24.7 gamma=18 gammaw=9.8 water=fe hboxm=50,10,30 seeds=0,1",1,60,0.2,1,11.7,24.7,18,9.8,fe,boundary,9.9206987813,9.9206987813,I,0.76712364275,1.62385820951,1,-0.437566655298,0.57735026919,1,0.477388103343,-0.882110594469,1.27092931009,1.88476330726,0.437566655298,24.6372475328,1.32786093328,1.15555763187,2.22044604925e-16,17556,0.0490257833976,0.347892073,1.028967014
"H=1 beta=60 hw=0.2 alpha=1 c=11.7 phi=24.7 gamma=18 gammaw=9.8 water=fe hboxm=50,10,30 seeds=0,1 href=1",1,60,0.2,1,11.7,24.7,18,9.8,fe,boundary,9.92061711135,9.92061711135,I,0.767123371024,1.62387080736,1,-0.437580916074,0.57735026919,1,0.477364813824,-0.88210141013,1.27091643565,1.88475537121,0.437580916074,24.637283269,1.32785094133,1.1555916704,0,17277,0.0490234651394,2.266531527,1.099816226
"H=1 beta=60 hw=1 alpha=1 c=11.7 phi=24.7 gamma=18 gammaw=9.8 water=fe hboxm=50,10,30 seeds=0,1",1,60,1,1,11.7,24.7,18,9.8,fe,boundary,5.45431640909,5.45431640909,I,0.562154982707,1.7205475559,1,-0.378075280995,0.57735026919,1,0.356636469963,-0.462835806645,0.868342294783,1.47939284112,0.378075280995,18.2462151405,0.961204955973,2.38407496034,8.881784197e-16,17277,0.807947735996,0.32644075,1.129320238
"H=1 beta=60 hw=1 alpha=1 c=11.7 phi=24.7 gamma=18 gammaw=9.8 water=fe hboxm=50,10,30 seeds=0,1 href=1",1,60,1,1,11.7,24.7,18,9.8,fe,boundary,5.45402365485,5.45402365485,I,0.56208580094,1.72056869301,1,-0.378045224808,0.57735026919,1,0.356619983175,-0.462735494518,0.868249449011,1.4792961117,0.378045224808,18.2446258348,0.961114620592,2.38405345887,8.881784197e-16,16967,0.807916557583,2.149486075,1.16077747
"H=1 beta=35 hw=0.1 alpha=1 c=6 phi=32 gamma=18 gammaw=9.8 water=fe hboxm=50,10,30 seeds=0,1",1,35,0.1,1,6,32,18,9.8,fe,boundary,44.9124918571,44.9124918571,I,1.00624921745,2.04699263329,0.214110358929,-0.0468651811122,0.305781282328,0.214110358929,0.0866259050051,-0.210785790552,0.249500540223,0.478085575241,0.0468651811122,0.798480340767,-0.00336897886042,0.0211475591117,3.33066907388e-15,55679,0.0119771067643,0.3839751,5.112998263
"H=1 beta=35 hw=0.1 alpha=1 c=6 phi=32 gamma=18 gammaw=9.8 water=fe hboxm=50,10,30 seeds=0,1 href=1",1,35,0.1,1,6,32,18,9.8,fe,boundary,44.9091919139,44.9091919139,I,1.00610930708,2.04701134412,0.214065689438,-0.0468212061682,0.305717487683,0.214065689438,0.0866361752464,-0.210667356852,0.249382453066,0.477906666694,0.0468212061682,0.797942035396,-0.00336459041653,0.0211324905143,1.99840144433e-15,31424,0.0119760199267,2.569639763,1.917811938
"H=1 beta=35 hw=0.6 alpha=1 c=6 phi=32 gamma=18 gammaw=9.8 water=fe hboxm=50,10,30 seeds=0,1",1,35,0.6,1,6,32,18,9.8,fe,boundary,7.31035268742,7.31035268742,I,0.906767871885,2.09455115009,1,-0.187862724938,1.42814800674,1,0.409629526898,-0.76349017746,0.969491744205,2.03648655772,0.187862724938,15.3985625054,-0.387373989779,2.49377886022,8.881784197e-16,18352,0.29898274868,0.386506672,1.063005557
"H=1 beta=35 hw=0.6 alpha=1 c=6 phi=32 gamma=18 gammaw=9.8 water=fe hboxm=50,10,30 seeds=0,1 href=1",1,35,0.6,1,6,32,18,9.8,fe,boundary,7.31030372492,7.31030372492,I,0.906757447636,2.09456104558,1,-0.187871104287,1.42814800674,1,0.409618028285,-0.763469793522,0.969473769198,2.03647465726,0.187871104287,15.3984971293,-0.387407667491,2.49381770307,4.4408920985e-16,19061,0.298981067019,2.700238068,1.199494981
"H=1 beta=60 hw=0.5 alpha=1 c=6 phi=32 gamma=18 gammaw=9.8 water=fe hboxm=50,10,30 seeds=0,1",1,60,0.5,1,6,32,18,9.8,fe,boundary,3.81116391032,3.81116391032,I,0.768219879716,1.74173834676,1,-0.347353251318,0.57735026919,1,0.297212800766,-0.622792859424,0.896290321965,1.64679496775,0.347353251318,9.16318260161,0.61797195566,1.78632836236,4.4408920985e-16,17355,0.249944213812,0.328471798,1.011432049
"H=1 beta=60 hw=0.5 alpha=1 c=6 phi=32 gamma=18 gammaw=9.8 water=fe hboxm=50,10,30 seeds=0,1 href=1",1,60,0.5,1,6,32,18,9.8,fe,boundary,3.81112264918,3.81112264918,I,0.768224023394,1.7417414234,1,-0.347359743937,0.57735026919,1,0.297206702016,-0.622798404368,0.896294458162,1.64680146935,0.347359743937,9.16324981158,0.61797026154,1.78637372186,4.4408920985e-16,17381,0.249940823216,2.380109505,1.117769879
"H=1 beta=60 hw=0.9 alpha=1 c=6 phi=32 gamma=18 gammaw=9.8 water=fe hboxm=50,10,30 seeds=0,1",1,60,0.9,1,6,32,18,9.8,fe,boundary,3.19737332373,3.19737332373,I,0.627543472171,1.77611193926,1,-0.287284541752,0.57735026919,1,0.282961100593,-0.413632814666,0.704465895543,1.44396077415,0.287284541752,7.62759694223,0.51204007445,1.87354214256,2.22044604925e-16,17504,0.681600099605,0.325430821,1.037006545
"H=1 beta=60 hw=0.9 alpha=1 c=6 phi=32 gamma=18 gammaw=9.8 water=fe hboxm=50,10,30 seeds=0,1 href=1",1,60,0.9,1,6,32,18,9.8,fe,boundary,3.19725585543,3.19725585543,I,0.627524198329,1.77610271794,1,-0.287261799988,0.57735026919,1,0.282978935487,-0.413612482203,0.704449985328,1.44393723269,0.287261799988,7.62737816439,0.512040475126,1.87356096225,4.4408920985e-16,17878,0.681589924815,2.217377197,1.156811833
"H=5 beta=15 hw=1 alpha=1 c=10 phi=30 gamma=20 gammaw=9.81 water=analytical seeds=0,1",5,15,1,1,10,30,20,9.81,analytical,domain,119.080926238,595.404631189,I,1.61593617042,2.03291045956,0.128043601529,-0.00199872324978,2.38932613245,0.640218007644,-0.208689804463,-4.57579514196,4.58046093578,5.82721888942,0.00199872324978,112.374223184,-3.01092172836,3.9546011801,9.32587340685e-15,50268,0.338154814556,0.006137626,5.808323756
"H=5 beta=20 hw=1 alpha=1 c=10 phi=30 gamma=20 gammaw=9.81 water=analytical seeds=0,1",5,20,1,1,10,30,20,9.81,analytical,domain,19.3204065146,96.6020325728,I,1.40897313019,2.04424564578,0.75865041935,-0.0254784867625,10.4218744821,3.79325209675,2.02952772385,-12.5880398071,12.7546774444,18.405928625,0.0254784867625,1525.03966168,-201.166490164,280.100629595,1.44328993201e-14,36122,0.375386279459,0.004597362,0.807616864
"H=5 beta=45 hw=1 alpha=1 c=10 phi=30 gamma=20 gammaw=9.81 water=analytical seeds=0,1",5,45,1,1,10,30,20,9.81,analytical,domain,1.90448409279,9.52242046395,I,0.448301260266,1.96430682779,1,-0.108142391231,5,5,2.41946856415,-1.21568394585,2.80476462434,6.73007202087,0.108142391231,324.128755154,33.6584447147,136.533974524,8.881784197e-16,20013,0.492777685684,0.004352962,0.513024585
"H=5 beta=25 hw=1 alpha=5 c=10 phi=30 gamma=20 gammaw=9.81 water=analytical seeds=0,1",5,25,1,5,10,30,20,9.81,analytical,domain,18.4061730001,92.0308650006,I,1.2219485868,2.03097899177,1,-0.0033900862459,10.7225346025,5,3.48721360992,-9.59686712786,10.2119622421,16.2916665757,0.0033900862459,1395.46333985,-154.202823049,230.017786857,3.33066907388e-15,82649,0.143060710172,0.007528315,12.89309433
"H=5 beta=50 hw=1 alpha=5 c=10 phi=30 gamma=20 gammaw=9.81 water=analytical seeds=0,1",5,50,1,5,10,30,20,9.81,analytical,domain,2.29508184438,11.4754092219,I,0.417886614423,1.87721485219,1,-0.268589065659,4.19549815589,5,2.25855295551,-1.12215234727,2.76508095463,6.4212542445,0.268589065659,290.870509456,49.997879517,76.738563529,6.66133814775e-16,19042,0.185085703633,0.009946808,0.815222357
"H=5 beta=90 hw=1 alpha=5 c=10 phi=30 gamma=20 gammaw=9.81 water=analytical seeds=0,1",5,90,1,5,10,30,20,9.81,analytical,domain,0.735717372312,3.67858686156,I,0.852377081682,1.25518335796,1,-2.98358419051,0,5,4.38449819422,-8.42764827831,11.1943688313,14.1253517726,2.98358419051,642.691907585,478.541592096,395.016559135,1.11022302463e-15,47755,0.210180453492,0.004556455,10.474189994
"H=5 beta=35 hw=1 alpha=10 c=10 phi=30 gamma=20 gammaw=9.81 water=analytical seeds=0,1",5,35,1,10,10,30,20,9.81,analytical,domain,4.99392303903,24.9696151952,I,0.787050012779,2.03719565615,1,-0.0779296182449,7.14074003371,5,3.04572677462,-3.1339930967,4.42483242517,9.10664467789,0.0779296182449,548.642987449,-4.27306006527,114.135183122,3.10862446895e-15,22848,0.0903179097722,0.007371976,0.534809713
"H=5 beta=90 hw=1 alpha=10 c=10 phi=30 gamma=20 gammaw=9.81 water=analytical seeds=0,1",5,90,1,10,10,30,20,9.81,analytical,domain,0.780274424448,3.90137212224,I,0.779494827978,1.23099909785,1,-2.67644349862,0,5,4.15372894408,-6.75000317966,9.60280159758,12.4625855609,2.67644349862,546.481431705,413.61989027,286.750921053,6.66133814775e-16,23394,0.117049404668,0.00512689,0.756119312
"H=10 beta=30 hw=0.05 alpha=1 c=11.7 phi=24.7 gamma=18 gammaw=9.8 water=analytical seeds=0,1",10,30,0.05,1,11.7,24.7,18,9.8,analytical,domain,10.8824675575,108.824675575,I,1.15836831922,1.84793656261,1,-1.86894664572,17.3205080757,10,8.03603384309,-22.6388724432,24.7108717771,33.9337215191,1.86894664572,6879.22741908,391.820483845,240.318080567,5.10702591328e-15,80770,0.00251152979967,0.004263523,11.328411831
"H=10 beta=30 hw=0.5 alpha=1 c=11.7 phi=24.7 gamma=18 gammaw=9.8 water=analytical seeds=0,1",10,30,0.5,1,11.7,24.7,18,9.8,analytical,domain,2.64145402667,26.4145402667,I,0.730798494551,2.10602099088,0.708060125614,-0.419516357138,12.2639611238,7.08060125614,5.12079153089,-4.96609125688,7.44023345506,14.005273019,0.419516357138,1790.68918224,-14.5234181142,692.44139971,1.11022302463e-15,21214,0.141212640136,0.004230037,0.604113436
"H=10 beta=60 hw=0.1 alpha=1 c=11.7 phi=24.7 gamma=18 gammaw=9.8 water=analytical seeds=0,1",10,60,0.1,1,11.7,24.7,18,9.8,analytical,domain,1.30861991896,13.0861991896,I,0.761660809748,1.60371728765,1,-4.09984623248,5.7735026919,10,5.15356737646,-8.8242178627,12.7864179623,18.8344232175,4.09984623248,2432.38397599,1329.54200012,529.197837739,8.881784197e-16,17176,0.0108435174701,0.003529015,0.406315747
"H=10 beta=35 hw=0.2 alpha=1 c=6 phi=32 gamma=18 gammaw=9.8 water=analytical seeds=0,1",10,35,0.2,1,6,32,18,9.8,analytical,domain,3.8660588789,38.660588789,I,0.789011741165,2.08587748748,0.276754496238,-0.0686401887471,3.95246382159,2.76754496238,1.49460635132,-1.57458538912,2.2187967218,4.98950491868,0.0686401887471,95.886125859,-4.24322240257,29.0452569454,6.66133814775e-16,30733,0.03092778264,0.004405784,0.800226427
"H=10 beta=60 hw=0.7 alpha=1 c=6 phi=32 gamma=18 gammaw=9.8 water=analytical seeds=0,1",10,60,0.7,1,6,32,18,9.8,analytical,domain,0.510437936979,5.10437936979,I,0.434938167339,1.80276433681,1,-1.98110027543,5.7735026919,10,2.87801005126,-2.25759837774,5.35795703623,12.594943256,1.98110027543,623.769872644,412.134625322,809.89420023,4.4408920985e-16,17371,0.303701960046,0.004492159,0.67794533
