model,case,label,m_type,e1,e2,e3,sig0_norm,asym_rel,err_1e-3,err_2e-3,p_orig
Voigt,1,general,1,0.00398,0.00097999999999999997,-0.0050200000000000002,177.67341255673398,1.8695316032610101e-15,1.0708889687063469e-06,4.2832819689634593e-06,1.9999077459767503
Voigt,2,e2 = e3,2,0.0049800000000000001,-0.0025200000000000001,-0.0025200000000000001,180.57085202727174,2.2988432196465007e-15,1.8526515043211232e-06,7.4110080256285015e-06,2.0000782607673848
Voigt,3,e1 = e2,3,0.00248,0.00248,-0.0050200000000000002,137.89497949988129,3.307885930148685e-15,7.8608517483716214e-07,3.144215590570004e-06,1.9999425961043442
Voigt,4,tension,-1,0.001,0.001,0.001,29.999999999999936,0,3.7188476336098364e-13,3.4800323148119943e-13,-0.095754937242692725
Voigt,5,general,1,0.00298,-0.0010200000000000001,-0.0020200000000000001,104.58378916675302,2.9964783773693722e-15,1.228543546329024e-06,4.9104002480078593e-06,1.9988916281424771
Voigt,6,small,0,0.00018000000000000001,8.0000000000000007e-05,-0.00031999999999999997,35.003201125111332,0,6.6455390752288325e-15,5.608275951202738e-15,-0.24482889543195488
PV,1,general,1,0.00398,0.00097999999999999997,-0.0050200000000000002,177.67341255673404,1.869531603261016e-15,1.0708889400205919e-06,4.2832819949392857e-06,1.9999077933712015
PV,2,e2 = e3,1,0.0049800000000000001,-0.0025200000000000001,-0.0025200000000000001,180.57085202727185,1.7091399589545148e-14,1.8526506866861853e-06,7.4110090166854364e-06,2.0000790904036898
PV,3,e1 = e2,1,0.00248,0.00248,-0.0050200000000000002,137.89497949988132,1.0422106355263027e-15,7.8608410197137093e-07,3.1442151553141458e-06,1.999944365413362
PV,4,tension,-1,0.001,0.001,0.001,29.999999999999936,0,8.2133996218399476e-15,6.1944077576484885e-15,-0.40701313986915438
PV,5,general,1,0.00298,-0.0010200000000000001,-0.0020200000000000001,104.58378916675304,1.5356951684017976e-15,1.2285435630512412e-06,4.9104002469915248e-06,1.9988916082067518
PV,6,small,0,0.00018000000000000001,8.0000000000000007e-05,-0.00031999999999999997,35.003201125111332,3.4144392759794863e-16,1.1821214099967828e-14,1.7941726399496141e-14,0.60194050141444599
