case,label,alpha,m_type_pert,err2_lib,err2_jacobi,diff_lib_jacobi,orth_defect_lib,plastic_corr_norm,trial_gap_min,eigval_err_lib,eigproj_err_lib
1,general,0.10000000000000001,1,0.010641167927501909,0.010641167927535592,1.5888218580782548e-14,2.2204460492503131e-16,80.177205398542696,40.375100097465975,7.716050021144838e-15,1.6349768761081407e-16
1,general,0.031622776601683791,1,0.0010687913917826785,0.0010687913917678538,6.674942990534282e-14,5.5511151231257827e-17,75.904184886852917,40.301895233537778,1.4210854715202004e-14,1.7580338226852454e-16
1,general,0.01,1,0.00010702722850272941,0.00010702722849558307,5.4375092393193706e-14,5.5511151231257827e-17,74.554149960171387,40.279001145371943,8.8817841970012523e-15,1.4869832795638693e-16
1,general,0.0031622776601683794,1,1.0707408322805475e-05,1.0707408364329212e-05,2.1316282072803006e-14,1.1102230246251565e-16,74.127353455148238,40.271787938988552,1.4210854715202004e-14,1.4602848010664138e-16
1,general,0.001,1,1.0708889687063469e-06,1.0708890017767231e-06,2.0408786293082061e-14,2.2204460492503131e-16,73.992400775767265,40.269509608982496,1.4210854715202004e-14,2.4497548087309973e-16
1,general,0.00031622776601683794,1,1.0709347216579312e-07,1.0709351437666161e-07,2.1972320632906738e-14,2.2204460492503131e-16,73.949726214788626,40.268789407406778,1.4210854715202004e-14,2.4443337978685697e-16
1,general,0.0001,1,1.070952008015565e-08,1.0709535168369853e-08,3.370400129833633e-14,2.2204460492503131e-16,73.936231456062217,40.268561686666999,6.2172489379008766e-15,2.1103995287430344e-16
1,general,3.1622776601683795e-05,1,1.0708098830373007e-09,1.0708031300382616e-09,5.1483712390838711e-14,2.2204460492503131e-16,73.931964050893654,40.268489677746608,1.4210854715202004e-14,1.8800065670898647e-16
1,general,1.0000000000000001e-05,1,1.0693150826473563e-10,1.0695717378235125e-10,2.4868995751603507e-14,2.2204460492503131e-16,73.930614580114153,40.268466906796711,1.3322676295501878e-14,2.6351533802260185e-16
1,general,3.1622776601683792e-06,1,1.075827927808412e-11,1.0727119040567528e-11,7.8883045202269807e-14,2.2204460492503131e-16,73.930187840106825,40.268459706017246,1.4210854715202004e-14,2.6324428747948048e-16
1,general,9.9999999999999995e-07,1,9.2924654097829117e-13,1.0084160262070118e-12,5.1758783159291486e-14,2.2204460492503131e-16,73.930052893079704,40.268457428933381,1.4210854715202004e-14,3.4797468725922265e-16
1,general,3.1622776601683792e-07,1,1.787832363965585e-13,1.7919214883252337e-13,4.3366397107056194e-14,2.2204460492503131e-16,73.930010219084153,40.268456708856661,1.4210854715202004e-14,1.799504555782816e-16
1,general,9.9999999999999995e-08,1,1.8093266486329971e-13,1.1989810234661008e-13,2.5121479338940402e-14,5.5511151231257827e-17,73.929996724381851,40.268456481148299,1.4210854715202004e-14,5.8601127422841515e-17
2,e2 = e3,0.10000000000000001,1,0.44283772586289716,0.44283772586294656,5.9235574669475943e-14,2.2204460492503131e-16,70.659616643854889,1.9422056482984829,1.4210854715202004e-13,1.136907950595456e-15
2,e2 = e3,0.031622776601683791,2,0.0018557561442239616,0.0018557561442715657,1.6526802468224855e-13,2.2204460492503131e-16,75.304098764395022,0.61428068854600326,1.2789769243681803e-13,1.0654112547704361e-14
2,e2 = e3,0.01,2,0.00018535612454794774,0.00018535612467820604,6.168742812795267e-13,2.2204460492503131e-16,76.819271781646307,0.19426182715422868,5.0448534238967113e-13,7.7662102958417009e-14
2,e2 = e3,0.0031622776601683794,2,1.8528697055562776e-05,1.8528696231480627e-05,3.9808469871446987e-12,2.2204460492503131e-16,77.29859510747454,0.061431876523052154,3.2045477382780518e-12,1.3469418180638015e-12
2,e2 = e3,0.001,2,1.8526515043211232e-06,1.8526511203156856e-06,2.2455848551462886e-12,1.1102230246251565e-16,77.450188789009161,0.019426553454842121,1.8047785488306545e-12,2.2398310250526087e-12
2,e2 = e3,0.00031622776601683794,2,1.8524235703598591e-07,1.8525821430308886e-07,8.3204993970532591e-11,2.2204460492503131e-16,77.49812875340568,0.0061432244096906174,6.6712857460515806e-11,2.7416845450699409e-10
2,e2 = e3,0.0001,2,1.8533071723346117e-08,1.8525672837188887e-08,3.8309847292063157e-11,4.4408920985006262e-16,77.513288884546412,0.0019426590112061604,3.0730973321624333e-11,3.9902683479468848e-10
2,e2 = e3,3.1622776601683795e-05,2,1.8472926657814668e-09,1.852572779401214e-09,2.877920993012898e-11,2.2204460492503131e-16,77.51808295727858,0.00061432280720907784,2.3085533484845655e-11,9.4819329007921928e-10
2,e2 = e3,1.0000000000000001e-05,2,1.4880238156610345e-09,1.853046096151382e-10,1.5123602675486977e-09,4.4408920985006262e-16,77.519598978021705,0.00019426593777183143,1.2123564374633133e-09,1.5760751771682962e-07
2,e2 = e3,3.1622776601683792e-06,2,3.4122472112785953e-09,1.8551834697459059e-11,3.4086831977117261e-09,5.5511151231257827e-17,77.520078386057804,6.1432284411466753e-05,2.7325199880579021e-09,1.1233897091560954e-06
2,e2 = e3,9.9999999999999995e-07,2,5.3604712400526496e-09,1.8381283776602175e-12,5.3601470397852064e-09,2.2204460492503131e-16,77.520229988208456,1.9426594221272353e-05,4.2968437696799811e-09,5.5872611769651098e-06
2,e2 = e3,3.1622776601683792e-07,2,3.388595695026873e-09,1.4674710128470802e-13,3.3885765505183193e-09,2.2204460492503131e-16,77.520277929019699,6.1432285747287096e-06,2.7163835625287902e-09,1.1171562951409688e-05
2,e2 = e3,9.9999999999999995e-08,2,3.5863546229297633e-08,5.6422947424043641e-14,3.5863507400124767e-08,2.2204460492503131e-16,77.52029308923548,1.9426594022320387e-06,2.8748260660904634e-08,0.00036834707993847472
3,e1 = e2,0.10000000000000001,1,1.6184140253423625,1.6184140253419994,4.2019968846635823e-13,1.1102230246251565e-16,1.2945903189422765,1.2649144054570769,1.9895196601282805e-13,7.8054695953205799e-14
3,e1 = e2,0.031622776601683791,3,0.00078515575485832271,0.00078515575478012593,7.3223025555288208e-13,2.2204460492503131e-16,31.397427812283087,0.40002491756232139,4.9515946898281982e-13,6.8004700178384003e-13
3,e1 = e2,0.01,3,7.8581064414303398e-05,7.8581064338194601e-05,8.0160993211246667e-13,2.7755575615628914e-17,41.004237591781845,0.12650129229706941,5.3645976549887564e-13,2.3319537490254505e-12
3,e1 = e2,0.0031622776601683794,3,7.8601843743431203e-06,7.8601841683870931e-06,2.0507565131922076e-12,2.2204460492503131e-16,44.042195682252903,0.040003449132882452,1.3749001936957939e-12,1.8887119028043048e-11
3,e1 = e2,0.001,3,7.8608517483716214e-07,7.8608409868757709e-07,1.050931537942906e-11,2.7755575615628914e-17,45.002884196358131,0.012650224078292638,7.0556893660977948e-12,3.0606057532106545e-10
3,e1 = e2,0.00031622776601683794,3,7.8600874095365054e-08,7.861042584861046e-08,9.4520158486599711e-11,2.2204460492503131e-16,45.306680760540338,0.0040003543699071997,6.3460348087573948e-11,8.7055606813222445e-09
3,e1 = e2,0.0001,3,7.8537769187534852e-09,7.861218192491058e-09,7.67781473953677e-11,2.2204460492503131e-16,45.402749687513079,0.0012650233525253185,5.1546322765716468e-11,2.2360737343798997e-08
3,e1 = e2,3.1622776601683795e-05,3,8.0929069247518079e-10,7.860270702978026e-10,1.2865650686746277e-10,5.5511151231257827e-17,45.433129351488986,0.00040003553149858817,8.6370022245318978e-11,1.1847938971495118e-07
3,e1 = e2,1.0000000000000001e-05,3,4.8886402538970607e-09,7.8537416156964503e-11,4.8960127577852763e-09,2.2204460492503131e-16,45.442736244941706,0.0001265023446901381,3.2867095711708316e-09,1.4258990401613895e-05
3,e1 = e2,3.1622776601683792e-06,3,2.7848356435922383e-09,7.8256408353261611e-12,2.7840217554134242e-09,1.3877787807814457e-17,45.44577421141485,4.000355406219569e-05,1.8689139125172005e-09,2.5637523441504969e-05
3,e1 = e2,9.9999999999999995e-07,3,9.921224293841907e-09,7.7531094222123482e-13,9.9213026844304282e-09,2.2204460492503131e-16,45.446734900768149,1.2650234584299369e-05,6.6607253046413462e-09,0.00028914948591753629
3,e1 = e2,3.1622776601683792e-07,3,3.2495816107456616e-11,1.9434309857013559e-13,3.2503436697253503e-11,2.2204460492503131e-16,45.44703869741592,4.0003554353518211e-06,2.1820767415192677e-11,2.993534673865041e-06
3,e1 = e2,9.9999999999999995e-08,3,1.931503356787946e-07,1.8859664992405876e-13,1.9315033329503499e-07,6.9388939039072284e-17,45.447134766351311,1.2650234637590074e-06,1.324727634255396e-07,0.065781438399209066
4,tension,0.10000000000000001,-1,3.0636627418598229e-13,3.3438263395350648e-16,3.1393164081021772e-13,2.2204460492503131e-16,1011.5059807646311,0.47178727998289105,4.5474735088646412e-13,4.3709014272558244e-13
4,tension,0.031622776601683791,-1,2.4999366354294245e-13,1.8109355938416065e-16,2.7626205835256352e-13,2.2204460492503131e-16,991.79522809239415,0.14919223758408862,1.1368683772161603e-13,9.2221467008074542e-13
4,tension,0.01,-1,1.9357219109427225e-13,1.3182135998319703e-16,1.5636887631671657e-13,1.1102230246251565e-16,985.56214080834241,0.04717872799824363,1.1368683772161603e-13,7.9201017489163861e-13
4,tension,0.0031622776601683794,-1,3.2980362581991263e-13,2.9464061907705106e-16,3.8578143351341023e-13,2.2204460492503131e-16,983.59106554111872,0.014919223758397493,0,5.3552596385175733e-12
4,tension,0.001,-1,3.7188476336098364e-13,1.4704966390076971e-16,4.2256485053348458e-13,2.2204460492503131e-16,982.96775681271345,0.0047178727998016257,1.1368683772161603e-13,4.2913966651070279e-12
4,tension,0.00031622776601683794,-1,2.6826865398628551e-13,5.7112065448856114e-17,2.6068146368041051e-13,2.2204460492503131e-16,982.77064928599111,0.0014919223757487998,2.2737367544323206e-13,6.1429118898819607e-11
4,tension,0.0001,-1,3.9476828187918835e-13,1.8348941456073753e-16,3.6626251298677543e-13,2.2204460492503131e-16,982.70831841315055,0.00047178727993468783,1.1368683772161603e-13,4.7662500926278287e-11
4,tension,3.1622776601683795e-05,-1,3.1699780820506229e-13,2.5579193421497114e-16,3.0928963559856631e-13,1.1102230246251565e-16,982.6886076604784,0.00014919223758624867,2.2737367544323206e-13,2.8337267398586587e-10
4,tension,1.0000000000000001e-05,-1,2.1788677458906766e-13,1.8665285588700209e-16,2.0854090812136122e-13,5.5511151231257827e-17,982.68237457319435,4.7178727982100099e-05,1.1368683772161603e-13,1.3408409729200564e-09
4,tension,3.1622776601683792e-06,-1,3.3177634561433857e-13,1.1637700568874965e-16,3.8738328749158909e-13,2.2204460492503131e-16,982.68040349792716,1.4919223758624867e-05,1.1368683772161603e-13,5.4680239894072582e-09
4,tension,9.9999999999999995e-07,-1,4.2932727828519283e-13,7.8900031705940678e-17,4.7367313511635884e-13,2.2204460492503131e-16,982.67978018919871,4.7178727982100099e-06,2.2737367544323206e-13,1.1489587605195131e-08
4,tension,3.1622776601683792e-07,-1,2.8824876215932074e-13,2.3491513863989431e-16,3.2505131883454586e-13,5.5511151231257827e-17,982.67958308167181,1.4919223758624867e-06,1.1368683772161603e-13,3.7497719910465493e-08
4,tension,9.9999999999999995e-08,-1,3.0249438246959895e-07,1.8684909102185066e-16,3.0249438166354053e-07,2.2204460492503131e-16,982.67952075079904,4.7178718887153082e-07,1.1368683772161603e-13,0.4349623550503301
5,general,0.10000000000000001,1,0.011439607062628421,0.011439607062681503,1.8117057330873614e-14,2.2204460492503131e-16,37.103319319279237,15.300710222697219,1.4210854715202004e-14,1.6273874609007422e-16
5,general,0.031622776601683791,1,0.0012005389118182055,0.0012005389118444545,1.6293539455810993e-14,2.2204460492503131e-16,35.768264339250294,14.01391966305313,2.1316282072803006e-14,1.5536617131717279e-16
5,general,0.01,1,0.00012201233521602357,0.00012201233525037799,7.9799090020638433e-15,5.5511151231257827e-17,35.347380494384133,13.609437669152577,7.1054273576010019e-15,7.5623101530863934e-17
5,general,0.0031622776601683794,1,1.2265057767779167e-05,1.2265057824522448e-05,2.8911239316914144e-14,2.2204460492503131e-16,35.214424271494956,13.481801447100622,7.1054273576010019e-15,1.4013313079375145e-16
5,general,0.001,1,1.228543546329024e-06,1.22854360140388e-06,2.0103392350395756e-14,2.2204460492503131e-16,35.17239403605425,13.441467569069943,1.0658141036401503e-14,1.4192206437835253e-16
5,general,0.00031622776601683794,1,1.2291886804011536e-07,1.2291889874847705e-07,1.464821375527116e-14,2.2204460492503131e-16,35.159104340457226,13.428715734352139,2.8421709430404007e-14,1.4961989980299961e-16
5,general,0.0001,1,1.2293976316517657e-08,1.2294008344964094e-08,2.3027494896669935e-14,2.2204460492503131e-16,35.154901913228237,13.42468353696227,7.1054273576010019e-15,1.04788139970724e-16
5,general,3.1622776601683795e-05,1,1.2294901231975467e-09,1.229512229921469e-09,2.0414824931641609e-14,2.2204460492503131e-16,35.153573003416497,13.423408472904981,7.1054273576010019e-15,2.5511277118583919e-16
5,general,1.0000000000000001e-05,1,1.2292638472135887e-10,1.229707331865384e-10,1.5079530411052847e-14,2.2204460492503131e-16,35.153152766672065,13.423005265119379,1.4210854715202004e-14,1.5466143990505721e-16
5,general,3.1622776601683792e-06,1,1.234358165426843e-11,1.2377934715742852e-11,7.9634804707981108e-15,1.3877787807814457e-17,35.153019876288873,13.422877759909362,7.1054273576010019e-15,8.3104096521013915e-17
5,general,9.9999999999999995e-07,1,1.1601026834262557e-12,1.2222329360243571e-12,3.2764184418142748e-14,2.2204460492503131e-16,35.152977852674354,13.422837439250337,7.1054273576010019e-15,1.2609271266006417e-16
5,general,3.1622776601683792e-07,1,1.6191360218870051e-13,1.9065750094187257e-13,2.0455915718957229e-14,1.214306433183765e-17,35.152964563641788,13.422824688741287,1.4210854715202004e-14,1.3677210405904638e-16
5,general,9.9999999999999995e-08,1,1.4755787261722982e-13,1.4155027265687409e-13,3.0591429398199126e-14,1.4311468676808659e-17,35.152960361281011,13.422820656676613,7.1054273576010019e-15,9.3783487919996134e-17
6,small,0.10000000000000001,0,8.7201993773210316e-15,8.7201993773210316e-15,0,4.4408920985006262e-16,0,2.4648562140537349,8.8817841970012523e-16,3.1496073110703904e-16
6,small,0.031622776601683791,0,1.9072200917892557e-14,1.9072200917892557e-14,0,2.2204460492503131e-16,0,1.5956526247294498,0,4.6420116014966872e-16
6,small,0.01,0,1.2790472751076458e-14,1.2790472751076458e-14,0,2.2204460492503131e-16,0,1.4063505669931704,0,1.5235751028852551e-15
6,small,0.0031622776601683794,0,1.5863984727830322e-14,1.5863984727830322e-14,0,5.5511151231257827e-17,0,1.3607112979940723,3.5527136788005009e-15,5.2903645006430189e-16
6,small,0.001,0,6.6455390752288325e-15,6.6455390752288325e-15,0,2.2204460492503131e-16,0,1.347919854195883,3.5527136788005009e-15,9.7366776100060726e-16
6,small,0.00031622776601683794,0,1.4436760091403968e-14,1.4436760091403968e-14,0,2.2204460492503131e-16,0,1.3440455630333119,3.5527136788005009e-15,2.0003530082357557e-16
6,small,0.0001,0,1.6452880794838739e-14,1.6452880794838739e-14,0,2.2204460492503131e-16,0,1.3428376784527991,3.5527136788005009e-15,2.6205166508974642e-16
6,small,3.1622776601683795e-05,0,1.1125630980975581e-14,1.1125630980975581e-14,0,2.2204460492503131e-16,0,1.3424574454935403,0,5.5484046176945689e-16
6,small,1.0000000000000001e-05,0,1.4478717717103021e-14,1.4478717717103021e-14,0,2.2204460492503131e-16,0,1.3423373788407815,7.1054273576010019e-15,7.0749612765541592e-16
6,small,3.1622776601683792e-06,0,5.4400288523448295e-15,5.4400288523448295e-15,0,2.2204460492503131e-16,0,1.3422994277943019,3.5527136788005009e-15,2.2582304949614329e-15
6,small,9.9999999999999995e-07,0,7.9192066975948926e-15,7.9192066975948926e-15,0,2.2204460492503131e-16,0,1.3422874283561512,3.5527136788005009e-15,2.0534789146875454e-16
6,small,3.1622776601683792e-07,0,1.7857736102368917e-14,1.7857736102368917e-14,0,5.5511151231257827e-17,0,1.3422836339742865,3.5527136788005009e-15,1.0127396967915536e-15
6,small,9.9999999999999995e-08,0,1.5433891112568082e-14,1.5433891112568082e-14,0,2.2204460492503131e-16,0,1.3422824341027564,3.5527136788005009e-15,9.9421339216920757e-16
