model,case,label,m_type,sig0_norm,slope_err2[1e-5..1e-2],max_err2[1e-5..1e-2],slope_err1[1e-5..1e-2],max_err1[1e-5..1e-2],npts[1e-5..1e-2],slope_err2[1e-4..1e-2],max_err2[1e-4..1e-2],slope_err1[1e-4..1e-2],max_err1[1e-4..1e-2],npts[1e-4..1e-2]
Voigt,1,general,1,177.67341255673398,2.00007744167861,0.00010702722850272941,0.9999042785065538,0.0827523402059046,7,1.999873981020556,0.00010702722850272941,0.9998365456154136,0.0827523402059046,5
Voigt,2,e2 = e3,2,180.57085202727174,1.8063325608387932,0.00018535612454794774,1.0001200190194273,0.10113757741812135,7,2.0000447301068345,0.00018535612454794774,1.0002047083362262,0.10113757741812135,5
Voigt,3,e1 = e2,3,137.8949794998813,1.613816921637233,7.85810644143034e-05,1.0000070092960613,0.4700577019257805,7,2.000096809896899,7.85810644143034e-05,1.000011979528197,0.4700577019257805,5
Voigt,4,tension,-1,29.999999999999936,-0.01040708896434796,3.9476828187918835e-13,-0.01040708896434796,3.9476828187918835e-13,7,-0.1058626150719505,3.9476828187918835e-13,-0.1058626150719505,3.9476828187918835e-13,5
Voigt,5,general,1,104.58378916675302,1.9991330843208173,0.00012201233521602357,1.0000350058677994,0.35714352220584034,7,1.998494756011805,0.00012201233521602357,1.0000597497679953,0.35714352220584034,5
Voigt,6,small,0,35.00320112511133,-0.017647641684473216,1.645288079483874e-14,0.99999999999981,3.851032258841035,7,-0.03555363300629684,1.645288079483874e-14,0.9999999999999393,3.851032258841035,5
PV,1,general,1,177.67341255673404,2.0000911078546046,0.00010702722846245046,0.9999042784973917,0.08275234020593764,7,1.9998738410852148,0.00010702722846245046,0.9998365456161135,0.08275234020593764,5
PV,2,e2 = e3,1,180.57085202727185,2.000055115055852,0.00018535612467357967,1.0001198637881386,0.10113757741821093,7,2.0001074240520658,0.00018535612467357967,1.000204708823604,0.10113757741821093,5
PV,3,e1 = e2,1,137.89497949988132,2.0000494916698317,7.858106435876056e-05,1.0000070153907439,0.4700577019258398,7,1.9999215754884574,7.858106435876056e-05,1.000011979547786,0.4700577019258398,5
PV,4,tension,-1,29.999999999999936,-0.09867081663151776,1.969214255582691e-13,-0.09867081663151776,1.969214255582691e-13,7,-0.8764881191721285,1.969214255582691e-13,-0.8764881191721285,1.969214255582691e-13,5
PV,5,general,1,104.58378916675304,1.9991057583193246,0.00012201233522638734,1.0000350058609584,0.3571435222058399,7,1.9984946976768307,0.00012201233522638734,1.000059749768641,0.3571435222058399,5
PV,6,small,0,35.00320112511133,-0.0034475415206534723,2.6396422746126275e-14,1.0000000000000264,3.851032258841033,7,-0.02684222465524593,2.4201736304888224e-14,0.9999999999999806,3.851032258841033,5
