# alpha,beta_deg,minusJstar_norm_ours,minusJstar_norm_paper_solid,m,F,inv_A,I3
1.000000,15.000000,0.338155,0.338160,0.914482,0.503568,0.347247,0.849051
1.000000,20.000000,0.375386,0.375430,0.899188,0.504325,0.358099,0.997221
1.000000,25.000000,0.406222,0.406250,0.880967,0.505255,0.369650,1.119632
1.000000,30.000000,0.432469,0.432510,0.859190,0.506405,0.381972,1.223472
1.000000,35.000000,0.455215,0.455220,0.833064,0.507835,0.395143,1.313026
1.000000,40.000000,0.475160,0.475170,0.801578,0.509625,0.409256,1.391014
1.000000,45.000000,0.492778,0.492790,0.763435,0.511887,0.424413,1.459224
1.000000,50.000000,0.508406,0.508430,0.716934,0.514772,0.440737,1.518851
1.000000,55.000000,0.522295,0.522300,0.659811,0.518503,0.458366,1.570679
1.000000,60.000000,0.534650,0.534650,0.588972,0.523408,0.477465,1.615193
1.000000,65.000000,0.545660,0.545700,0.500050,0.530000,0.498224,1.652640
1.000000,70.000000,0.555550,0.555590,0.386597,0.539136,0.520871,1.683065
1.000000,75.000000,0.564680,0.564720,0.238398,0.552390,0.545674,1.706330
1.000000,80.000000,0.573806,0.573830,0.037237,0.573118,0.572958,1.722108
1.000000,85.000000,0.583247,0.583270,0.000000,0.603113,0.603113,1.729876
1.000000,90.000000,0.591377,0.591410,0.000000,0.636620,0.636620,1.728888
2.000000,15.000000,0.229725,0.229770,0.914935,0.343477,0.238397,0.575421
2.000000,20.000000,0.255329,0.255350,0.883425,0.342843,0.248256,0.678472
2.000000,25.000000,0.276865,0.276900,0.849178,0.342990,0.258640,0.764470
2.000000,30.000000,0.295526,0.295540,0.812908,0.344008,0.269507,0.838097
2.000000,35.000000,0.312001,0.312030,0.774772,0.345894,0.280807,0.902111
2.000000,40.000000,0.326700,0.326740,0.734282,0.348570,0.292484,0.958231
2.000000,45.000000,0.339870,0.339900,0.690287,0.351919,0.304480,1.007560
2.000000,50.000000,0.351657,0.351660,0.640990,0.355819,0.316737,1.050811
2.000000,55.000000,0.362153,0.362150,0.583976,0.360180,0.329211,1.088432
2.000000,60.000000,0.371420,0.371430,0.516197,0.364987,0.341870,1.120691
2.000000,65.000000,0.379517,0.379550,0.433890,0.370355,0.354713,1.147714
2.000000,70.000000,0.386530,0.386550,0.332312,0.376598,0.367769,1.169521
2.000000,75.000000,0.392603,0.392590,0.205043,0.384371,0.381113,1.186040
2.000000,80.000000,0.398029,0.398030,0.042202,0.395004,0.394868,1.197112
2.000000,85.000000,0.402927,0.402940,0.000000,0.409219,0.409219,1.202491
2.000000,90.000000,0.406560,0.406580,0.000000,0.424413,0.424413,1.201828
4.000000,15.000000,0.142166,0.142180,0.957627,0.218750,0.146531,0.349915
4.000000,20.000000,0.157284,0.157290,0.892211,0.215201,0.153864,0.413934
4.000000,25.000000,0.170375,0.170380,0.830347,0.213676,0.161587,0.467822
4.000000,30.000000,0.182107,0.182120,0.776654,0.214096,0.169622,0.514331
4.000000,35.000000,0.192799,0.192800,0.732414,0.216138,0.177871,0.555058
4.000000,40.000000,0.202586,0.202600,0.696584,0.219367,0.186218,0.590978
4.000000,45.000000,0.211504,0.211520,0.666625,0.223324,0.194534,0.622693
4.000000,50.000000,0.219537,0.219550,0.638962,0.227573,0.202687,0.650576
4.000000,55.000000,0.226646,0.226650,0.609205,0.231740,0.210554,0.674846
4.000000,60.000000,0.232790,0.232810,0.572356,0.235537,0.218033,0.695624
4.000000,65.000000,0.237942,0.237960,0.523168,0.238806,0.225059,0.712964
4.000000,70.000000,0.242104,0.242100,0.456667,0.241546,0.231612,0.726870
4.000000,75.000000,0.245316,0.245350,0.368664,0.243948,0.237728,0.737317
4.000000,80.000000,0.247667,0.247670,0.255808,0.246421,0.243498,0.744248
4.000000,85.000000,0.249308,0.249330,0.114728,0.249655,0.249071,0.747576
4.000000,90.000000,0.250456,0.250450,0.000000,0.254648,0.254648,0.747176
10.000000,15.000000,0.067794,0.067800,1.063426,0.110339,0.067963,0.160836
10.000000,20.000000,0.073863,0.073860,0.931160,0.104655,0.071877,0.190795
10.000000,25.000000,0.079585,0.079590,0.824978,0.102140,0.076015,0.216202
10.000000,30.000000,0.085075,0.085080,0.751674,0.102014,0.080319,0.238285
10.000000,35.000000,0.090318,0.090320,0.707824,0.103524,0.084712,0.257748
10.000000,40.000000,0.095265,0.095270,0.687548,0.106056,0.089101,0.275006
10.000000,45.000000,0.099855,0.099860,0.684881,0.109114,0.093379,0.290306
10.000000,50.000000,0.104019,0.104020,0.693723,0.112284,0.097435,0.303791
10.000000,55.000000,0.107686,0.107690,0.707080,0.115209,0.101165,0.315536
10.000000,60.000000,0.110792,0.110790,0.716479,0.117591,0.104486,0.325577
10.000000,65.000000,0.113287,0.113300,0.712252,0.119221,0.107347,0.333926
10.000000,70.000000,0.115149,0.115150,0.685354,0.120012,0.109734,0.340585
10.000000,75.000000,0.116396,0.116400,0.630361,0.120033,0.111678,0.345550
10.000000,80.000000,0.117077,0.117090,0.547632,0.119493,0.113253,0.348815
10.000000,85.000000,0.117267,0.117260,0.442460,0.118702,0.114565,0.350367
10.000000,90.000000,0.117049,0.117050,0.321709,0.118013,0.115749,0.350185
