x,y,ux,uy,p,p_excess
0,0,2.73174257e-37,1.086672924e-36,125.0290703,25.02907031
0.5,0,1.014311733e-37,3.430358641e-36,nan,nan
1,0,-3.565048083e-33,-3.646783144e-33,124.5928516,24.59285156
1.5,0,2.86482041e-37,3.534233107e-36,nan,nan
2,0,-2.894316884e-33,-2.974897022e-33,123.3335312,23.33353125
2.5,0,4.216789133e-37,3.722540178e-36,nan,nan
3,0,-2.193781026e-33,-2.265647812e-33,121.3933828,21.39338281
3.5,0,4.871361429e-37,3.96101037e-36,nan,nan
4,0,-1.523649329e-33,-1.580878271e-33,118.9875078,18.98750781
4.5,0,4.789195565e-37,4.208953116e-36,nan,nan
5,0,-9.342476452e-34,-9.737119293e-34,116.3654766,16.36547656
5.5,0,4.096323651e-37,4.429762506e-36,nan,nan
6,0,-4.581136584e-34,-4.79780958e-34,113.7661016,13.76610156
6.5,0,3.026375101e-37,4.599511601e-36,nan,nan
7,0,-1.070375769e-34,-1.134322661e-34,111.3763828,11.37638281
7.5,0,1.840556656e-37,4.710147085e-36,nan,nan
8,0,1.252077808e-34,1.301771831e-34,109.3103125,9.3103125
8.5,0,7.468692123e-38,4.766880705e-36,nan,nan
9,0,2.565780907e-34,2.687709058e-34,107.6100156,7.610015625
9.5,0,-1.308603692e-38,4.782363215e-36,nan,nan
10,0,3.097457002e-34,3.256295676e-34,106.2639531,6.263953125
10.5,0,-7.507630284e-38,4.770930727e-36,nan,nan
11,0,3.068040256e-34,3.238104901e-34,105.2291875,5.2291875
11.5,0,-1.126107772e-37,4.744961953e-36,nan,nan
12,0,2.663053064e-34,2.828151246e-34,104.4505625,4.4505625
12.5,0,-1.298373877e-37,4.713475831e-36,nan,nan
13,0,2.022790679e-34,2.174311901e-34,103.8734219,3.873421875
13.5,0,-1.316810256e-37,4.682194701e-36,nan,nan
14,0,1.24437832e-34,1.378854874e-34,103.4502891,3.450289063
14.5,0,-1.226872342e-37,4.654263303e-36,nan,nan
15,0,3.893531164e-35,5.065499031e-35,103.143125,3.143125
15.5,0,-1.065275276e-37,4.631083606e-36,nan,nan
16,0,-5.075490733e-35,-4.062214603e-35,102.9232578,2.923257812
16.5,0,-8.590815499e-38,4.613023212e-36,nan,nan
17,0,-1.430752949e-34,-1.34317862e-34,102.7700625,2.7700625
17.5,0,-6.268441873e-38,4.599929939e-36,nan,nan
18,0,-2.377907522e-34,-2.301706101e-34,102.6694297,2.669429687
18.5,0,-3.805153673e-38,4.59146965e-36,nan,nan
19,0,-3.355860047e-34,-3.28873932e-34,102.6123516,2.612351562
19.5,0,-1.274872056e-38,4.587329676e-36,nan,nan
20,0,-5.603153427e-37,1.384101945e-36,102.5938516,2.593851563
0,0.5,1.11429514e-36,-0.0003046564893,nan,nan
1,0.5,0.00112171669,-0.0002922373027,nan,nan
2,0.5,0.002149590291,-0.0002566722182,nan,nan
3,0.5,0.003002739279,-0.0002029463289,nan,nan
4,0.5,0.003625193611,-0.0001387576999,nan,nan
5,0.5,0.003994129598,-7.312485144e-05,nan,nan
6,0.5,0.004120979458,-1.422437111e-05,nan,nan
7,0.5,0.004044168629,3.246972079e-05,nan,nan
8,0.5,0.003816456068,6.49713034e-05,nan,nan
9,0.5,0.003491980257,8.423461219e-05,nan,nan
10,0.5,0.003117118264,9.294108128e-05,nan,nan
11,0.5,0.002726367442,9.427369474e-05,nan,nan
12,0.5,0.002342220629,9.111290962e-05,nan,nan
13,0.5,0.001977217384,8.56840557e-05,nan,nan
14,0.5,0.001636659727,7.952065022e-05,nan,nan
15,0.5,0.001321100397,7.35807767e-05,nan,nan
16,0.5,0.001028262312,6.840699604e-05,nan,nan
17,0.5,0.0007543492247,6.427220757e-05,nan,nan
18,0.5,0.000494856562,6.129191348e-05,nan,nan
19,0.5,0.0002450159809,5.950160954e-05,nan,nan
20,0.5,-2.072708875e-36,5.890530116e-05,nan,nan
0,1,-2.894571085e-33,-0.001162110114,112.6584609,22.65846094
0.5,1,0.001096256077,-0.00114783387,nan,nan
1,1,0.002169045852,-0.001114240366,112.3200234,22.32002344
1.5,1,0.003197943093,-0.001053983912,nan,nan
2,1,0.004159623757,-0.0009771052127,111.3405078,21.34050781
2.5,1,0.005039412063,-0.0008791276331,nan,nan
3,1,0.005817600992,-0.0007697006066,109.8242109,19.82421094
3.5,1,0.006487335544,-0.0006480616711,nan,nan
4,1,0.007035694085,-0.0005218707801,107.9239688,17.92396875
4.5,1,0.00746446941,-0.0003938458239,nan,nan
5,1,0.007769132499,-0.0002684082855,105.8214297,15.82142969
5.5,1,0.007959184237,-0.0001506204707,nan,nan
6,1,0.008037865162,-4.099589466e-05,103.69225,13.69225
6.5,1,0.008019607514,5.463116861e-05,nan,nan
7,1,0.007913080044,0.0001392305868,101.6802969,11.68029687
7.5,1,0.007734016515,0.000207537597,nan,nan
8,1,0.007493542507,0.0002646604127,99.88178906,9.881789063
8.5,1,0.007205637638,0.0003066084911,nan,nan
9,1,0.006881383248,0.0003390795183,98.34472656,8.344726562
9.5,1,0.006531316321,0.0003594427991,nan,nan
10,1,0.006164920982,0.0003728318126,97.07690625,7.07690625
10.5,1,0.005788967945,0.0003777292014,nan,nan
11,1,0.005410720129,0.0003781335118,96.05951563,6.059515625
11.5,1,0.005033725873,0.0003733124332,nan,nan
12,1,0.004663032945,0.0003660253871,95.25989062,5.259890625
12.5,1,0.004299845081,0.0003560453926,nan,nan
13,1,0.003947332501,0.000345053778,94.64132031,4.641320312
13.5,1,0.003605204169,0.000333130317,nan,nan
14,1,0.003275191411,0.0003211355807,94.16907812,4.169078125
14.5,1,0.002956175478,0.0003093263814,nan,nan
15,1,0.002648862312,0.0002979973079,93.81342969,3.813429688
15.5,1,0.002351758536,0.0002875019137,nan,nan
16,1,0.002064878587,0.0002777760538,93.55060937,3.550609375
16.5,1,0.001786627923,0.0002692229619,nan,nan
17,1,0.001516571501,0.000261569615,93.36267188,3.362671875
17.5,1,0.001253160066,0.0002552436064,nan,nan
18,1,0.0009956693975,0.0002498618134,93.23677344,3.236773438
18.5,1,0.0007426585071,0.0002458642858,nan,nan
19,1,0.0004932105658,0.0002428177114,93.1644375,3.1644375
19.5,1,0.0002460113901,0.0002411696779,nan,nan
20,1,7.216668387e-34,0.0002404695853,93.14083594,3.140835938
0,1.5,1.042353778e-36,-0.00253232514,nan,nan
1,1.5,0.003175191581,-0.002428395595,nan,nan
2,1.5,0.006091638468,-0.002130534654,nan,nan
3,1.5,0.008525012061,-0.00167978093,nan,nan
4,1.5,0.01031829976,-0.001140482295,nan,nan
5,1.5,0.01140539628,-0.0005880897306,nan,nan
6,1.5,0.01181472186,-9.145323656e-05,nan,nan
7,1.5,0.01164955646,0.0003035043983,nan,nan
8,1.5,0.01105301268,0.000580073297,nan,nan
9,1.5,0.01017261017,0.0007461013947,nan,nan
10,1.5,0.00913563557,0.0008235900523,nan,nan
11,1.5,0.008038147353,0.0008386814361,nan,nan
12,1.5,0.006944427267,0.0008151362626,nan,nan
13,1.5,0.005892055109,0.0007714802841,nan,nan
14,1.5,0.004898769781,0.0007206646469,nan,nan
15,1.5,0.003968870267,0.0006709568179,nan,nan
16,1.5,0.003098265734,0.0006271905941,nan,nan
17,1.5,0.002278038301,0.0005919251334,nan,nan
18,1.5,0.00149674248,0.0005663510738,nan,nan
19,1.5,0.0007417579764,0.0005509256362,nan,nan
20,1.5,-1.746970388e-36,0.000545777285,nan,nan
0,2,-2.087932168e-33,-0.004413350703,101.4849766,21.48497656
0.5,2,0.002106412547,-0.004366143359,nan,nan
1,2,0.004169645719,-0.00423287203,101.1863672,21.18636719
1.5,2,0.006147415843,-0.004011176279,nan,nan
2,2,0.008001109585,-0.003714901846,100.3230547,20.32305469
2.5,2,0.009694434702,-0.003348519079,nan,nan
3,2,0.01119933557,-0.002930110771,98.97933594,18.97933594
3.5,2,0.01249088161,-0.002470581079,nan,nan
4,2,0.01355614234,-0.001989493132,97.2959375,17.2959375
4.5,2,0.0143860383,-0.00150258337,nan,nan
5,2,0.01498381048,-0.001025662277,95.42511719,15.42511719
5.5,2,0.01535693184,-0.0005752080901,nan,nan
6,2,0.01552156825,-0.0001596181387,93.52009375,13.52009375
6.5,2,0.01549780741,0.0002085835154,nan,nan
7,2,0.0153083289,0.0005287532263,91.70667969,11.70667969
7.5,2,0.01497929916,0.0007946532137,nan,nan
8,2,0.01453385968,0.001011277448,90.07060938,10.07060938
8.5,2,0.01399783418,0.001177950312,nan,nan
9,2,0.01339098345,0.001302349396,88.654,8.654
9.5,2,0.01273473632,0.001387185199,nan,nan
10,2,0.0120440321,0.00144036139,87.46605469,7.466054688
10.5,2,0.01133438386,0.001465862166,nan,nan
11,2,0.01061600633,0.001470389325,86.49390625,6.49390625
11.5,2,0.009898773395,0.001457834398,nan,nan
12,2,0.009188985452,0.001433196609,85.71310156,5.713101563
12.5,2,0.008492003195,0.00139964711,nan,nan
13,2,0.007811187301,0.001360557872,85.09525781,5.095257812
13.5,2,0.007148684934,0.001318243813,nan,nan
14,2,0.006505804136,0.001274769908,84.61285156,4.612851562
14.5,2,0.005882604048,0.001231708462,nan,nan
15,2,0.005279039033,0.001190181604,84.24180469,4.241804687
15.5,2,0.0046939319,0.001151211109,nan,nan
16,2,0.004126384854,0.001115293839,83.96241406,3.962414063
16.5,2,0.003574565286,0.001083087308,nan,nan
17,2,0.003037060378,0.001054705252,83.75946875,3.75946875
17.5,2,0.002511742059,0.001030588188,nan,nan
18,2,0.00199689297,0.001010635999,83.62188281,3.621882813
18.5,2,0.001490298077,0.0009951754623,nan,nan
19,2,0.000990053406,0.000984002269,83.54217187,3.542171875
19.5,2,0.0004939640057,0.0009773938368,nan,nan
20,2,9.374611529e-34,0.0009751042967,83.51607031,3.516070313
0,2.5,8.079671706e-37,-0.006794140265,nan,nan
1,2.5,0.005177308805,-0.00651697401,nan,nan
2,2.5,0.009934325702,-0.005720382612,nan,nan
3,2.5,0.01390154753,-0.004511162229,nan,nan
4,2.5,0.01681562513,-0.003060281566,nan,nan
5,2.5,0.01856629923,-0.001574054184,nan,nan
6,2.5,0.01920826919,-0.0002407293921,nan,nan
7,2.5,0.01892345399,0.0008164889316,nan,nan
8,2.5,0.01795436814,0.001556145204,nan,nan
9,2.5,0.01654154807,0.002002632888,nan,nan
10,2.5,0.01488553081,0.002216070834,nan,nan
11,2.5,0.01313367486,0.002265541991,nan,nan
12,2.5,0.01138304546,0.002212818889,nan,nan
13,2.5,0.009690254927,0.00210581202,nan,nan
14,2.5,0.008082512766,0.001978137241,nan,nan
15,2.5,0.006567209959,0.00185152126,nan,nan
16,2.5,0.005139225163,0.001738958819,nan,nan
17,2.5,0.003786032787,0.001647596075,nan,nan
18,2.5,0.002491028514,0.001580981947,nan,nan
19,2.5,0.001235548523,0.001540656844,nan,nan
20,2.5,-1.445075566e-36,0.001527173505,nan,nan
0,3,-1.605002354e-33,-0.009701055232,91.36151562,21.36151562
0.5,3,0.003145583672,-0.009599346425,nan,nan
1,3,0.0062268232,-0.009305762816,91.05884375,21.05884375
1.5,3,0.009180173278,-0.008820358421,nan,nan
2,3,0.01194678247,-0.008167428653,90.17372656,20.17372656
2.5,3,0.01447057258,-0.007359290253,nan,nan
3,3,0.016707642,-0.006432818472,88.81157812,18.81157812
3.5,3,0.01861751638,-0.005415764395,nan,nan
4,3,0.02018166333,-0.004349325541,87.08860156,17.08860156
4.5,3,0.02138367482,-0.003271416286,nan,nan
5,3,0.02223375626,-0.002217635736,85.19616406,15.19616406
5.5,3,0.02274320275,-0.001224703495,nan,nan
6,3,0.02294196375,-0.0003131547905,83.30303906,13.30303906
6.5,3,0.02286337316,0.000491678084,nan,nan
7,3,0.02254488505,0.001187126278,81.53546094,11.53546094
7.5,3,0.02202832326,0.001763188639,nan,nan
8,3,0.02134878561,0.002229509419,79.96442969,9.964429688
8.5,3,0.02054543421,0.002588637648,nan,nan
9,3,0.01964638755,0.002855278561,78.62028906,8.620289063
9.5,3,0.01868239604,0.003038732112,nan,nan
10,3,0.01767360978,0.003153718086,77.50032812,7.500328125
10.5,3,0.01664137095,0.003211250771,nan,nan
11,3,0.01559886802,0.003223650167,76.58463281,6.584632813
11.5,3,0.01455934532,0.003200727059,nan,nan
12,3,0.01353062224,0.003151701773,75.8461875,5.8461875
12.5,3,0.01251984108,0.003084126869,nan,nan
13,3,0.01153099444,0.003004332548,75.25728125,5.25728125
13.5,3,0.01056702342,0.00291760779,nan,nan
14,3,0.009629318491,0.002827969855,74.79277344,4.792773438
14.5,3,0.008718119003,0.002738868362,nan,nan
15,3,0.007833126932,0.002652645819,74.43146094,4.431460938
15.5,3,0.006972959731,0.002571426574,nan,nan
16,3,0.006136257201,0.00249642903,74.15639063,4.156390625
16.5,3,0.005320739467,0.002428906281,nan,nan
17,3,0.004524401855,0.002369375443,73.95460156,3.954601563
17.5,3,0.003744523972,0.002318562716,nan,nan
18,3,0.002978716511,0.002276582187,73.81669531,3.816695313
18.5,3,0.00222408562,0.002243873207,nan,nan
19,3,0.001478010323,0.002220341945,73.73636719,3.736367187
19.5,3,0.0007375714486,0.002206288986,nan,nan
20,3,1.07781224e-33,0.002201525271,73.70998438,3.709984375
0,3.5,4.54862199e-37,-0.01314842118,nan,nan
1,3.5,0.007338871714,-0.01261253072,nan,nan
2,3.5,0.01407818776,-0.0110653832,nan,nan
3,3.5,0.01967051625,-0.008699029439,nan,nan
4,3.5,0.02371107973,-0.005850760022,nan,nan
5,3.5,0.02603798918,-0.002941426576,nan,nan
6,3.5,0.02676204406,-0.0003588972495,nan,nan
7,3.5,0.02619662695,0.001656246151,nan,nan
8,3.5,0.02472710051,0.003041642031,nan,nan
9,3.5,0.02270506509,0.003864595446,nan,nan
10,3.5,0.0204010345,0.004252597934,nan,nan
11,3.5,0.01800053194,0.004340643308,nan,nan
12,3.5,0.01561898086,0.004244018125,nan,nan
13,3.5,0.01332049537,0.004049738648,nan,nan
14,3.5,0.01113412995,0.003818081704,nan,nan
15,3.5,0.009066162631,0.003587940952,nan,nan
16,3.5,0.007108704187,0.003382779204,nan,nan
17,3.5,0.005245466717,0.003215759073,nan,nan
18,3.5,0.003455447033,0.003093654767,nan,nan
19,3.5,0.001715173479,0.003019590874,nan,nan
20,3.5,-1.168627585e-36,0.002994799998,nan,nan
0,4,-1.383878642e-33,-0.01719504866,82.15278906,22.15278906
0.5,4,0.004315280356,-0.01701694253,nan,nan
1,4,0.008542060852,-0.01649558442,81.79676563,21.79676563
1.5,4,0.01259433944,-0.01563399742,nan,nan
2,4,0.0163872987,-0.01446542321,80.78609375,20.78609375
2.5,4,0.01983658783,-0.01301551881,nan,nan
3,4,0.02287684195,-0.01134329374,79.16750781,19.16750781
3.5,4,0.0254413262,-0.009499258276,nan,nan
4,4,0.02750475332,-0.007564964153,77.21858594,17.21858594
4.5,4,0.02904109657,-0.005613178394,nan,nan
5,4,0.03006995469,-0.00371495649,75.10510937,15.10510937
5.5,4,0.03061646223,-0.00194369993,nan,nan
6,4,0.03073550016,-0.0003344226584,73.03532813,13.03532813
6.5,4,0.0304832682,0.001069052347,nan,nan
7,4,0.02992201038,0.002264120935,71.1700625,11.1700625
7.5,4,0.02911567315,0.003242640144,nan,nan
8,4,0.02811574005,0.004021786705,69.58494531,9.584945312
8.5,4,0.02697636373,0.004615398675,nan,nan
9,4,0.02573356032,0.005048250865,68.27701563,8.277015625
9.5,4,0.02442637086,0.005342304327,nan,nan
10,4,0.0230778344,0.005521472629,67.21729688,7.217296875
10.5,4,0.02171283402,0.005607465368,nan,nan
11,4,0.0203451775,0.005619558592,66.36694531,6.366945312
11.5,4,0.01898922026,0.005575597838,nan,nan
12,4,0.01765247621,0.005489593923,65.68836719,5.688367188
12.5,4,0.01634216122,0.0053746771,nan,nan
13,4,0.01506167185,0.005240352445,65.14930078,5.149300781
13.5,4,0.01381366979,0.005095549014,nan,nan
14,4,0.01259888709,0.004946321335,64.723625,4.723625
14.5,4,0.01141716633,0.00479838121,nan,nan
15,4,0.01026757341,0.00465533565,64.39109375,4.39109375
15.5,4,0.009148295037,0.004520634275,nan,nan
16,4,0.008057359606,0.004396258474,64.13643359,4.136433594
16.5,4,0.006992028095,0.004284183115,nan,nan
17,4,0.005949704908,0.004185371653,63.94846094,3.948460938
17.5,4,0.004927181173,0.004100901161,nan,nan
18,4,0.003921485972,0.004031144634,63.81929687,3.819296875
18.5,4,0.002929209964,0.00397667763,nan,nan
19,4,0.001947156154,0.003937558357,63.74375,3.74375
19.5,4,0.0009718655492,0.003914106723,nan,nan
20,4,1.140408783e-33,0.003906225406,63.71888281,3.718882812
0,4.5,-7.795075835e-39,-0.02186213497,nan,nan
1,4.5,0.00985474512,-0.02097546,nan,nan
2,4.5,0.01891016029,-0.01838447031,nan,nan
3,4.5,0.02637937479,-0.01436546974,nan,nan
4,4.5,0.0316218026,-0.009475906082,nan,nan
5,4.5,0.03437745944,-0.004511503205,nan,nan
6,4.5,0.03488942981,-0.0002054705624,nan,nan
7,4.5,0.03372887895,0.003042511474,nan,nan
8,4.5,0.03150999174,0.005191902462,nan,nan
9,4.5,0.02872056887,0.006417572331,nan,nan
10,4.5,0.02568995021,0.006963426545,nan,nan
11,4.5,0.02261832729,0.007058015857,nan,nan
12,4.5,0.01961726137,0.006882928144,nan,nan
13,4.5,0.0167418886,0.006569233555,nan,nan
14,4.5,0.01401241217,0.006205375139,nan,nan
15,4.5,0.01142784115,0.005847721193,nan,nan
16,4.5,0.008974480443,0.005530222617,nan,nan
17,4.5,0.006631242577,0.005272076763,nan,nan
18,4.5,0.004372887779,0.005083346572,nan,nan
19,4.5,0.002171976957,0.004968820438,nan,nan
20,4.5,-9.182639557e-37,0.004930473231,nan,nan
0,5,-1.459573132e-33,-0.02721831334,74.19845313,24.19845313
0.5,5,0.005704816896,-0.02694286724,nan,nan
1,5,0.01130213961,-0.02612530199,73.77524219,23.77524219
1.5,5,0.01668092608,-0.02476342899,nan,nan
2,5,0.02171475627,-0.02289841456,72.44540625,22.44540625
2.5,5,0.02629074827,-0.02054246833,nan,nan
3,5,0.0302917175,-0.01780717393,70.49653125,20.49653125
3.5,5,0.03361000493,-0.01476670468,nan,nan
4,5,0.03619292751,-0.01157288385,67.84609375,17.84609375
4.5,5,0.03799078614,-0.008366517179,nan,nan
5,5,0.03906840459,-0.005272846591,65.08212109,15.08212109
5.5,5,0.03946601599,-0.0024314196,nan,nan
6,5,0.03928999975,0.0001046683951,62.61082422,12.61082422
6.5,5,0.03865370899,0.002258936952,nan,nan
7,5,0.03764951602,0.004054196722,60.55833984,10.55833984
7.5,5,0.03638547659,0.005482880476,nan,nan
8,5,0.03492419794,0.006592975541,58.91083984,8.910839844
8.5,5,0.0333401449,0.00741507633,nan,nan
9,5,0.03167298809,0.00799535828,57.62889453,7.628894531
9.5,5,0.02996633202,0.008374617047,nan,nan
10,5,0.0282423161,0.008589354887,56.63640625,6.63640625
10.5,5,0.02652437799,0.00867544914,nan,nan
11,5,0.02482422069,0.008660058103,55.86628516,5.866285156
11.5,5,0.02315344848,0.008570110969,nan,nan
12,5,0.02151734568,0.008424529418,55.26485938,5.264859375
12.5,5,0.01992050558,0.008242102883,nan,nan
13,5,0.01836467348,0.008035327851,54.79298438,4.792984375
13.5,5,0.01685057953,0.00781654714,nan,nan
14,5,0.01537771989,0.007593668144,54.42232812,4.422328125
14.5,5,0.01394459605,0.007374424099,nan,nan
15,5,0.01254939009,0.007163546126,54.13287109,4.132871094
15.5,5,0.01118938066,0.006965641941,nan,nan
16,5,0.009861928411,0.006783366747,53.91061328,3.910613281
16.5,5,0.008563650772,0.006619325451,nan,nan
17,5,0.007291414309,0.006474875923,53.74589844,3.745898438
17.5,5,0.006041512825,0.006351408626,nan,nan
18,5,0.004810509272,0.006249525196,53.63226172,3.632261719
18.5,5,0.003594564507,0.006169929713,nan,nan
19,5,0.002390053822,0.006112814959,53.56558594,3.565585938
19.5,5,0.00119311444,0.00607852599,nan,nan
20,5,1.125819429e-33,0.006067042782,53.54360547,3.543605469
0,5.5,-6.560394224e-37,-0.03334930679,nan,nan
1,5.5,0.01288591139,-0.03203119105,nan,nan
2,5.5,0.02482438646,-0.02808578639,nan,nan
3,5.5,0.03465943784,-0.02173480531,nan,nan
4,5.5,0.0412591584,-0.01387440739,nan,nan
5,5.5,0.04418060556,-0.005957170858,nan,nan
6,5.5,0.04394831508,0.0006501897565,nan,nan
7,5.5,0.0416693911,0.00534343859,nan,nan
8,5.5,0.03833007813,0.00825388869,nan,nan
9,5.5,0.03456256911,0.00979549391,nan,nan
10,5.5,0.03071018867,0.01040200097,nan,nan
11,5.5,0.02694302425,0.01042176923,nan,nan
12,5.5,0.02333650179,0.01010707812,nan,nan
13,5.5,0.01991692372,0.009629765989,nan,nan
14,5.5,0.01668407582,0.009101948233,nan,nan
15,5.5,0.01362352166,0.008593739474,nan,nan
16,5.5,0.01071282383,0.008147057609,nan,nan
17,5.5,0.007925082929,0.007785614578,nan,nan
18,5.5,0.005230925512,0.007521932942,nan,nan
19,5.5,0.002599672414,0.007362060712,nan,nan
20,5.5,-6.938172632e-37,0.007308544589,nan,nan
0,6,-1.765450721e-33,-0.04039472929,66.52354687,26.52354687
0.5,6,0.007365894504,-0.04001469752,nan,nan
1,6,0.01460709795,-0.03885228774,65.94805469,25.94805469
1.5,6,0.02163352259,-0.03689639112,nan,nan
2,6,0.02827315591,-0.03414279065,64.42941797,24.42941797
2.5,6,0.03434059396,-0.03059529355,nan,nan
3,6,0.03960903361,-0.02634698553,61.41667187,21.41667187
3.5,6,0.04387391731,-0.0215264692,nan,nan
4,6,0.04705389217,-0.01641703798,58.29240234,18.29240234
4.5,6,0.04902124032,-0.01128386641,nan,nan
5,6,0.04986955225,-0.006422606114,55.01222266,15.01222266
5.5,6,0.04976302385,-0.002112783309,nan,nan
6,6,0.04891812429,0.001577441181,51.93863281,11.93863281
6.5,6,0.0475364849,0.004603807532,nan,nan
7,6,0.04578992352,0.007003136162,49.57528516,9.575285156
7.5,6,0.04382412881,0.008854808003,nan,nan
8,6,0.04172249883,0.01022212458,47.88229688,7.882296875
8.5,6,0.03956377134,0.01119419252,nan,nan
9,6,0.03738461062,0.01183890523,46.66082422,6.660824219
9.5,6,0.03522372246,0.01222716057,nan,nan
10,6,0.03309447318,0.01240918385,45.76674219,5.766742188
10.5,6,0.03101019375,0.01243731631,nan,nan
11,6,0.0289773345,0.01234542643,45.10207031,5.102070312
11.5,6,0.02699999698,0.01216885792,nan,nan
12,6,0.02507903613,0.01193033969,44.59739844,4.597398437
12.5,6,0.02321370691,0.01165308403,nan,nan
13,6,0.02140305005,0.01135162143,44.20824219,4.208242187
13.5,6,0.0196444504,0.01104063699,nan,nan
14,6,0.01793562807,0.010729226,43.90519922,3.905199219
14.5,6,0.01627304405,0.01042639156,nan,nan
15,6,0.01465377025,0.01013756422,43.66915625,3.66915625
15.5,6,0.01307387277,0.00986803481,nan,nan
16,6,0.01152999327,0.009620878563,43.48767969,3.487679687
16.5,6,0.0100180218,0.009399056152,nan,nan
17,6,0.008534335531,0.009204180628,43.35276563,3.352765625
17.5,6,0.007074763067,0.009037807301,nan,nan
18,6,0.005635506008,0.008900694266,43.25935156,3.259351563
18.5,6,0.004212395288,0.008793605209,nan,nan
19,6,0.002801509574,0.008716830701,43.20438281,3.204382813
19.5,6,0.001398714725,0.008670714401,nan,nan
20,6,1.036587653e-33,0.008655301012,43.18622656,3.186226563
0,6.5,-1.503861203e-36,-0.04823696627,nan,nan
1,6.5,0.01647589915,-0.04648319646,nan,nan
2,6.5,0.03208479285,-0.04099221169,nan,nan
3,6.5,0.04525091499,-0.03155438988,nan,nan
4,6.5,0.05370630696,-0.01906484566,nan,nan
5,6.5,0.05620131642,-0.006564404488,nan,nan
6,6.5,0.05414312333,0.002997382871,nan,nan
7,6.5,0.04993801937,0.009110118124,nan,nan
8,6.5,0.04503208026,0.01252965988,nan,nan
9,6.5,0.04009114951,0.01413382762,nan,nan
10,6.5,0.03535711765,0.01460801237,nan,nan
11,6.5,0.03090199456,0.01442171526,nan,nan
12,6.5,0.02672646195,0.01388295633,nan,nan
13,6.5,0.02280966379,0.01318882392,nan,nan
14,6.5,0.0191221796,0.01246365146,nan,nan
15,6.5,0.01563228667,0.0117836854,nan,nan
16,6.5,0.01230742037,0.01119410792,nan,nan
17,6.5,0.009114753455,0.01072041211,nan,nan
18,6.5,0.006021329667,0.01037608539,nan,nan
19,6.5,0.002994108247,0.01016767402,nan,nan
20,6.5,-4.948906596e-37,0.01009795615,nan,nan
0,7,-2.903976509e-33,-0.05668091812,62.97603906,32.97603906
0.5,7,0.00922575593,-0.05623031445,nan,nan
1,7,0.01844255254,-0.05482419618,62.43796484,32.43796484
1.5,7,0.02757059038,-0.05235969313,nan,nan
2,7,0.03631946445,-0.04867416285,60.06872656,30.06872656
2.5,7,0.04453442246,-0.04360314124,nan,nan
3,7,0.05183985457,-0.03736669235,57.06916797,27.06916797
3.5,7,0.05769290775,-0.02974158004,nan,nan
4,7,0.06158519164,-0.02163232342,50.6853125,20.6853125
4.5,7,0.06327173114,-0.01360924673,nan,nan
5,7,0.06324552,-0.006112176369,44.30484766,14.30484766
5.5,7,0.06189158559,6.253653146e-05,nan,nan
6,7,0.05963278934,0.005111415495,40.50960156,10.50960156
6.5,7,0.05697570741,0.008883679842,nan,nan
7,7,0.05406296998,0.0117505515,38.09133984,8.091339844
7.5,7,0.05114783347,0.01379439849,nan,nan
8,7,0.04824681953,0.01520568747,36.43264844,6.432648437
8.5,7,0.04540801793,0.01613980867,nan,nan
9,7,0.04266519472,0.01668967828,35.36578125,5.36578125
9.5,7,0.04003150761,0.01695470661,nan,nan
10,7,0.03750029579,0.0169976592,34.62669141,4.626691406
10.5,7,0.03506377712,0.01688373424,nan,nan
11,7,0.03272055835,0.01664968542,34.10186719,4.101867187
11.5,7,0.03046260774,0.0163350828,nan,nan
12,7,0.02828502655,0.01596398987,33.71473828,3.714738281
12.5,7,0.0261798352,0.01556112859,nan,nan
13,7,0.02414286509,0.01514142155,33.42145312,3.421453125
13.5,7,0.02216742933,0.0147199627,nan,nan
14,7,0.02024934441,0.01430602707,33.19497656,3.194976563
14.5,7,0.01838280633,0.01390871275,nan,nan
15,7,0.01656378992,0.01353354435,33.01891406,3.018914063
15.5,7,0.01478713471,0.0131858062,nan,nan
16,7,0.01304884814,0.01286864709,32.88325391,2.883253906
16.5,7,0.0113441702,0.01258499697,nan,nan
17,7,0.009669101797,0.01233653221,32.78198438,2.781984375
17.5,7,0.008019126952,0.01212477367,nan,nan
18,7,0.006390208844,0.01195053532,32.71155664,2.711556641
18.5,7,0.004777983762,0.0118145436,nan,nan
19,7,0.003178364364,0.01171713844,32.6699668,2.669966797
19.5,7,0.001587083098,0.0116586253,nan,nan
20,7,8.771164157e-34,0.01163909361,32.65620508,2.656205078
0,7.5,-2.61349419e-36,-0.06640361372,nan,nan
1,7.5,0.02022489719,-0.06458476308,nan,nan
2,7.5,0.04061747715,-0.05800257746,nan,nan
3,7.5,0.05908139423,-0.04445288453,nan,nan
4,7.5,0.07023773342,-0.0246203554,nan,nan
5,7.5,0.0710073933,-0.005002192514,nan,nan
6,7.5,0.06518229097,0.007979379674,nan,nan
7,7.5,0.05807699263,0.01497228042,nan,nan
8,7.5,0.0512111783,0.01827191998,nan,nan
9,7.5,0.04504384845,0.01949156698,nan,nan
10,7.5,0.03947360441,0.01956099894,nan,nan
11,7.5,0.03440507501,0.01900864084,nan,nan
12,7.5,0.02973569743,0.01815386367,nan,nan
13,7.5,0.02539000101,0.01719086122,nan,nan
14,7.5,0.02130801603,0.01623909239,nan,nan
15,7.5,0.01744153723,0.01537099544,nan,nan
16,7.5,0.01374921761,0.01462928456,nan,nan
17,7.5,0.01019369438,0.01403805584,nan,nan
18,7.5,0.006739714183,0.01361007773,nan,nan
19,7.5,0.003353066044,0.013351564,nan,nan
20,7.5,-3.210278597e-37,0.01326515683,nan,nan
0,8,-3.301841307e-33,-0.07833351589,50.86972266,30.86972266
0.5,8,0.01079244073,-0.07792985088,nan,nan
1,8,0.0216514878,-0.07655060685,50.297375,30.297375
1.5,8,0.03265986964,-0.07426546908,nan,nan
2,8,0.04415411875,-0.07030567921,49.00721484,29.00721484
2.5,8,0.05603623763,-0.06415219999,nan,nan
3,8,0.06635692716,-0.05490443504,42.49980859,22.49980859
3.5,8,0.07492209226,-0.04282574005,nan,nan
4,8,0.08088786155,-0.02885720342,38.10932422,18.10932422
4.5,8,0.08194325864,-0.01426204315,nan,nan
5,8,0.07939467579,-0.001945426437,33.22425,13.22425
5.5,8,0.07537781447,0.006549818227,nan,nan
6,8,0.07089345157,0.01187493538,28.24175195,8.241751953
6.5,8,0.0661823526,0.01609802783,nan,nan
7,8,0.06170891598,0.01888603323,25.85702734,5.857027344
7.5,8,0.05767038837,0.02065182828,nan,nan
8,8,0.05394906923,0.02168782034,24.56027539,4.560275391
8.5,8,0.05045802891,0.02229265102,nan,nan
9,8,0.04720726609,0.02252966517,23.75429102,3.754291016
9.5,8,0.04415918887,0.02250447475,nan,nan
10,8,0.04128906503,0.02228442744,23.24204102,3.242041016
10.5,8,0.03856137767,0.02193659895,nan,nan
11,8,0.03596433625,0.0214937085,22.88695703,2.886957031
11.5,8,0.03347666934,0.02099097499,nan,nan
12,8,0.03108857758,0.02045091034,22.63258203,2.632582031
12.5,8,0.02878528088,0.01989548259,nan,nan
13,8,0.02655970678,0.01933816799,22.44204102,2.442041016
13.5,8,0.0244016666,0.01879196406,nan,nan
14,8,0.02230551839,0.01826535144,22.29574023,2.295740234
14.5,8,0.0202637054,0.01776615881,nan,nan
15,8,0.01827142015,0.01729944699,22.18182227,2.181822266
15.5,8,0.0163226705,0.01686972731,nan,nan
16,8,0.01441307738,0.01647992969,22.09362891,2.093628906
16.5,8,0.01253752876,0.01613254451,nan,nan
17,8,0.01069183648,0.01582915873,22.02737109,2.027371094
17.5,8,0.008871365339,0.01557105386,nan,nan
18,8,0.007071993779,0.01535901965,21.98101563,1.981015625
18.5,8,0.005289335735,0.0151936568,nan,nan
19,8,0.003519270802,0.01507531644,21.95351563,1.953515625
19.5,8,0.001757540973,0.01500423417,nan,nan
20,8,6.507533053e-34,0.01498052643,21.94439453,1.944394531
0,8.5,-1.672390851e-36,-0.08953891254,nan,nan
1,8.5,0.0227894187,-0.08806903965,nan,nan
2,8.5,0.04741598666,-0.08300171352,nan,nan
3,8.5,0.07560127228,-0.0673071698,nan,nan
4,8.5,0.09520886838,-0.03222219578,nan,nan
5,8.5,0.08926250786,0.00367942264,nan,nan
6,8.5,0.07547342032,0.01752781563,nan,nan
7,8.5,0.06490373611,0.02336810411,nan,nan
8,8.5,0.05621546134,0.02545489811,nan,nan
9,8.5,0.04908815026,0.02574586005,nan,nan
10,8.5,0.04289492592,0.0251328598,nan,nan
11,8.5,0.037373133,0.02407278002,nan,nan
12,8.5,0.03232762218,0.02282950536,nan,nan
13,8.5,0.02764196694,0.02156137929,nan,nan
14,8.5,0.02323488332,0.02036568776,nan,nan
15,8.5,0.01904833689,0.01930172437,nan,nan
16,8.5,0.01503657363,0.01840478436,nan,nan
17,8.5,0.01116068196,0.01769498617,nan,nan
18,8.5,0.00738514401,0.01718311638,nan,nan
19,8.5,0.003676019143,0.01687449657,nan,nan
20,8.5,-1.736470672e-37,0.01677141779,nan,nan
0,9,-8.08136497e-33,-0.09316383649,66.9205,56.9205
0.5,9,0.01220811997,-0.09287439633,nan,nan
1,9,0.02474197932,-0.09213277299,66.85570313,56.85570313
1.5,9,0.03755327314,-0.0909490173,nan,nan
2,9,0.05120786652,-0.08904490967,66.02414844,56.02414844
2.5,9,0.06849562377,-0.08471409578,nan,nan
3,9,0.09179073572,-0.0778886785,64.88073047,54.88073047
3.5,9,0.109713383,-0.05769041155,nan,nan
4,9,0.1159926876,-0.02990111124,40.20116797,30.20116797
4.5,9,0.1105925441,-0.004582586906,nan,nan
5,9,0.09743412584,0.01306414164,13.87240723,3.872407227
5.5,9,0.0872284323,0.01899584036,nan,nan
6,9,0.07942943275,0.02389745999,15.1856084,5.185608398
6.5,9,0.07298953086,0.02683566537,nan,nan
7,9,0.06736005098,0.02841299426,12.67969531,2.679695312
7.5,9,0.06237241626,0.02914233904,nan,nan
8,9,0.05809957907,0.02943309795,12.41145996,2.411459961
8.5,9,0.05424837768,0.02940996948,nan,nan
9,9,0.05070342124,0.02912508908,11.91966016,1.919660156
9.5,9,0.04739605635,0.02866898875,nan,nan
10,9,0.04431851953,0.02809873994,11.70842773,1.708427734
10.5,9,0.04141207412,0.02745282117,nan,nan
11,9,0.03865026683,0.02675602425,11.5347627,1.534762695
11.5,9,0.03600557894,0.02603445414,nan,nan
12,9,0.03346795589,0.02530551541,11.42030469,1.420304687
12.5,9,0.03101862594,0.0245839956,nan,nan
13,9,0.02864848077,0.02388033483,11.33194238,1.331942383
13.5,9,0.02634598874,0.02320399347,nan,nan
14,9,0.02410518937,0.02256168823,11.2643623,1.264362305
14.5,9,0.02191795409,0.02195907224,nan,nan
15,9,0.0197792463,0.02140023958,11.21080273,1.210802734
15.5,9,0.017683018,0.02088856909,nan,nan
16,9,0.0156249078,0.02042648781,11.16875391,1.168753906
16.5,9,0.01359992474,0.02001588817,nan,nan
17,9,0.01160393562,0.01965812806,11.13666699,1.136666992
17.5,9,0.009632489644,0.01935420211,nan,nan
18,9,0.007681543473,0.01910482,11.11394336,1.113943359
18.5,9,0.005746885203,0.01891045112,nan,nan
19,9,0.003824475221,0.01877142887,11.10034375,1.10034375
19.5,9,0.001910198713,0.01868793767,nan,nan
20,9,3.655322743e-34,0.01866010044,11.09581348,1.095813477
0,9.5,8.135069024e-36,-0.1075060288,nan,nan
1,9.5,0.02601543628,-0.106876194,nan,nan
2,9.5,0.05327513441,-0.1050200383,nan,nan
3,9.5,0.08557709306,-0.09929639795,nan,nan
4,9.5,0.1239361092,-0.03720261851,nan,nan
5,9.5,0.1001327634,0.01861661537,nan,nan
6,9.5,0.08040419221,0.03170065633,nan,nan
7,9.5,0.06878640503,0.03341023302,nan,nan
8,9.5,0.05944132805,0.03355298615,nan,nan
9,9.5,0.05198815838,0.03252913481,nan,nan
10,9.5,0.04553095251,0.03109793602,nan,nan
11,9.5,0.03977928311,0.02946600741,nan,nan
12,9.5,0.03450109437,0.02781250938,nan,nan
13,9.5,0.0295736324,0.02623382448,nan,nan
14,9.5,0.02491242811,0.02479620888,nan,nan
15,9.5,0.02046083473,0.02354053831,nan,nan
16,9.5,0.01617528871,0.02249254151,nan,nan
17,9.5,0.01201933622,0.02166746794,nan,nan
18,9.5,0.007959584706,0.02107394351,nan,nan
19,9.5,0.003963799216,0.02071647024,nan,nan
20,9.5,-5.177667925e-38,0.02059711753,nan,nan
0,10,5.38964085e-36,-0.1520807476,1.216747457e-44,1.216747457e-44
0.5,10,0.01289020013,-0.1520229013,nan,nan
1,10,0.02593708225,-0.1517409863,-2.182704527e-43,-2.182704527e-43
1.5,10,0.039378196,-0.1512823136,nan,nan
2,10,0.05311442912,-0.1508948685,-2.236906752e-43,-2.236906752e-43
2.5,10,0.0667861402,-0.1503079416,nan,nan
3,10,0.07841671258,-0.1432486357,-2.592738471e-43,-2.592738471e-43
3.5,10,0.07874626666,-0.1300186993,nan,nan
4,10,0.07841850072,-0.06888306454,1.736699252e-43,1.736699252e-43
4.5,10,0.09110210091,0.03426267266,nan,nan
5,10,0.09530112892,0.03196664959,7.389046802e-45,7.389046802e-45
5.5,10,0.08430466056,0.03753175646,nan,nan
6,10,0.07819448411,0.03794381082,3.953903747e-44,3.953903747e-44
6.5,10,0.07411725819,0.03939038202,nan,nan
7,10,0.0696182549,0.03884054407,-1.471363388e-45,-1.471363388e-45
7.5,10,0.06456160545,0.03820640653,nan,nan
8,10,0.06025331467,0.03764701694,3.192157902e-45,3.192157902e-45
8.5,10,0.05651539564,0.03689209059,nan,nan
9,10,0.05301623791,0.03598649487,-2.466285297e-46,-2.466285297e-46
9.5,10,0.04967564344,0.03505721748,nan,nan
10,10,0.04655472562,0.03412116006,-6.726232629e-47,-6.726232629e-47
10.5,10,0.0436036773,0.03316257581,nan,nan
11,10,0.04078220576,0.03220251634,-5.591180873e-46,-5.591180873e-46
11.5,10,0.03806237876,0.0312603718,nan,nan
12,10,0.03544000164,0.03034465633,-6.810310537e-46,-6.810310537e-46
12.5,10,0.03289806098,0.02945984214,nan,nan
13,10,0.03042745963,0.0286134953,-8.141544078e-46,-8.141544078e-46
13.5,10,0.02801760472,0.02781138442,nan,nan
14,10,0.02566379867,0.0270578625,-8.814167341e-46,-8.814167341e-46
14.5,10,0.02335891873,0.02635604389,nan,nan
15,10,0.02109855041,0.02570894606,-9.262582849e-46,-9.262582849e-46
15.5,10,0.01887742616,0.02511882096,nan,nan
16,10,0.01669173315,0.02458748653,-9.486790603e-46,-9.486790603e-46
16.5,10,0.01453709882,0.02411627084,nan,nan
17,10,0.01240974851,0.02370627284,-9.612907465e-46,-9.612907465e-46
17.5,10,0.01030568592,0.02335828416,nan,nan
18,10,0.008221114054,0.02307291016,-9.654946419e-46,-9.654946419e-46
18.5,10,0.006152141374,0.02285056993,nan,nan
19,10,0.004094898701,0.02269156709,-9.682972388e-46,-9.682972388e-46
19.5,10,0.002045489615,0.02259609163,nan,nan
20,10,8.875067772e-40,0.02256425529,-2.802596929e-48,-2.802596929e-48
