instance,node,x,y,z
PART-1-1,1,0.0,0.0,0.0
PART-1-1,2,0.5,0.0,0.0
PART-1-1,3,1.0,0.0,0.0
PART-1-1,4,1.5,0.0,0.0
PART-1-1,5,2.0,0.0,0.0
PART-1-1,6,2.5,0.0,0.0
PART-1-1,7,3.0,0.0,0.0
PART-1-1,8,3.5,0.0,0.0
PART-1-1,9,4.0,0.0,0.0
PART-1-1,10,4.5,0.0,0.0
PART-1-1,11,5.0,0.0,0.0
PART-1-1,12,5.5,0.0,0.0
PART-1-1,13,6.0,0.0,0.0
PART-1-1,14,6.5,0.0,0.0
PART-1-1,15,7.0,0.0,0.0
PART-1-1,16,7.5,0.0,0.0
PART-1-1,17,8.0,0.0,0.0
PART-1-1,18,8.5,0.0,0.0
PART-1-1,19,9.0,0.0,0.0
PART-1-1,20,9.5,0.0,0.0
PART-1-1,21,10.0,0.0,0.0
PART-1-1,22,10.5,0.0,0.0
PART-1-1,23,11.0,0.0,0.0
PART-1-1,24,11.5,0.0,0.0
PART-1-1,25,12.0,0.0,0.0
PART-1-1,26,12.5,0.0,0.0
PART-1-1,27,13.0,0.0,0.0
PART-1-1,28,13.5,0.0,0.0
PART-1-1,29,14.0,0.0,0.0
PART-1-1,30,14.5,0.0,0.0
PART-1-1,31,15.0,0.0,0.0
PART-1-1,32,15.5,0.0,0.0
PART-1-1,33,16.0,0.0,0.0
PART-1-1,34,16.5,0.0,0.0
PART-1-1,35,17.0,0.0,0.0
PART-1-1,36,17.5,0.0,0.0
PART-1-1,37,18.0,0.0,0.0
PART-1-1,38,18.5,0.0,0.0
PART-1-1,39,19.0,0.0,0.0
PART-1-1,40,19.5,0.0,0.0
PART-1-1,41,20.0,0.0,0.0
PART-1-1,42,0.0,0.5,0.0
PART-1-1,43,1.0,0.5,0.0
PART-1-1,44,2.0,0.5,0.0
PART-1-1,45,3.0,0.5,0.0
PART-1-1,46,4.0,0.5,0.0
PART-1-1,47,5.0,0.5,0.0
PART-1-1,48,6.0,0.5,0.0
PART-1-1,49,7.0,0.5,0.0
PART-1-1,50,8.0,0.5,0.0
PART-1-1,51,9.0,0.5,0.0
PART-1-1,52,10.0,0.5,0.0
PART-1-1,53,11.0,0.5,0.0
PART-1-1,54,12.0,0.5,0.0
PART-1-1,55,13.0,0.5,0.0
PART-1-1,56,14.0,0.5,0.0
PART-1-1,57,15.0,0.5,0.0
PART-1-1,58,16.0,0.5,0.0
PART-1-1,59,17.0,0.5,0.0
PART-1-1,60,18.0,0.5,0.0
PART-1-1,61,19.0,0.5,0.0
PART-1-1,62,20.0,0.5,0.0
PART-1-1,63,0.0,1.0,0.0
PART-1-1,64,0.5,1.0,0.0
PART-1-1,65,1.0,1.0,0.0
PART-1-1,66,1.5,1.0,0.0
PART-1-1,67,2.0,1.0,0.0
PART-1-1,68,2.5,1.0,0.0
PART-1-1,69,3.0,1.0,0.0
PART-1-1,70,3.5,1.0,0.0
PART-1-1,71,4.0,1.0,0.0
PART-1-1,72,4.5,1.0,0.0
PART-1-1,73,5.0,1.0,0.0
PART-1-1,74,5.5,1.0,0.0
PART-1-1,75,6.0,1.0,0.0
PART-1-1,76,6.5,1.0,0.0
PART-1-1,77,7.0,1.0,0.0
PART-1-1,78,7.5,1.0,0.0
PART-1-1,79,8.0,1.0,0.0
PART-1-1,80,8.5,1.0,0.0
PART-1-1,81,9.0,1.0,0.0
PART-1-1,82,9.5,1.0,0.0
PART-1-1,83,10.0,1.0,0.0
PART-1-1,84,10.5,1.0,0.0
PART-1-1,85,11.0,1.0,0.0
PART-1-1,86,11.5,1.0,0.0
PART-1-1,87,12.0,1.0,0.0
PART-1-1,88,12.5,1.0,0.0
PART-1-1,89,13.0,1.0,0.0
PART-1-1,90,13.5,1.0,0.0
PART-1-1,91,14.0,1.0,0.0
PART-1-1,92,14.5,1.0,0.0
PART-1-1,93,15.0,1.0,0.0
PART-1-1,94,15.5,1.0,0.0
PART-1-1,95,16.0,1.0,0.0
PART-1-1,96,16.5,1.0,0.0
PART-1-1,97,17.0,1.0,0.0
PART-1-1,98,17.5,1.0,0.0
PART-1-1,99,18.0,1.0,0.0
PART-1-1,100,18.5,1.0,0.0
PART-1-1,101,19.0,1.0,0.0
PART-1-1,102,19.5,1.0,0.0
PART-1-1,103,20.0,1.0,0.0
PART-1-1,104,0.0,1.5,0.0
PART-1-1,105,1.0,1.5,0.0
PART-1-1,106,2.0,1.5,0.0
PART-1-1,107,3.0,1.5,0.0
PART-1-1,108,4.0,1.5,0.0
PART-1-1,109,5.0,1.5,0.0
PART-1-1,110,6.0,1.5,0.0
PART-1-1,111,7.0,1.5,0.0
PART-1-1,112,8.0,1.5,0.0
PART-1-1,113,9.0,1.5,0.0
PART-1-1,114,10.0,1.5,0.0
PART-1-1,115,11.0,1.5,0.0
PART-1-1,116,12.0,1.5,0.0
PART-1-1,117,13.0,1.5,0.0
PART-1-1,118,14.0,1.5,0.0
PART-1-1,119,15.0,1.5,0.0
PART-1-1,120,16.0,1.5,0.0
PART-1-1,121,17.0,1.5,0.0
PART-1-1,122,18.0,1.5,0.0
PART-1-1,123,19.0,1.5,0.0
PART-1-1,124,20.0,1.5,0.0
PART-1-1,125,0.0,2.0,0.0
PART-1-1,126,0.5,2.0,0.0
PART-1-1,127,1.0,2.0,0.0
PART-1-1,128,1.5,2.0,0.0
PART-1-1,129,2.0,2.0,0.0
PART-1-1,130,2.5,2.0,0.0
PART-1-1,131,3.0,2.0,0.0
PART-1-1,132,3.5,2.0,0.0
PART-1-1,133,4.0,2.0,0.0
PART-1-1,134,4.5,2.0,0.0
PART-1-1,135,5.0,2.0,0.0
PART-1-1,136,5.5,2.0,0.0
PART-1-1,137,6.0,2.0,0.0
PART-1-1,138,6.5,2.0,0.0
PART-1-1,139,7.0,2.0,0.0
PART-1-1,140,7.5,2.0,0.0
PART-1-1,141,8.0,2.0,0.0
PART-1-1,142,8.5,2.0,0.0
PART-1-1,143,9.0,2.0,0.0
PART-1-1,144,9.5,2.0,0.0
PART-1-1,145,10.0,2.0,0.0
PART-1-1,146,10.5,2.0,0.0
PART-1-1,147,11.0,2.0,0.0
PART-1-1,148,11.5,2.0,0.0
PART-1-1,149,12.0,2.0,0.0
PART-1-1,150,12.5,2.0,0.0
PART-1-1,151,13.0,2.0,0.0
PART-1-1,152,13.5,2.0,0.0
PART-1-1,153,14.0,2.0,0.0
PART-1-1,154,14.5,2.0,0.0
PART-1-1,155,15.0,2.0,0.0
PART-1-1,156,15.5,2.0,0.0
PART-1-1,157,16.0,2.0,0.0
PART-1-1,158,16.5,2.0,0.0
PART-1-1,159,17.0,2.0,0.0
PART-1-1,160,17.5,2.0,0.0
PART-1-1,161,18.0,2.0,0.0
PART-1-1,162,18.5,2.0,0.0
PART-1-1,163,19.0,2.0,0.0
PART-1-1,164,19.5,2.0,0.0
PART-1-1,165,20.0,2.0,0.0
PART-1-1,166,0.0,2.5,0.0
PART-1-1,167,1.0,2.5,0.0
PART-1-1,168,2.0,2.5,0.0
PART-1-1,169,3.0,2.5,0.0
PART-1-1,170,4.0,2.5,0.0
PART-1-1,171,5.0,2.5,0.0
PART-1-1,172,6.0,2.5,0.0
PART-1-1,173,7.0,2.5,0.0
PART-1-1,174,8.0,2.5,0.0
PART-1-1,175,9.0,2.5,0.0
PART-1-1,176,10.0,2.5,0.0
PART-1-1,177,11.0,2.5,0.0
PART-1-1,178,12.0,2.5,0.0
PART-1-1,179,13.0,2.5,0.0
PART-1-1,180,14.0,2.5,0.0
PART-1-1,181,15.0,2.5,0.0
PART-1-1,182,16.0,2.5,0.0
PART-1-1,183,17.0,2.5,0.0
PART-1-1,184,18.0,2.5,0.0
PART-1-1,185,19.0,2.5,0.0
PART-1-1,186,20.0,2.5,0.0
PART-1-1,187,0.0,3.0,0.0
PART-1-1,188,0.5,3.0,0.0
PART-1-1,189,1.0,3.0,0.0
PART-1-1,190,1.5,3.0,0.0
PART-1-1,191,2.0,3.0,0.0
PART-1-1,192,2.5,3.0,0.0
PART-1-1,193,3.0,3.0,0.0
PART-1-1,194,3.5,3.0,0.0
PART-1-1,195,4.0,3.0,0.0
PART-1-1,196,4.5,3.0,0.0
PART-1-1,197,5.0,3.0,0.0
PART-1-1,198,5.5,3.0,0.0
PART-1-1,199,6.0,3.0,0.0
PART-1-1,200,6.5,3.0,0.0
PART-1-1,201,7.0,3.0,0.0
PART-1-1,202,7.5,3.0,0.0
PART-1-1,203,8.0,3.0,0.0
PART-1-1,204,8.5,3.0,0.0
PART-1-1,205,9.0,3.0,0.0
PART-1-1,206,9.5,3.0,0.0
PART-1-1,207,10.0,3.0,0.0
PART-1-1,208,10.5,3.0,0.0
PART-1-1,209,11.0,3.0,0.0
PART-1-1,210,11.5,3.0,0.0
PART-1-1,211,12.0,3.0,0.0
PART-1-1,212,12.5,3.0,0.0
PART-1-1,213,13.0,3.0,0.0
PART-1-1,214,13.5,3.0,0.0
PART-1-1,215,14.0,3.0,0.0
PART-1-1,216,14.5,3.0,0.0
PART-1-1,217,15.0,3.0,0.0
PART-1-1,218,15.5,3.0,0.0
PART-1-1,219,16.0,3.0,0.0
PART-1-1,220,16.5,3.0,0.0
PART-1-1,221,17.0,3.0,0.0
PART-1-1,222,17.5,3.0,0.0
PART-1-1,223,18.0,3.0,0.0
PART-1-1,224,18.5,3.0,0.0
PART-1-1,225,19.0,3.0,0.0
PART-1-1,226,19.5,3.0,0.0
PART-1-1,227,20.0,3.0,0.0
PART-1-1,228,0.0,3.5,0.0
PART-1-1,229,1.0,3.5,0.0
PART-1-1,230,2.0,3.5,0.0
PART-1-1,231,3.0,3.5,0.0
PART-1-1,232,4.0,3.5,0.0
PART-1-1,233,5.0,3.5,0.0
PART-1-1,234,6.0,3.5,0.0
PART-1-1,235,7.0,3.5,0.0
PART-1-1,236,8.0,3.5,0.0
PART-1-1,237,9.0,3.5,0.0
PART-1-1,238,10.0,3.5,0.0
PART-1-1,239,11.0,3.5,0.0
PART-1-1,240,12.0,3.5,0.0
PART-1-1,241,13.0,3.5,0.0
PART-1-1,242,14.0,3.5,0.0
PART-1-1,243,15.0,3.5,0.0
PART-1-1,244,16.0,3.5,0.0
PART-1-1,245,17.0,3.5,0.0
PART-1-1,246,18.0,3.5,0.0
PART-1-1,247,19.0,3.5,0.0
PART-1-1,248,20.0,3.5,0.0
PART-1-1,249,0.0,4.0,0.0
PART-1-1,250,0.5,4.0,0.0
PART-1-1,251,1.0,4.0,0.0
PART-1-1,252,1.5,4.0,0.0
PART-1-1,253,2.0,4.0,0.0
PART-1-1,254,2.5,4.0,0.0
PART-1-1,255,3.0,4.0,0.0
PART-1-1,256,3.5,4.0,0.0
PART-1-1,257,4.0,4.0,0.0
PART-1-1,258,4.5,4.0,0.0
PART-1-1,259,5.0,4.0,0.0
PART-1-1,260,5.5,4.0,0.0
PART-1-1,261,6.0,4.0,0.0
PART-1-1,262,6.5,4.0,0.0
PART-1-1,263,7.0,4.0,0.0
PART-1-1,264,7.5,4.0,0.0
PART-1-1,265,8.0,4.0,0.0
PART-1-1,266,8.5,4.0,0.0
PART-1-1,267,9.0,4.0,0.0
PART-1-1,268,9.5,4.0,0.0
PART-1-1,269,10.0,4.0,0.0
PART-1-1,270,10.5,4.0,0.0
PART-1-1,271,11.0,4.0,0.0
PART-1-1,272,11.5,4.0,0.0
PART-1-1,273,12.0,4.0,0.0
PART-1-1,274,12.5,4.0,0.0
PART-1-1,275,13.0,4.0,0.0
PART-1-1,276,13.5,4.0,0.0
PART-1-1,277,14.0,4.0,0.0
PART-1-1,278,14.5,4.0,0.0
PART-1-1,279,15.0,4.0,0.0
PART-1-1,280,15.5,4.0,0.0
PART-1-1,281,16.0,4.0,0.0
PART-1-1,282,16.5,4.0,0.0
PART-1-1,283,17.0,4.0,0.0
PART-1-1,284,17.5,4.0,0.0
PART-1-1,285,18.0,4.0,0.0
PART-1-1,286,18.5,4.0,0.0
PART-1-1,287,19.0,4.0,0.0
PART-1-1,288,19.5,4.0,0.0
PART-1-1,289,20.0,4.0,0.0
PART-1-1,290,0.0,4.5,0.0
PART-1-1,291,1.0,4.5,0.0
PART-1-1,292,2.0,4.5,0.0
PART-1-1,293,3.0,4.5,0.0
PART-1-1,294,4.0,4.5,0.0
PART-1-1,295,5.0,4.5,0.0
PART-1-1,296,6.0,4.5,0.0
PART-1-1,297,7.0,4.5,0.0
PART-1-1,298,8.0,4.5,0.0
PART-1-1,299,9.0,4.5,0.0
PART-1-1,300,10.0,4.5,0.0
PART-1-1,301,11.0,4.5,0.0
PART-1-1,302,12.0,4.5,0.0
PART-1-1,303,13.0,4.5,0.0
PART-1-1,304,14.0,4.5,0.0
PART-1-1,305,15.0,4.5,0.0
PART-1-1,306,16.0,4.5,0.0
PART-1-1,307,17.0,4.5,0.0
PART-1-1,308,18.0,4.5,0.0
PART-1-1,309,19.0,4.5,0.0
PART-1-1,310,20.0,4.5,0.0
PART-1-1,311,0.0,5.0,0.0
PART-1-1,312,0.5,5.0,0.0
PART-1-1,313,1.0,5.0,0.0
PART-1-1,314,1.5,5.0,0.0
PART-1-1,315,2.0,5.0,0.0
PART-1-1,316,2.5,5.0,0.0
PART-1-1,317,3.0,5.0,0.0
PART-1-1,318,3.5,5.0,0.0
PART-1-1,319,4.0,5.0,0.0
PART-1-1,320,4.5,5.0,0.0
PART-1-1,321,5.0,5.0,0.0
PART-1-1,322,5.5,5.0,0.0
PART-1-1,323,6.0,5.0,0.0
PART-1-1,324,6.5,5.0,0.0
PART-1-1,325,7.0,5.0,0.0
PART-1-1,326,7.5,5.0,0.0
PART-1-1,327,8.0,5.0,0.0
PART-1-1,328,8.5,5.0,0.0
PART-1-1,329,9.0,5.0,0.0
PART-1-1,330,9.5,5.0,0.0
PART-1-1,331,10.0,5.0,0.0
PART-1-1,332,10.5,5.0,0.0
PART-1-1,333,11.0,5.0,0.0
PART-1-1,334,11.5,5.0,0.0
PART-1-1,335,12.0,5.0,0.0
PART-1-1,336,12.5,5.0,0.0
PART-1-1,337,13.0,5.0,0.0
PART-1-1,338,13.5,5.0,0.0
PART-1-1,339,14.0,5.0,0.0
PART-1-1,340,14.5,5.0,0.0
PART-1-1,341,15.0,5.0,0.0
PART-1-1,342,15.5,5.0,0.0
PART-1-1,343,16.0,5.0,0.0
PART-1-1,344,16.5,5.0,0.0
PART-1-1,345,17.0,5.0,0.0
PART-1-1,346,17.5,5.0,0.0
PART-1-1,347,18.0,5.0,0.0
PART-1-1,348,18.5,5.0,0.0
PART-1-1,349,19.0,5.0,0.0
PART-1-1,350,19.5,5.0,0.0
PART-1-1,351,20.0,5.0,0.0
PART-1-1,352,0.0,5.5,0.0
PART-1-1,353,1.0,5.5,0.0
PART-1-1,354,2.0,5.5,0.0
PART-1-1,355,3.0,5.5,0.0
PART-1-1,356,4.0,5.5,0.0
PART-1-1,357,5.0,5.5,0.0
PART-1-1,358,6.0,5.5,0.0
PART-1-1,359,7.0,5.5,0.0
PART-1-1,360,8.0,5.5,0.0
PART-1-1,361,9.0,5.5,0.0
PART-1-1,362,10.0,5.5,0.0
PART-1-1,363,11.0,5.5,0.0
PART-1-1,364,12.0,5.5,0.0
PART-1-1,365,13.0,5.5,0.0
PART-1-1,366,14.0,5.5,0.0
PART-1-1,367,15.0,5.5,0.0
PART-1-1,368,16.0,5.5,0.0
PART-1-1,369,17.0,5.5,0.0
PART-1-1,370,18.0,5.5,0.0
PART-1-1,371,19.0,5.5,0.0
PART-1-1,372,20.0,5.5,0.0
PART-1-1,373,0.0,6.0,0.0
PART-1-1,374,0.5,6.0,0.0
PART-1-1,375,1.0,6.0,0.0
PART-1-1,376,1.5,6.0,0.0
PART-1-1,377,2.0,6.0,0.0
PART-1-1,378,2.5,6.0,0.0
PART-1-1,379,3.0,6.0,0.0
PART-1-1,380,3.5,6.0,0.0
PART-1-1,381,4.0,6.0,0.0
PART-1-1,382,4.5,6.0,0.0
PART-1-1,383,5.0,6.0,0.0
PART-1-1,384,5.5,6.0,0.0
PART-1-1,385,6.0,6.0,0.0
PART-1-1,386,6.5,6.0,0.0
PART-1-1,387,7.0,6.0,0.0
PART-1-1,388,7.5,6.0,0.0
PART-1-1,389,8.0,6.0,0.0
PART-1-1,390,8.5,6.0,0.0
PART-1-1,391,9.0,6.0,0.0
PART-1-1,392,9.5,6.0,0.0
PART-1-1,393,10.0,6.0,0.0
PART-1-1,394,10.5,6.0,0.0
PART-1-1,395,11.0,6.0,0.0
PART-1-1,396,11.5,6.0,0.0
PART-1-1,397,12.0,6.0,0.0
PART-1-1,398,12.5,6.0,0.0
PART-1-1,399,13.0,6.0,0.0
PART-1-1,400,13.5,6.0,0.0
PART-1-1,401,14.0,6.0,0.0
PART-1-1,402,14.5,6.0,0.0
PART-1-1,403,15.0,6.0,0.0
PART-1-1,404,15.5,6.0,0.0
PART-1-1,405,16.0,6.0,0.0
PART-1-1,406,16.5,6.0,0.0
PART-1-1,407,17.0,6.0,0.0
PART-1-1,408,17.5,6.0,0.0
PART-1-1,409,18.0,6.0,0.0
PART-1-1,410,18.5,6.0,0.0
PART-1-1,411,19.0,6.0,0.0
PART-1-1,412,19.5,6.0,0.0
PART-1-1,413,20.0,6.0,0.0
PART-1-1,414,0.0,6.5,0.0
PART-1-1,415,1.0,6.5,0.0
PART-1-1,416,2.0,6.5,0.0
PART-1-1,417,3.0,6.5,0.0
PART-1-1,418,4.0,6.5,0.0
PART-1-1,419,5.0,6.5,0.0
PART-1-1,420,6.0,6.5,0.0
PART-1-1,421,7.0,6.5,0.0
PART-1-1,422,8.0,6.5,0.0
PART-1-1,423,9.0,6.5,0.0
PART-1-1,424,10.0,6.5,0.0
PART-1-1,425,11.0,6.5,0.0
PART-1-1,426,12.0,6.5,0.0
PART-1-1,427,13.0,6.5,0.0
PART-1-1,428,14.0,6.5,0.0
PART-1-1,429,15.0,6.5,0.0
PART-1-1,430,16.0,6.5,0.0
PART-1-1,431,17.0,6.5,0.0
PART-1-1,432,18.0,6.5,0.0
PART-1-1,433,19.0,6.5,0.0
PART-1-1,434,20.0,6.5,0.0
PART-1-1,435,0.0,7.0,0.0
PART-1-1,436,0.5,7.0,0.0
PART-1-1,437,1.0,7.0,0.0
PART-1-1,438,1.5,7.0,0.0
PART-1-1,439,2.0,7.0,0.0
PART-1-1,440,2.5,7.0,0.0
PART-1-1,441,3.0,7.0,0.0
PART-1-1,442,3.5,7.0,0.0
PART-1-1,443,4.0,7.0,0.0
PART-1-1,444,4.5,7.0,0.0
PART-1-1,445,5.0,7.0,0.0
PART-1-1,446,5.5,7.0,0.0
PART-1-1,447,6.0,7.0,0.0
PART-1-1,448,6.5,7.0,0.0
PART-1-1,449,7.0,7.0,0.0
PART-1-1,450,7.5,7.0,0.0
PART-1-1,451,8.0,7.0,0.0
PART-1-1,452,8.5,7.0,0.0
PART-1-1,453,9.0,7.0,0.0
PART-1-1,454,9.5,7.0,0.0
PART-1-1,455,10.0,7.0,0.0
PART-1-1,456,10.5,7.0,0.0
PART-1-1,457,11.0,7.0,0.0
PART-1-1,458,11.5,7.0,0.0
PART-1-1,459,12.0,7.0,0.0
PART-1-1,460,12.5,7.0,0.0
PART-1-1,461,13.0,7.0,0.0
PART-1-1,462,13.5,7.0,0.0
PART-1-1,463,14.0,7.0,0.0
PART-1-1,464,14.5,7.0,0.0
PART-1-1,465,15.0,7.0,0.0
PART-1-1,466,15.5,7.0,0.0
PART-1-1,467,16.0,7.0,0.0
PART-1-1,468,16.5,7.0,0.0
PART-1-1,469,17.0,7.0,0.0
PART-1-1,470,17.5,7.0,0.0
PART-1-1,471,18.0,7.0,0.0
PART-1-1,472,18.5,7.0,0.0
PART-1-1,473,19.0,7.0,0.0
PART-1-1,474,19.5,7.0,0.0
PART-1-1,475,20.0,7.0,0.0
PART-1-1,476,0.0,7.5,0.0
PART-1-1,477,1.0,7.5,0.0
PART-1-1,478,2.0,7.5,0.0
PART-1-1,479,3.0,7.5,0.0
PART-1-1,480,4.0,7.5,0.0
PART-1-1,481,5.0,7.5,0.0
PART-1-1,482,6.0,7.5,0.0
PART-1-1,483,7.0,7.5,0.0
PART-1-1,484,8.0,7.5,0.0
PART-1-1,485,9.0,7.5,0.0
PART-1-1,486,10.0,7.5,0.0
PART-1-1,487,11.0,7.5,0.0
PART-1-1,488,12.0,7.5,0.0
PART-1-1,489,13.0,7.5,0.0
PART-1-1,490,14.0,7.5,0.0
PART-1-1,491,15.0,7.5,0.0
PART-1-1,492,16.0,7.5,0.0
PART-1-1,493,17.0,7.5,0.0
PART-1-1,494,18.0,7.5,0.0
PART-1-1,495,19.0,7.5,0.0
PART-1-1,496,20.0,7.5,0.0
PART-1-1,497,0.0,8.0,0.0
PART-1-1,498,0.5,8.0,0.0
PART-1-1,499,1.0,8.0,0.0
PART-1-1,500,1.5,8.0,0.0
PART-1-1,501,2.0,8.0,0.0
PART-1-1,502,2.5,8.0,0.0
PART-1-1,503,3.0,8.0,0.0
PART-1-1,504,3.5,8.0,0.0
PART-1-1,505,4.0,8.0,0.0
PART-1-1,506,4.5,8.0,0.0
PART-1-1,507,5.0,8.0,0.0
PART-1-1,508,5.5,8.0,0.0
PART-1-1,509,6.0,8.0,0.0
PART-1-1,510,6.5,8.0,0.0
PART-1-1,511,7.0,8.0,0.0
PART-1-1,512,7.5,8.0,0.0
PART-1-1,513,8.0,8.0,0.0
PART-1-1,514,8.5,8.0,0.0
PART-1-1,515,9.0,8.0,0.0
PART-1-1,516,9.5,8.0,0.0
PART-1-1,517,10.0,8.0,0.0
PART-1-1,518,10.5,8.0,0.0
PART-1-1,519,11.0,8.0,0.0
PART-1-1,520,11.5,8.0,0.0
PART-1-1,521,12.0,8.0,0.0
PART-1-1,522,12.5,8.0,0.0
PART-1-1,523,13.0,8.0,0.0
PART-1-1,524,13.5,8.0,0.0
PART-1-1,525,14.0,8.0,0.0
PART-1-1,526,14.5,8.0,0.0
PART-1-1,527,15.0,8.0,0.0
PART-1-1,528,15.5,8.0,0.0
PART-1-1,529,16.0,8.0,0.0
PART-1-1,530,16.5,8.0,0.0
PART-1-1,531,17.0,8.0,0.0
PART-1-1,532,17.5,8.0,0.0
PART-1-1,533,18.0,8.0,0.0
PART-1-1,534,18.5,8.0,0.0
PART-1-1,535,19.0,8.0,0.0
PART-1-1,536,19.5,8.0,0.0
PART-1-1,537,20.0,8.0,0.0
PART-1-1,538,0.0,8.5,0.0
PART-1-1,539,1.0,8.5,0.0
PART-1-1,540,2.0,8.5,0.0
PART-1-1,541,3.0,8.5,0.0
PART-1-1,542,4.0,8.5,0.0
PART-1-1,543,5.0,8.5,0.0
PART-1-1,544,6.0,8.5,0.0
PART-1-1,545,7.0,8.5,0.0
PART-1-1,546,8.0,8.5,0.0
PART-1-1,547,9.0,8.5,0.0
PART-1-1,548,10.0,8.5,0.0
PART-1-1,549,11.0,8.5,0.0
PART-1-1,550,12.0,8.5,0.0
PART-1-1,551,13.0,8.5,0.0
PART-1-1,552,14.0,8.5,0.0
PART-1-1,553,15.0,8.5,0.0
PART-1-1,554,16.0,8.5,0.0
PART-1-1,555,17.0,8.5,0.0
PART-1-1,556,18.0,8.5,0.0
PART-1-1,557,19.0,8.5,0.0
PART-1-1,558,20.0,8.5,0.0
PART-1-1,559,0.0,9.0,0.0
PART-1-1,560,0.5,9.0,0.0
PART-1-1,561,1.0,9.0,0.0
PART-1-1,562,1.5,9.0,0.0
PART-1-1,563,2.0,9.0,0.0
PART-1-1,564,2.5,9.0,0.0
PART-1-1,565,3.0,9.0,0.0
PART-1-1,566,3.5,9.0,0.0
PART-1-1,567,4.0,9.0,0.0
PART-1-1,568,4.5,9.0,0.0
PART-1-1,569,5.0,9.0,0.0
PART-1-1,570,5.5,9.0,0.0
PART-1-1,571,6.0,9.0,0.0
PART-1-1,572,6.5,9.0,0.0
PART-1-1,573,7.0,9.0,0.0
PART-1-1,574,7.5,9.0,0.0
PART-1-1,575,8.0,9.0,0.0
PART-1-1,576,8.5,9.0,0.0
PART-1-1,577,9.0,9.0,0.0
PART-1-1,578,9.5,9.0,0.0
PART-1-1,579,10.0,9.0,0.0
PART-1-1,580,10.5,9.0,0.0
PART-1-1,581,11.0,9.0,0.0
PART-1-1,582,11.5,9.0,0.0
PART-1-1,583,12.0,9.0,0.0
PART-1-1,584,12.5,9.0,0.0
PART-1-1,585,13.0,9.0,0.0
PART-1-1,586,13.5,9.0,0.0
PART-1-1,587,14.0,9.0,0.0
PART-1-1,588,14.5,9.0,0.0
PART-1-1,589,15.0,9.0,0.0
PART-1-1,590,15.5,9.0,0.0
PART-1-1,591,16.0,9.0,0.0
PART-1-1,592,16.5,9.0,0.0
PART-1-1,593,17.0,9.0,0.0
PART-1-1,594,17.5,9.0,0.0
PART-1-1,595,18.0,9.0,0.0
PART-1-1,596,18.5,9.0,0.0
PART-1-1,597,19.0,9.0,0.0
PART-1-1,598,19.5,9.0,0.0
PART-1-1,599,20.0,9.0,0.0
PART-1-1,600,0.0,9.5,0.0
PART-1-1,601,1.0,9.5,0.0
PART-1-1,602,2.0,9.5,0.0
PART-1-1,603,3.0,9.5,0.0
PART-1-1,604,4.0,9.5,0.0
PART-1-1,605,5.0,9.5,0.0
PART-1-1,606,6.0,9.5,0.0
PART-1-1,607,7.0,9.5,0.0
PART-1-1,608,8.0,9.5,0.0
PART-1-1,609,9.0,9.5,0.0
PART-1-1,610,10.0,9.5,0.0
PART-1-1,611,11.0,9.5,0.0
PART-1-1,612,12.0,9.5,0.0
PART-1-1,613,13.0,9.5,0.0
PART-1-1,614,14.0,9.5,0.0
PART-1-1,615,15.0,9.5,0.0
PART-1-1,616,16.0,9.5,0.0
PART-1-1,617,17.0,9.5,0.0
PART-1-1,618,18.0,9.5,0.0
PART-1-1,619,19.0,9.5,0.0
PART-1-1,620,20.0,9.5,0.0
PART-1-1,621,0.0,10.0,0.0
PART-1-1,622,0.5,10.0,0.0
PART-1-1,623,1.0,10.0,0.0
PART-1-1,624,1.5,10.0,0.0
PART-1-1,625,2.0,10.0,0.0
PART-1-1,626,2.5,10.0,0.0
PART-1-1,627,3.0,10.0,0.0
PART-1-1,628,3.5,10.0,0.0
PART-1-1,629,4.0,10.0,0.0
PART-1-1,630,4.5,10.0,0.0
PART-1-1,631,5.0,10.0,0.0
PART-1-1,632,5.5,10.0,0.0
PART-1-1,633,6.0,10.0,0.0
PART-1-1,634,6.5,10.0,0.0
PART-1-1,635,7.0,10.0,0.0
PART-1-1,636,7.5,10.0,0.0
PART-1-1,637,8.0,10.0,0.0
PART-1-1,638,8.5,10.0,0.0
PART-1-1,639,9.0,10.0,0.0
PART-1-1,640,9.5,10.0,0.0
PART-1-1,641,10.0,10.0,0.0
PART-1-1,642,10.5,10.0,0.0
PART-1-1,643,11.0,10.0,0.0
PART-1-1,644,11.5,10.0,0.0
PART-1-1,645,12.0,10.0,0.0
PART-1-1,646,12.5,10.0,0.0
PART-1-1,647,13.0,10.0,0.0
PART-1-1,648,13.5,10.0,0.0
PART-1-1,649,14.0,10.0,0.0
PART-1-1,650,14.5,10.0,0.0
PART-1-1,651,15.0,10.0,0.0
PART-1-1,652,15.5,10.0,0.0
PART-1-1,653,16.0,10.0,0.0
PART-1-1,654,16.5,10.0,0.0
PART-1-1,655,17.0,10.0,0.0
PART-1-1,656,17.5,10.0,0.0
PART-1-1,657,18.0,10.0,0.0
PART-1-1,658,18.5,10.0,0.0
PART-1-1,659,19.0,10.0,0.0
PART-1-1,660,19.5,10.0,0.0
PART-1-1,661,20.0,10.0,0.0
