t,s_x0,s_x2,s_x4,s_x6,pp1,pp2
0,-0,-0,-0,-0,5,25
0.009999999776,0.002409429162,0.002379435919,0.001007162606,-0.0003922982542,5.366883301,25.26522412
0.01999999955,0.00472100532,0.004664029799,0.002001572273,-0.0007824839668,5.72321582,25.5344165
0.02999999933,0.006950556173,0.006868944376,0.002982917114,-0.001171300082,6.071001709,25.80716455
0.04500000179,0.01016403862,0.01004878372,0.004430001474,-0.001752361433,6.579234863,26.22176562
0.06750000268,0.01474540808,0.0145847838,0.006545370783,-0.002620437775,7.317637939,26.85359375
0.1012500003,0.02121118397,0.02098911755,0.009601276706,-0.003917514474,8.385859863,27.81814453
0.1512500048,0.03016345144,0.02985713758,0.01389983237,-0.005832996812,9.910331055,29.27313428
0.2012500018,0.0386042887,0.03821725339,0.01796652317,-0.0077446123,11.38989014,30.7497749
0.2512499988,0.04668870509,0.04622309596,0.02184177876,-0.009653848258,12.8398252,32.24211133
0.3012500107,0.05450932622,0.05396725551,0.02555732183,-0.01156114101,14.26890771,33.74665332
0.3512499928,0.06212574929,0.06150970921,0.02913796097,-0.0134665171,15.68257861,35.26117578
0.4012500048,0.0695806773,0.06889364437,0.03260442183,-0.01537019539,17.08480078,36.78438281
0.4512499869,0.07689815328,0.07614357338,0.03596994594,-0.01727124177,18.47721387,38.31475635
0.5012500286,0.08410228357,0.08328401611,0.03924872667,-0.01916989743,19.86206445,39.85173828
0.5512499809,0.09120920614,0.09033148304,0.04245132149,-0.02106598824,21.24066602,41.39471875
0.6012499928,0.0982314007,0.09729875192,0.04558650717,-0.02295933909,22.61400098,42.94320801
0.6512500048,0.105178784,0.1041960077,0.04866172314,-0.02484979354,23.98283496,44.49681055
0.7012500167,0.1120593952,0.1110314907,0.05168332473,-0.02673720628,25.34777539,46.05519238
0.7512500286,0.1188798355,0.117811981,0.05465681047,-0.02862144135,26.70930859,47.61807617
0.8012499809,0.1256455959,0.1245431037,0.05758698225,-0.03050236463,28.06783398,49.18521582
0.8512499928,0.1323613109,0.1312295975,0.0604780683,-0.03237985506,29.42368457,50.75640137
0.9012500048,0.1390309216,0.1378755005,0.06333383486,-0.03425378039,30.7771377,52.33144043
0.9512500167,0.1456578256,0.1444842549,0.06615767196,-0.03612401396,32.12842871,53.91016602
1,0.1520807476,0.1508948685,0.06888306454,-0.03794381082,33.44405078,55.45282031
1,0.1520807476,0.1508948685,0.06888306454,-0.03794381082,33.44405078,55.45282031
64203.10938,0.1564672025,0.1555642219,0.07174592033,-0.03758640647,31.74069922,56.4054707
100001,0.1587436231,0.1579564096,0.07324058876,-0.03737784981,30.77030664,56.91110547
100001,0.1587436231,0.1579564096,0.07324058876,-0.03737784981,30.77030664,56.91110547
135078.4766,0.1608417363,0.1601389082,0.07461928889,-0.03717647925,29.8325625,57.36929883
170155.9531,0.1628266604,0.1621833028,0.07592189625,-0.0369802384,28.91445801,57.78530664
205233.4375,0.1647055031,0.1640993388,0.07715379015,-0.03678954452,28.01738086,58.15256543
240310.9062,0.1664882334,0.1658999057,0.07832103536,-0.03660518735,27.14545117,58.46844141
275388.3906,0.1681828679,0.1675953747,0.07942863867,-0.03642761394,26.30199316,58.73131836
310465.875,0.1697966339,0.1691949995,0.08048115984,-0.03625709623,25.48983594,58.9408252
345543.3438,0.1713354172,0.1707065733,0.08148248062,-0.03609371617,24.71114648,59.09757422
380620.8125,0.1728049697,0.1721374275,0.08243640825,-0.03593734711,23.9674082,59.20299219
423978.7812,0.1745264711,0.1737965228,0.08355016575,-0.03575509846,23.10630469,59.25906543
467336.75,0.176159981,0.1753549905,0.08460368529,-0.03558197304,22.29804492,59.24641309
510694.7188,0.1777133824,0.1768229933,0.08560253248,-0.0354172109,21.54205371,59.1707627
563807.125,0.1795099111,0.1785029055,0.08675377384,-0.03522684112,20.69386035,58.99529688
616919.5312,0.1812084051,0.1800757082,0.0878394799,-0.0350450544,19.91425391,58.7478877
670031.9375,0.1828185202,0.1815537693,0.08886684046,-0.03487025261,19.19852734,58.43932422
740999.0625,0.184833336,0.1833855094,0.09015059784,-0.03464643717,18.34691602,57.94349219
811966.125,0.1867244424,0.1850907238,0.09135577396,-0.03442769184,17.58161719,57.38260645
882933.25,0.188504848,0.1866856398,0.09249241963,-0.03421164363,16.89218945,56.77424121
984991.3125,0.1908719124,0.1887919338,0.09400994644,-0.03390243336,16.03380908,55.84625684
1087049.312,0.1930664809,0.1907358052,0.09542665199,-0.03358871549,15.27895312,54.88923242
1189107.375,0.1951104732,0.1925413789,0.09675762371,-0.03326863482,14.61109229,53.92545117
1336486,0.1978006245,0.1949146421,0.09853438601,-0.03279146611,13.79291406,52.56768262
1483864.5,0.2002619089,0.1970877977,0.1001879753,-0.03229573428,13.08635303,51.2584541
1631243.125,0.2025251271,0.1990907969,0.1017368914,-0.03178198322,12.47141211,50.01170312
1814699.25,0.2050917776,0.2013716282,0.1035326751,-0.03112160846,11.82149951,48.57418262
1998155.375,0.2074343742,0.2034644814,0.1052119316,-0.03043856717,11.26148779,47.24297852
2181611.5,0.2095918985,0.2054027201,0.1067933174,-0.0297410997,10.77662256,46.01907031
2436122.75,0.2122853132,0.207841474,0.1088266106,-0.02875092685,10.21673828,44.51045703
2690633.75,0.2147260787,0.2100690039,0.1107213603,-0.02774568334,9.743822754,43.16424805
2945145,0.2169546516,0.212118137,0.1124959843,-0.02673319786,9.340929199,41.96284668
3323801,0.2198979886,0.2148503543,0.1149148302,-0.02522967443,8.858193848,40.44535156
3702457,0.2225350471,0.2173192532,0.1171427847,-0.02373979672,8.461584473,39.14143262
4081112.75,0.224919665,0.2195684941,0.1192058431,-0.02227420605,8.13175415,38.01563574
4659966.5,0.2281163217,0.2226093592,0.122045982,-0.0201118762,7.738847412,36.61530176
5238820.5,0.2309469761,0.2253217132,0.1246183173,-0.01803783014,7.424476318,35.45344092
5817674,0.2334884138,0.2277697356,0.1269647808,-0.01605903975,7.168685059,34.47802441
6685954.5,0.2368067236,0.2309838118,0.1300797494,-0.01330586862,6.875036133,33.31952246
7554235.5,0.2397228362,0.2338205905,0.1328524084,-0.01076038334,6.642644287,32.37549951
8879952,0.2434853347,0.2374963643,0.1364743145,-0.007307141681,6.379417725,31.27229834
10205669,0.2467187674,0.2406617583,0.1396042289,-0.004242745821,6.175908936,30.39680127
11531385,0.2495185466,0.2434084149,0.1423303069,-0.001518786197,6.013855469,29.68645654
13597240,0.2531040193,0.2469292165,0.1458302768,0.002049420367,5.825629395,28.84457764
15663096,0.2560794236,0.2498523028,0.1487372102,0.005053882825,5.680049316,28.18380811
17728951,0.2585647585,0.2522951545,0.1511680664,0.007593031845,5.564941406,27.65603418
21298683,0.2617926182,0.2554732145,0.1543409856,0.01095400691,5.423866455,27.00264844
24868415,0.2642482401,0.2578906001,0.1567534389,0.01353054248,5.321001221,26.52211279
28438145,0.2661400618,0.259750414,0.1586040886,0.01551615667,5.244963623,26.16492236
33438145,0.2680076243,0.261587757,0.1604343833,0.01749263645,5.172326904,25.82219678
38438145,0.2693340959,0.262893814,0.1617371769,0.01890761532,5.122208252,25.58479736
43438145,0.2702845217,0.2638295175,0.1626701833,0.01992540188,5.087279785,25.41878369
48438145,0.2709659816,0.2645005764,0.1633396925,0.02065853156,5.062622559,25.30125537
53438145,0.2714564087,0.2649837615,0.163822207,0.02118914888,5.04512793,25.21769434
58438145,0.2718105198,0.2653327765,0.1641709836,0.02157399744,5.03263208,25.15789111
63438145,0.2720671774,0.2655858876,0.1644242884,0.02185473532,5.023705811,25.11511865
68438145,0.2722538592,0.2657700361,0.1646086903,0.02205957599,5.017273193,25.08424072
73438145,0.2723905028,0.265904832,0.1647435309,0.02220940344,5.01263208,25.06192822
78438145,0.2724892081,0.2660023452,0.1648415954,0.02231909648,5.009255127,25.04568457
83438145,0.2725605549,0.2660726489,0.1649121822,0.02239888475,5.006772705,25.03371924
88438145,0.2726074638,0.266120124,0.1649623992,0.02245794177,5.004908447,25.02478564
93438145,0.2726481737,0.2661595227,0.1650003822,0.02249997609,5.003636719,25.01855176
98438145,0.2726741315,0.2661856891,0.1650277407,0.02253161684,5.002687744,25.01405176
100000001,0.2726816119,0.2661931397,0.1650353701,0.02254037686,5.002434082,25.01280225
