pset,soil,beta_deg,curve,hw_over_H,ours,paper,status,rel_diff,mechanism,eta_or_dH,theta1,theta2,L_over_H,at_bound,seed_spread,time_s
table1,London,30,vopt,0,inf,156.555,vertex,nan,,nan,nan,nan,nan,,nan,0.151495
table1,London,30,FE,0,inf,156.557,vertex,nan,,nan,nan,nan,nan,,nan,0.151495
table1,London,30,vopt,0.05,212.597,105.721,vertex,1.01093,I,0.0601122,0.931099,2.13212,0.000508609,,8.88178e-16,10.0699
table1,London,30,FE,0.05,124.696,86.891,vertex,0.435085,I,0.0814981,1.0235,2.12946,0.0122446,,6.66134e-16,6.62793
table1,London,30,vopt,0.1,106.299,77.484,vertex,0.37188,I,0.120224,0.931099,2.13212,0.00101722,,4.44089e-16,9.6786
table1,London,30,FE,0.1,62.1812,65.16,vertex,-0.0457152,I,0.163291,1.0235,2.12965,0.0246228,,1.11022e-15,7.41175
table1,London,30,vopt,0.2,53.1494,57.43,vertex,-0.0745365,I,0.240449,0.931099,2.13212,0.00203444,,0,10.4615
table1,London,30,FE,0.2,30.889,37.241,vertex,-0.170563,I,0.32789,1.02334,2.13017,0.0498273,,2.22045e-16,59.9675
table1,London,30,vopt,0.3,35.4329,40.818,vertex,-0.131929,I,0.360673,0.931099,2.13212,0.00305166,,3.33067e-15,78.5409
table1,London,30,FE,0.3,20.4306,24.861,vertex,-0.178206,I,0.494722,1.02339,2.13068,0.0759353,,2.22045e-16,11.7228
table1,London,30,vopt,0.4,26.5747,31.645,vertex,-0.160225,I,0.480897,0.931099,2.13212,0.00406887,,1.55431e-15,14.2039
table1,London,30,FE,0.4,15.1769,18.631,vertex,-0.185396,I,0.665289,1.02383,2.1311,0.103421,,6.66134e-16,11.4384
table1,London,30,vopt,0.5,21.2597,25.505,vertex,-0.166448,I,0.601122,0.931099,2.13212,0.0050861,,2.22045e-16,18.9679
table1,London,30,FE,0.5,11.995,15.204,vertex,-0.211066,I,0.844358,1.02564,2.13102,0.133732,,0,11.4196
table1,London,30,vopt,0.6,17.7165,21.379,vertex,-0.171315,I,0.721346,0.931099,2.13212,0.00610331,,1.11022e-15,18.8541
table1,London,30,FE,0.6,9.82829,13.024,vertex,-0.245371,I,1,1.01547,2.13643,0.155968,s=upper,6.66134e-16,10.8095
table1,London,30,vopt,0.7,15.1855,18.472,vertex,-0.177916,I,0.84157,0.931099,2.13212,0.00712053,,1.55431e-15,18.9079
table1,London,30,FE,0.7,8.52651,11.623,vertex,-0.266411,I,1,0.961362,2.15912,0.128035,s=lower,8.88178e-16,11.0092
table1,London,30,vopt,0.8,13.2873,16.31,vertex,-0.185325,I,0.961795,0.931099,2.13212,0.00813775,,1.33227e-15,18.9377
table1,London,30,FE,0.8,7.88833,10.889,vertex,-0.275569,I,1,0.926436,2.17115,0.104661,s=upper,1.77636e-15,11.0446
table1,London,30,vopt,0.9,11.9474,14.998,vertex,-0.203403,I,1,0.918893,2.13776,0.00456356,s=upper,1.55431e-15,17.8332
table1,London,30,FE,0.9,7.77008,10.547,vertex,-0.26329,I,1,0.915522,2.17231,0.0905035,s=lower,6.66134e-16,10.4167
table1,London,30,vopt,1,11.4631,14.521,vertex,-0.210585,I,1,0.925282,2.13309,0.0022379,s=upper,1.55431e-15,13.6961
table1,London,30,FE,1,8.14129,10.769,vertex,-0.244007,I,1,0.931576,2.16239,0.0887609,s=lower,2.22045e-16,9.54709
table1,London,60,vopt,0,12.986,17.949,vertex,-0.276504,I,1,0.76862,1.61892,0.220108,s=upper,4.44089e-16,0.685163
table1,London,60,FE,0,12.986,17.95,vertex,-0.276544,I,1,0.76862,1.61892,0.220108,s=upper,4.44089e-16,0.685163
table1,London,60,vopt,0.05,10.3603,15.034,vertex,-0.310878,I,1,0.853374,1.62101,0.281399,s=upper,6.66134e-16,15.9159
table1,London,60,FE,0.05,10.2011,14.896,vertex,-0.315177,I,1,0.848835,1.62171,0.278813,s=upper,2.22045e-16,10.1159
table1,London,60,vopt,0.1,8.72174,13.069,vertex,-0.332639,I,1,0.894778,1.63332,0.324983,s=lower,4.44089e-16,15.9881
table1,London,60,FE,0.1,8.37221,12.755,vertex,-0.343613,I,1,0.882871,1.63234,0.314902,s=lower,4.44089e-16,9.34847
table1,London,60,vopt,0.2,6.92533,10.683,vertex,-0.351743,I,1,0.921166,1.6723,0.388014,s=upper,4.44089e-16,16.4737
table1,London,60,FE,0.2,6.21378,9.909,vertex,-0.372916,I,1,0.890371,1.66173,0.351848,s=upper,2.22045e-16,10.1037
table1,London,60,vopt,0.3,6.09701,9.481,vertex,-0.356923,I,1,0.916534,1.71854,0.437445,s=upper,8.88178e-16,18.2689
table1,London,60,FE,0.3,5.02155,8.279,vertex,-0.39346,I,1,0.861904,1.69207,0.362914,s=upper,4.44089e-16,10.1956
table1,London,60,vopt,0.4,5.73626,8.886,vertex,-0.35446,I,1,0.83517,1.75134,0.409599,s=upper,2.22045e-16,19.5469
table1,London,60,FE,0.4,4.28813,7.163,vertex,-0.401349,I,1,0.8181,1.7192,0.359436,s=lower,0,9.75428
table1,London,60,vopt,0.5,5.48158,8.625,vertex,-0.364454,I,1,0.728979,1.77346,0.354517,s=lower,4.44089e-16,18.8431
table1,London,60,FE,0.5,3.81111,6.434,vertex,-0.407661,I,1,0.768214,1.74175,0.347357,s=lower,2.22045e-16,10.0814
table1,London,60,vopt,0.6,5.28306,8.47,vertex,-0.376262,I,1,0.594877,1.79006,0.281168,s=upper,0,18.5752
table1,London,60,FE,0.6,3.49793,5.952,vertex,-0.41231,I,1,0.718388,1.75916,0.330787,s=lower,2.22045e-16,10.11
table1,London,60,vopt,0.7,5.10438,8.307,vertex,-0.385533,I,1,0.434938,1.80276,0.19811,s=lower,1.33227e-15,18.4778
table1,London,60,FE,0.7,3.30335,5.632,vertex,-0.413468,I,1,0.674209,1.77105,0.31313,s=lower,0,10.3572
table1,London,60,vopt,0.8,4.94471,8.147,vertex,-0.393063,I,1,0.274256,1.81145,0.122008,s=lower,4.44089e-16,18.6784
table1,London,60,FE,0.8,3.20587,5.452,vertex,-0.411983,I,1,0.641793,1.7769,0.297604,s=lower,2.22045e-16,9.97059
table1,London,60,vopt,0.9,4.83645,8.05,vertex,-0.399198,I,1,0.15793,1.81334,0.0688717,s=upper,2.22045e-16,18.7505
table1,London,60,FE,0.9,3.19721,5.374,vertex,-0.40506,I,1,0.627509,1.77611,0.287257,s=upper,0,9.95547
table1,London,60,vopt,1,4.82789,8.045,vertex,-0.39989,I,1,0.112749,1.80459,0.0405124,s=upper,4.44089e-16,12.573
table1,London,60,FE,1,3.27083,5.412,vertex,-0.395635,I,1,0.635574,1.76853,0.284358,s=upper,2.22045e-16,8.65835
table1,Israeli,35,vopt,0,68.2478,229.319,extrapolated,-0.702389,I,1,0.95727,1.84212,0.125557,s=upper,4.44089e-16,0.897773
table1,Israeli,35,FE,0,68.2478,229.328,extrapolated,-0.702401,I,1,0.95727,1.84212,0.125557,s=upper,4.44089e-16,0.897773
table1,Israeli,35,vopt,0.05,52.4658,103.594,extrapolated,-0.493543,I,1,1.00533,1.85281,0.221227,s=lower,3.9968e-15,16.5522
table1,Israeli,35,FE,0.05,50.0829,94.7618,extrapolated,-0.471487,I,1,0.998754,1.85438,0.213957,s=upper,1.33227e-15,11.4245
table1,Israeli,35,vopt,0.1,43.3145,46.798,vertex,-0.0744365,I,1,1.02092,1.87436,0.294068,s=upper,6.66134e-16,17.4068
table1,Israeli,35,FE,0.1,38.0288,39.157,vertex,-0.0288116,I,1,1.00348,1.87622,0.268618,s=lower,2.88658e-15,10.6601
table1,Israeli,35,vopt,0.2,34.0344,33.493,vertex,0.0161649,I,1,0.968375,1.91957,0.30701,s=upper,1.33227e-15,19.4694
table1,Israeli,35,FE,0.2,24.7761,27.937,vertex,-0.113143,I,1,0.971022,1.92564,0.325652,s=upper,4.44089e-16,11.7107
table1,Israeli,35,vopt,0.3,27.8601,24.151,vertex,0.153581,I,1,0.890782,1.95585,0.261326,s=lower,1.33227e-15,19.6932
table1,Israeli,35,FE,0.3,18.1511,19.281,vertex,-0.0585992,I,1,0.918586,1.97116,0.343251,s=lower,4.44089e-16,10.1244
table1,Israeli,35,vopt,0.4,23.3099,18.757,vertex,0.242732,I,1,0.809613,1.988,0.207008,s=upper,1.9984e-15,19.119
table1,Israeli,35,FE,0.4,14.372,14.301,vertex,0.00496332,I,1,0.861351,2.00948,0.338546,s=lower,6.66134e-16,11.3462
table1,Israeli,35,vopt,0.5,19.8286,14.878,vertex,0.332746,I,1,0.730301,2.01738,0.15575,s=lower,6.66134e-16,19.5418
table1,Israeli,35,FE,0.5,12.038,11.775,vertex,0.0223383,I,1,0.805369,2.04037,0.32092,s=upper,4.44089e-16,11.3235
table1,Israeli,35,vopt,0.6,17.1518,12.719,vertex,0.348516,I,1,0.656715,2.04388,0.111771,s=lower,1.9984e-15,19.5366
table1,Israeli,35,FE,0.6,10.5459,9.766,vertex,0.0798599,I,1,0.75443,2.0641,0.296816,s=upper,2.22045e-16,10.3485
table1,Israeli,35,vopt,0.7,15.1244,10.862,vertex,0.392416,I,1,0.592578,2.06649,0.0762117,s=upper,1.11022e-15,18.7981
table1,Israeli,35,FE,0.7,9.60859,8.394,vertex,0.144697,I,1,0.712034,2.08083,0.271371,s=upper,4.44089e-16,10.5005
table1,Israeli,35,vopt,0.8,13.6554,9.462,vertex,0.443188,I,1,0.542697,2.08335,0.0493854,s=upper,1.11022e-15,19.4257
table1,Israeli,35,FE,0.8,9.0871,7.841,vertex,0.158921,I,1,0.682148,2.09036,0.249185,s=lower,4.44089e-16,11.3056
table1,Israeli,35,vopt,0.9,12.7098,8.807,vertex,0.443143,I,1,0.514032,2.0913,0.031425,s=upper,1.33227e-15,19.9391
table1,Israeli,35,FE,0.9,8.92413,7.477,vertex,0.193544,I,1,0.669255,2.09218,0.234572,s=lower,4.44089e-16,10.9061
table1,Israeli,35,vopt,1,12.317,8.563,vertex,0.438396,I,1,0.516471,2.08522,0.0223222,s=upper,0,12.9629
table1,Israeli,35,FE,1,9.10369,7.827,vertex,0.163114,I,1,0.677006,2.08577,0.231022,s=lower,1.33227e-15,10.1274
table1,Israeli,60,vopt,0,17.9495,12.986,vertex,0.382216,I,1,0.650231,1.59374,0.309343,s=upper,8.88178e-16,0.919516
table1,Israeli,60,FE,0,17.9495,12.986,vertex,0.382216,I,1,0.650231,1.59374,0.309343,s=upper,8.88178e-16,0.919516
table1,Israeli,60,vopt,0.05,15.0555,10.319,vertex,0.459006,I,1,0.723541,1.59407,0.367502,s=lower,4.44089e-16,15.713
table1,Israeli,60,FE,0.05,14.9008,10.177,vertex,0.464163,I,1,0.720462,1.59419,0.365115,s=upper,2.22045e-16,10.1718
table1,Israeli,60,vopt,0.1,13.0862,8.686,vertex,0.506585,I,1,0.761661,1.60372,0.409985,s=lower,8.88178e-16,15.2495
table1,Israeli,60,FE,0.1,12.7227,8.394,vertex,0.515684,I,1,0.753474,1.60138,0.400405,s=lower,0,9.95293
table1,Israeli,60,vopt,0.2,10.7178,6.905,vertex,0.552172,I,1,0.788595,1.63743,0.472673,s=lower,1.33227e-15,16.8155
table1,Israeli,60,FE,0.2,9.92059,6.197,vertex,0.60087,I,1,0.767136,1.62387,0.437594,s=upper,4.44089e-16,9.85638
table1,Israeli,60,vopt,0.3,9.48436,6.077,vertex,0.560697,I,1,0.786611,1.6798,0.522711,s=upper,4.44089e-16,17.0953
table1,Israeli,60,FE,0.3,8.24584,5.035,vertex,0.637705,I,1,0.748244,1.64869,0.449784,s=lower,2.22045e-16,9.80107
table1,Israeli,60,vopt,0.4,8.89247,5.716,vertex,0.555715,I,1,0.774723,1.72498,0.5697,s=upper,8.88178e-16,18.2872
table1,Israeli,60,FE,0.4,7.1636,4.28,vertex,0.673738,I,1,0.71508,1.6718,0.44788,s=upper,2.22045e-16,10.1008
table1,Israeli,60,vopt,0.5,8.67353,5.438,vertex,0.594986,I,1,0.683843,1.74478,0.509526,s=upper,4.44089e-16,19.6026
table1,Israeli,60,FE,0.5,6.43405,3.805,vertex,0.690946,I,1,0.675983,1.69167,0.43759,s=upper,4.44089e-16,10.5858
table1,Israeli,60,vopt,0.6,8.49107,5.258,vertex,0.614885,I,1,0.586058,1.75836,0.441539,s=lower,4.44089e-16,19.6161
table1,Israeli,60,FE,0.6,5.93888,3.486,vertex,0.703636,I,1,0.636246,1.70757,0.422801,s=upper,2.22045e-16,10.4831
table1,Israeli,60,vopt,0.7,8.34931,5.064,vertex,0.648757,I,1,0.465451,1.76727,0.357413,s=upper,6.66134e-16,20.4823
table1,Israeli,60,FE,0.7,5.61671,3.293,vertex,0.705651,I,1,0.600367,1.71897,0.406642,s=lower,2.22045e-16,10.4309
table1,Israeli,60,vopt,0.8,8.22344,4.891,vertex,0.681342,I,1,0.325641,1.7725,0.265739,s=lower,6.66134e-16,19.5035
table1,Israeli,60,FE,0.8,5.43652,3.199,vertex,0.699443,I,1,0.572959,1.72533,0.392025,s=upper,2.22045e-16,10.3644
table1,Israeli,60,vopt,0.9,8.12837,4.794,vertex,0.69553,I,1,0.189927,1.77331,0.182633,s=lower,8.88178e-16,18.4374
table1,Israeli,60,FE,0.9,5.38499,3.179,vertex,0.693927,I,1,0.558879,1.726,0.381709,s=upper,0,9.92861
table1,Israeli,60,vopt,1,8.12707,4.788,vertex,0.697382,I,1,0.0989007,1.76519,0.123593,s=upper,4.44089e-16,11.9834
table1,Israeli,60,FE,1,5.45392,3.235,vertex,0.68591,I,1,0.562076,1.72057,0.378036,s=upper,0,8.58647
