soil,beta_deg,curve,hw_over_H,Hcrit_m
London,30,vopt,0,inf
London,30,FE,0,inf
London,30,vopt,0.05,212.597
London,30,FE,0.05,124.696
London,30,vopt,0.1,106.299
London,30,FE,0.1,62.181
London,30,vopt,0.2,53.149
London,30,FE,0.2,30.889
London,30,vopt,0.3,35.433
London,30,FE,0.3,20.431
London,30,vopt,0.4,26.575
London,30,FE,0.4,15.177
London,30,vopt,0.5,21.260
London,30,FE,0.5,11.995
London,30,vopt,0.6,17.716
London,30,FE,0.6,9.828
London,30,vopt,0.7,15.186
London,30,FE,0.7,8.527
London,30,vopt,0.8,13.287
London,30,FE,0.8,7.888
London,30,vopt,0.9,11.947
London,30,FE,0.9,7.770
London,30,vopt,1,11.463
London,30,FE,1,8.141
London,60,vopt,0,12.986
London,60,FE,0,12.986
London,60,vopt,0.05,10.360
London,60,FE,0.05,10.201
London,60,vopt,0.1,8.722
London,60,FE,0.1,8.372
London,60,vopt,0.2,6.925
London,60,FE,0.2,6.214
London,60,vopt,0.3,6.097
London,60,FE,0.3,5.022
London,60,vopt,0.4,5.736
London,60,FE,0.4,4.288
London,60,vopt,0.5,5.482
London,60,FE,0.5,3.811
London,60,vopt,0.6,5.283
London,60,FE,0.6,3.498
London,60,vopt,0.7,5.104
London,60,FE,0.7,3.303
London,60,vopt,0.8,4.945
London,60,FE,0.8,3.206
London,60,vopt,0.9,4.836
London,60,FE,0.9,3.197
London,60,vopt,1,4.828
London,60,FE,1,3.271
Israeli,35,vopt,0,68.248
Israeli,35,FE,0,68.248
Israeli,35,vopt,0.05,52.466
Israeli,35,FE,0.05,50.083
Israeli,35,vopt,0.1,43.315
Israeli,35,FE,0.1,38.029
Israeli,35,vopt,0.2,34.034
Israeli,35,FE,0.2,24.776
Israeli,35,vopt,0.3,27.860
Israeli,35,FE,0.3,18.151
Israeli,35,vopt,0.4,23.310
Israeli,35,FE,0.4,14.372
Israeli,35,vopt,0.5,19.829
Israeli,35,FE,0.5,12.038
Israeli,35,vopt,0.6,17.152
Israeli,35,FE,0.6,10.546
Israeli,35,vopt,0.7,15.124
Israeli,35,FE,0.7,9.609
Israeli,35,vopt,0.8,13.655
Israeli,35,FE,0.8,9.087
Israeli,35,vopt,0.9,12.710
Israeli,35,FE,0.9,8.924
Israeli,35,vopt,1,12.317
Israeli,35,FE,1,9.104
Israeli,60,vopt,0,17.949
Israeli,60,FE,0,17.949
Israeli,60,vopt,0.05,15.055
Israeli,60,FE,0.05,14.901
Israeli,60,vopt,0.1,13.086
Israeli,60,FE,0.1,12.723
Israeli,60,vopt,0.2,10.718
Israeli,60,FE,0.2,9.921
Israeli,60,vopt,0.3,9.484
Israeli,60,FE,0.3,8.246
Israeli,60,vopt,0.4,8.892
Israeli,60,FE,0.4,7.164
Israeli,60,vopt,0.5,8.674
Israeli,60,FE,0.5,6.434
Israeli,60,vopt,0.6,8.491
Israeli,60,FE,0.6,5.939
Israeli,60,vopt,0.7,8.349
Israeli,60,FE,0.7,5.617
Israeli,60,vopt,0.8,8.223
Israeli,60,FE,0.8,5.437
Israeli,60,vopt,0.9,8.128
Israeli,60,FE,0.9,5.385
Israeli,60,vopt,1,8.127
Israeli,60,FE,1,5.454
