# J(u'_FE)/(k_h H^2 gamma_w^2), h_w = H, box left 50H / right 10H beyond the toe / depth 30H below the toe unless stated, P2 ref 1 quadtree mesh (fe_seepage.py); _d29: depth 29 H below the toe; _rO: right side 10 H beyond O
# alpha,beta_deg,paper_fig5_dashed,J_zero_lb,J_zero_b,J_zero_l,J_impermeable,J_zero_lb_d29,J_zero_lb_rO
1.000000,15.000000,0.586410,0.586326,0.586317,0.522435,0.520502,0.589181,0.507343
1.000000,20.000000,0.625620,0.625521,0.625511,0.565432,0.563448,0.628215,0.567961
1.000000,25.000000,0.658140,0.657975,0.657965,0.600026,0.598005,0.660579,0.613314
1.000000,30.000000,0.686060,0.685846,0.685835,0.629246,0.627196,0.688392,0.649924
1.000000,35.000000,0.710720,0.710464,0.710453,0.654781,0.652706,0.712971,0.680939
1.000000,40.000000,0.732960,0.732704,0.732692,0.677678,0.675581,0.735184,0.708131
1.000000,45.000000,0.753640,0.753173,0.753161,0.698636,0.696520,0.755632,0.732601
1.000000,50.000000,0.772760,0.772315,0.772303,0.718154,0.716020,0.774758,0.755087
1.000000,55.000000,0.791090,0.790470,0.790457,0.736605,0.734454,0.792900,0.776119
1.000000,60.000000,0.808480,0.807905,0.807892,0.754279,0.752111,0.810326,0.796093
1.000000,65.000000,0.825630,0.824851,0.824838,0.771420,0.769237,0.827264,0.815325
1.000000,70.000000,0.842150,0.841502,0.841488,0.788233,0.786034,0.843908,0.834077
1.000000,75.000000,0.859030,0.858038,0.858025,0.804906,0.802692,0.860439,0.852582
1.000000,80.000000,0.875770,0.874636,0.874622,0.821620,0.819390,0.877031,0.871048
1.000000,85.000000,0.892740,0.891464,0.891450,0.838549,0.836304,0.893856,0.889688
1.000000,90.000000,0.910370,0.908711,0.908697,0.855883,0.853622,0.911099,0.908711
2.000000,15.000000,0.402440,0.402385,0.402269,0.379338,0.374762,0.403502,0.354445
2.000000,20.000000,0.430310,0.430218,0.430094,0.408539,0.403920,0.431275,0.395444
2.000000,25.000000,0.452610,0.452508,0.452378,0.431584,0.426926,0.453532,0.425612
2.000000,30.000000,0.471230,0.471050,0.470916,0.450596,0.445903,0.472053,0.449468
2.000000,35.000000,0.487130,0.486922,0.486784,0.466785,0.462058,0.487911,0.469215
2.000000,40.000000,0.501060,0.500822,0.500682,0.480912,0.476155,0.501802,0.486107
2.000000,45.000000,0.513530,0.513235,0.513092,0.493494,0.488708,0.514208,0.500932
2.000000,50.000000,0.524860,0.524511,0.524366,0.504902,0.500089,0.525479,0.514219
2.000000,55.000000,0.535350,0.534918,0.534771,0.515414,0.510576,0.535881,0.526351
2.000000,60.000000,0.545090,0.544659,0.544509,0.525241,0.520379,0.545619,0.537614
2.000000,65.000000,0.554410,0.553908,0.553757,0.534563,0.529677,0.554865,0.548230
2.000000,70.000000,0.563230,0.562803,0.562650,0.543521,0.538612,0.563758,0.558381
2.000000,75.000000,0.572010,0.571472,0.571317,0.552245,0.547313,0.572424,0.568224
2.000000,80.000000,0.580760,0.580027,0.579870,0.560849,0.555894,0.580977,0.577893
2.000000,85.000000,0.589330,0.588576,0.588418,0.569443,0.564465,0.589525,0.587520
2.000000,90.000000,0.598200,0.597232,0.597072,0.578139,0.573139,0.598179,0.597232
4.000000,15.000000,0.280680,0.280600,0.280020,0.273543,0.266923,0.281010,0.250165
4.000000,20.000000,0.299620,0.299534,0.298928,0.292921,0.286302,0.299922,0.277564
4.000000,25.000000,0.314210,0.314103,0.313479,0.307735,0.301096,0.314480,0.297165
4.000000,30.000000,0.325940,0.325777,0.325139,0.319561,0.312896,0.326146,0.312216
4.000000,35.000000,0.335630,0.335431,0.334781,0.329319,0.322626,0.335796,0.324324
4.000000,40.000000,0.343810,0.343628,0.342968,0.337591,0.330871,0.343988,0.334410
4.000000,45.000000,0.350970,0.350748,0.350079,0.344769,0.338022,0.351106,0.343048
4.000000,50.000000,0.357380,0.357060,0.356383,0.351127,0.344356,0.357416,0.350624
4.000000,55.000000,0.363110,0.362763,0.362080,0.356868,0.350074,0.363118,0.357410
4.000000,60.000000,0.368350,0.368002,0.367313,0.362139,0.355322,0.368355,0.363602
4.000000,65.000000,0.373220,0.372897,0.372202,0.367062,0.360224,0.373249,0.369353
4.000000,70.000000,0.377850,0.377538,0.376837,0.371728,0.364868,0.377889,0.374779
4.000000,75.000000,0.382350,0.382006,0.381300,0.376218,0.369338,0.382356,0.379980
4.000000,80.000000,0.386870,0.386366,0.385655,0.380599,0.373698,0.386715,0.385036
4.000000,85.000000,0.391200,0.390683,0.389966,0.384935,0.378013,0.391031,0.390025
4.000000,90.000000,0.395650,0.395018,0.394296,0.389289,0.382345,0.395365,0.395018
10.000000,15.000000,0.176450,0.176369,0.174570,0.175474,0.168634,0.176446,0.158949
10.000000,20.000000,0.187020,0.186900,0.185054,0.186074,0.179247,0.186972,0.174392
10.000000,25.000000,0.194660,0.194518,0.192637,0.193731,0.186890,0.194588,0.184905
10.000000,30.000000,0.200480,0.200319,0.198411,0.199556,0.192696,0.200387,0.192638
10.000000,35.000000,0.205130,0.204922,0.202991,0.204176,0.197295,0.204988,0.198638
10.000000,40.000000,0.208880,0.208701,0.206752,0.207968,0.201068,0.208767,0.203493
10.000000,45.000000,0.212150,0.211897,0.209932,0.211174,0.204255,0.211962,0.207550
10.000000,50.000000,0.214970,0.214666,0.212686,0.213951,0.207014,0.214730,0.211032
10.000000,55.000000,0.217420,0.217124,0.215132,0.216417,0.209463,0.217188,0.214102
10.000000,60.000000,0.219640,0.219345,0.217341,0.218643,0.211674,0.219408,0.216863
10.000000,65.000000,0.221650,0.221394,0.219380,0.220698,0.213714,0.221457,0.219395
10.000000,70.000000,0.223560,0.223314,0.221290,0.222622,0.215625,0.223377,0.221758
10.000000,75.000000,0.225390,0.225145,0.223111,0.224458,0.217446,0.225207,0.224002
10.000000,80.000000,0.227300,0.226914,0.224871,0.226232,0.219206,0.226977,0.226164
10.000000,85.000000,0.229000,0.228653,0.226601,0.227975,0.220935,0.228715,0.228282
10.000000,90.000000,0.230910,0.230387,0.228325,0.229713,0.222659,0.230449,0.230387
