alpha,curve,beta_deg,value
1,J_FE,15.0000,0.58641
1,J_FE,15.7491,0.59286
1,J_FE,16.1237,0.59603
1,J_FE,16.5002,0.59907
1,J_FE,17.2493,0.60510
1,J_FE,17.6239,0.60798
1,J_FE,18.0004,0.61093
1,J_FE,18.3750,0.61372
1,J_FE,18.7496,0.61660
1,J_FE,19.4987,0.62205
1,J_FE,20.6243,0.63005
1,J_FE,21.3754,0.63508
1,J_FE,21.7480,0.63758
1,J_FE,22.1245,0.64012
1,J_FE,22.5011,0.64258
1,J_FE,22.8757,0.64495
1,J_FE,23.2482,0.64733
1,J_FE,23.6248,0.64970
1,J_FE,24.3759,0.65432
1,J_FE,24.7504,0.65657
1,J_FE,25.1230,0.65890
1,J_FE,25.4995,0.66107
1,J_FE,25.8741,0.66332
1,J_FE,26.2506,0.66540
1,J_FE,26.6232,0.66756
1,J_FE,26.9978,0.66973
1,J_FE,27.7489,0.67393
1,J_FE,28.1254,0.67597
1,J_FE,28.4980,0.67810
1,J_FE,28.8745,0.68005
1,J_FE,29.6256,0.68409
1,J_FE,30.0002,0.68605
1,J_FE,30.3728,0.68801
1,J_FE,30.7493,0.68984
1,J_FE,31.1239,0.69188
1,J_FE,31.5004,0.69371
1,J_FE,31.8770,0.69559
1,J_FE,32.2475,0.69742
1,J_FE,32.6241,0.69929
1,J_FE,33.3752,0.70296
1,J_FE,33.7478,0.70475
1,J_FE,34.1243,0.70650
1,J_FE,34.4989,0.70841
1,J_FE,34.8754,0.71016
1,J_FE,35.2520,0.71183
1,J_FE,35.6225,0.71358
1,J_FE,35.9991,0.71524
1,J_FE,36.3756,0.71707
1,J_FE,36.7502,0.71870
1,J_FE,37.1267,0.72036
1,J_FE,37.4993,0.72207
1,J_FE,37.8739,0.72374
1,J_FE,38.2504,0.72536
1,J_FE,38.6250,0.72702
1,J_FE,38.9975,0.72865
1,J_FE,40.4997,0.73510
1,J_FE,40.8723,0.73660
1,J_FE,41.2489,0.73814
1,J_FE,42.3765,0.74301
1,J_FE,42.7471,0.74456
1,J_FE,43.8747,0.74893
1,J_FE,44.2513,0.75051
1,J_FE,44.6238,0.75209
1,J_FE,44.9984,0.75363
1,J_FE,45.3750,0.75497
1,J_FE,45.7515,0.75651
1,J_FE,46.1221,0.75784
1,J_FE,46.4986,0.75938
1,J_FE,46.8752,0.76084
1,J_FE,47.2497,0.76217
1,J_FE,47.6263,0.76371
1,J_FE,47.9988,0.76521
1,J_FE,48.3734,0.76658
1,J_FE,48.7500,0.76792
1,J_FE,49.5011,0.77087
1,J_FE,49.8736,0.77233
1,J_FE,50.2482,0.77358
1,J_FE,50.6247,0.77499
1,J_FE,51.0013,0.77653
1,J_FE,51.3718,0.77787
1,J_FE,51.7484,0.77912
1,J_FE,52.4995,0.78195
1,J_FE,52.8761,0.78328
1,J_FE,53.2486,0.78465
1,J_FE,54.3743,0.78865
1,J_FE,54.7508,0.79019
1,J_FE,55.1234,0.79153
1,J_FE,55.4979,0.79294
1,J_FE,55.8745,0.79427
1,J_FE,56.2510,0.79540
1,J_FE,56.6256,0.79665
1,J_FE,56.9982,0.79790
1,J_FE,57.3747,0.79931
1,J_FE,58.1258,0.80198
1,J_FE,58.4984,0.80323
1,J_FE,58.8729,0.80448
1,J_FE,60.0006,0.80847
1,J_FE,60.3732,0.80981
1,J_FE,60.7497,0.81105
1,J_FE,61.1243,0.81247
1,J_FE,61.5008,0.81351
1,J_FE,61.8754,0.81484
1,J_FE,62.2479,0.81609
1,J_FE,62.6245,0.81743
1,J_FE,62.9990,0.81855
1,J_FE,63.3756,0.82001
1,J_FE,63.7482,0.82134
1,J_FE,64.1227,0.82267
1,J_FE,65.2504,0.82646
1,J_FE,65.6229,0.82788
1,J_FE,66.7506,0.83167
1,J_FE,67.1251,0.83279
1,J_FE,67.4977,0.83371
1,J_FE,67.8743,0.83496
1,J_FE,68.2488,0.83641
1,J_FE,68.6254,0.83766
1,J_FE,68.9999,0.83899
1,J_FE,69.3725,0.84020
1,J_FE,69.7490,0.84145
1,J_FE,70.1236,0.84249
1,J_FE,70.5001,0.84370
1,J_FE,70.8727,0.84516
1,J_FE,71.2493,0.84628
1,J_FE,71.6238,0.84761
1,J_FE,72.0004,0.84945
1,J_FE,72.3749,0.85028
1,J_FE,72.7475,0.85190
1,J_FE,73.1240,0.85278
1,J_FE,73.4986,0.85411
1,J_FE,74.2517,0.85665
1,J_FE,74.6223,0.85765
1,J_FE,74.9988,0.85902
1,J_FE,75.3754,0.86027
1,J_FE,75.7499,0.86136
1,J_FE,76.1265,0.86273
1,J_FE,76.4990,0.86373
1,J_FE,76.8736,0.86489
1,J_FE,77.2501,0.86639
1,J_FE,77.6247,0.86764
1,J_FE,77.9973,0.86935
1,J_FE,78.7503,0.87197
1,J_FE,79.1249,0.87339
1,J_FE,79.5015,0.87464
1,J_FE,79.8740,0.87535
1,J_FE,80.2486,0.87660
1,J_FE,80.6251,0.87814
1,J_FE,80.9997,0.87922
1,J_FE,81.3762,0.88047
1,J_FE,81.7488,0.88172
1,J_FE,82.1234,0.88272
1,J_FE,82.4999,0.88388
1,J_FE,82.8745,0.88584
1,J_FE,83.2470,0.88626
1,J_FE,83.6236,0.88788
1,J_FE,84.3747,0.89067
1,J_FE,84.7512,0.89159
1,J_FE,85.1218,0.89329
1,J_FE,85.4983,0.89425
1,J_FE,85.8749,0.89571
1,J_FE,86.2495,0.89704
1,J_FE,86.6260,0.89812
1,J_FE,86.9986,0.89925
1,J_FE,87.3731,0.90041
1,J_FE,87.7497,0.90204
1,J_FE,88.1242,0.90329
1,J_FE,88.5008,0.90470
1,J_FE,88.8733,0.90587
1,J_FE,89.2499,0.90737
1,J_FE,89.6244,0.90853
1,J_FE,90.0010,0.91037
1,minus_Jstar_opt,15.0000,0.33815
1,minus_Jstar_opt,15.3746,0.34123
1,minus_Jstar_opt,16.1237,0.34727
1,minus_Jstar_opt,16.5002,0.35014
1,minus_Jstar_opt,16.8748,0.35306
1,minus_Jstar_opt,17.6239,0.35868
1,minus_Jstar_opt,18.3750,0.36413
1,minus_Jstar_opt,18.7496,0.36680
1,minus_Jstar_opt,19.8752,0.37458
1,minus_Jstar_opt,20.2498,0.37708
1,minus_Jstar_opt,21.3754,0.38445
1,minus_Jstar_opt,21.7480,0.38683
1,minus_Jstar_opt,22.8757,0.39378
1,minus_Jstar_opt,23.2482,0.39607
1,minus_Jstar_opt,23.6248,0.39832
1,minus_Jstar_opt,24.7504,0.40481
1,minus_Jstar_opt,25.1230,0.40694
1,minus_Jstar_opt,25.8741,0.41114
1,minus_Jstar_opt,26.2506,0.41318
1,minus_Jstar_opt,26.6232,0.41518
1,minus_Jstar_opt,26.9978,0.41722
1,minus_Jstar_opt,28.1254,0.42309
1,minus_Jstar_opt,28.4980,0.42501
1,minus_Jstar_opt,29.6256,0.43067
1,minus_Jstar_opt,30.0002,0.43251
1,minus_Jstar_opt,30.3728,0.43430
1,minus_Jstar_opt,30.7493,0.43613
1,minus_Jstar_opt,31.8770,0.44137
1,minus_Jstar_opt,32.2475,0.44312
1,minus_Jstar_opt,33.3752,0.44816
1,minus_Jstar_opt,33.7478,0.44987
1,minus_Jstar_opt,35.2520,0.45628
1,minus_Jstar_opt,35.6225,0.45782
1,minus_Jstar_opt,35.9991,0.45945
1,minus_Jstar_opt,36.7502,0.46253
1,minus_Jstar_opt,37.1267,0.46398
1,minus_Jstar_opt,37.4993,0.46553
1,minus_Jstar_opt,38.6250,0.46994
1,minus_Jstar_opt,38.9975,0.47144
1,minus_Jstar_opt,40.4997,0.47702
1,minus_Jstar_opt,40.8723,0.47843
1,minus_Jstar_opt,41.2489,0.47977
1,minus_Jstar_opt,41.6234,0.48114
1,minus_Jstar_opt,42.3765,0.48381
1,minus_Jstar_opt,42.7471,0.48514
1,minus_Jstar_opt,43.5002,0.48772
1,minus_Jstar_opt,44.2513,0.49026
1,minus_Jstar_opt,44.6238,0.49151
1,minus_Jstar_opt,45.3750,0.49405
1,minus_Jstar_opt,45.7515,0.49521
1,minus_Jstar_opt,46.1221,0.49651
1,minus_Jstar_opt,47.6263,0.50125
1,minus_Jstar_opt,47.9988,0.50238
1,minus_Jstar_opt,48.3734,0.50358
1,minus_Jstar_opt,49.5011,0.50692
1,minus_Jstar_opt,49.8736,0.50804
1,minus_Jstar_opt,50.2482,0.50916
1,minus_Jstar_opt,50.6247,0.51021
1,minus_Jstar_opt,51.0013,0.51133
1,minus_Jstar_opt,51.3718,0.51241
1,minus_Jstar_opt,52.1249,0.51458
1,minus_Jstar_opt,52.4995,0.51554
1,minus_Jstar_opt,52.8761,0.51658
1,minus_Jstar_opt,53.2486,0.51766
1,minus_Jstar_opt,53.6232,0.51862
1,minus_Jstar_opt,53.9997,0.51966
1,minus_Jstar_opt,54.7508,0.52166
1,minus_Jstar_opt,55.1234,0.52261
1,minus_Jstar_opt,56.2510,0.52557
1,minus_Jstar_opt,56.6256,0.52649
1,minus_Jstar_opt,56.9982,0.52744
1,minus_Jstar_opt,58.1258,0.53019
1,minus_Jstar_opt,58.4984,0.53111
1,minus_Jstar_opt,59.6240,0.53382
1,minus_Jstar_opt,60.0006,0.53465
1,minus_Jstar_opt,60.3732,0.53556
1,minus_Jstar_opt,61.8754,0.53894
1,minus_Jstar_opt,62.2479,0.53977
1,minus_Jstar_opt,62.9990,0.54144
1,minus_Jstar_opt,63.3756,0.54223
1,minus_Jstar_opt,63.7482,0.54306
1,minus_Jstar_opt,64.4993,0.54460
1,minus_Jstar_opt,64.8758,0.54543
1,minus_Jstar_opt,65.2504,0.54622
1,minus_Jstar_opt,65.6229,0.54697
1,minus_Jstar_opt,66.3740,0.54851
1,minus_Jstar_opt,66.7506,0.54922
1,minus_Jstar_opt,67.1251,0.55001
1,minus_Jstar_opt,67.4977,0.55076
1,minus_Jstar_opt,67.8743,0.55147
1,minus_Jstar_opt,68.2488,0.55222
1,minus_Jstar_opt,68.9999,0.55364
1,minus_Jstar_opt,69.3725,0.55443
1,minus_Jstar_opt,70.5001,0.55651
1,minus_Jstar_opt,70.8727,0.55722
1,minus_Jstar_opt,72.0004,0.55930
1,minus_Jstar_opt,72.3749,0.55992
1,minus_Jstar_opt,72.7475,0.56063
1,minus_Jstar_opt,73.1240,0.56134
1,minus_Jstar_opt,73.4986,0.56196
1,minus_Jstar_opt,74.2517,0.56338
1,minus_Jstar_opt,74.6223,0.56400
1,minus_Jstar_opt,74.9988,0.56471
1,minus_Jstar_opt,75.3754,0.56534
1,minus_Jstar_opt,76.1265,0.56675
1,minus_Jstar_opt,76.4990,0.56738
1,minus_Jstar_opt,77.2501,0.56875
1,minus_Jstar_opt,77.6247,0.56942
1,minus_Jstar_opt,77.9973,0.57008
1,minus_Jstar_opt,79.5015,0.57292
1,minus_Jstar_opt,79.8740,0.57358
1,minus_Jstar_opt,80.6251,0.57500
1,minus_Jstar_opt,80.9997,0.57575
1,minus_Jstar_opt,81.3762,0.57645
1,minus_Jstar_opt,81.7488,0.57725
1,minus_Jstar_opt,82.4999,0.57862
1,minus_Jstar_opt,82.8745,0.57941
1,minus_Jstar_opt,83.2470,0.58004
1,minus_Jstar_opt,84.3747,0.58216
1,minus_Jstar_opt,84.7512,0.58278
1,minus_Jstar_opt,85.1218,0.58349
1,minus_Jstar_opt,85.8749,0.58474
1,minus_Jstar_opt,86.2495,0.58545
1,minus_Jstar_opt,86.6260,0.58607
1,minus_Jstar_opt,86.9986,0.58661
1,minus_Jstar_opt,88.1242,0.58849
1,minus_Jstar_opt,88.5008,0.58907
1,minus_Jstar_opt,88.8733,0.58965
1,minus_Jstar_opt,89.2499,0.59028
1,minus_Jstar_opt,90.0010,0.59140
2,J_FE,14.9998,0.40244
2,J_FE,15.3743,0.40480
2,J_FE,15.7509,0.40710
2,J_FE,16.1274,0.40932
2,J_FE,16.4980,0.41156
2,J_FE,16.8745,0.41372
2,J_FE,17.6256,0.41795
2,J_FE,18.0022,0.41996
2,J_FE,18.3748,0.42197
2,J_FE,18.7493,0.42398
2,J_FE,19.5004,0.42780
2,J_FE,19.8730,0.42966
2,J_FE,20.2495,0.43156
2,J_FE,20.6241,0.43334
2,J_FE,21.0007,0.43514
2,J_FE,21.3752,0.43692
2,J_FE,21.7478,0.43864
2,J_FE,22.1243,0.44033
2,J_FE,22.8754,0.44368
2,J_FE,23.2520,0.44529
2,J_FE,23.6226,0.44692
2,J_FE,24.3757,0.45007
2,J_FE,24.7502,0.45155
2,J_FE,25.1228,0.45313
2,J_FE,26.2504,0.45756
2,J_FE,26.6270,0.45899
2,J_FE,26.9976,0.46044
2,J_FE,27.3741,0.46181
2,J_FE,27.7507,0.46324
2,J_FE,28.1252,0.46461
2,J_FE,28.5018,0.46592
2,J_FE,28.8743,0.46726
2,J_FE,29.2489,0.46863
2,J_FE,29.6254,0.46995
2,J_FE,30.3765,0.47251
2,J_FE,30.7491,0.47368
2,J_FE,31.1257,0.47499
2,J_FE,31.5002,0.47618
2,J_FE,31.8768,0.47741
2,J_FE,32.2493,0.47863
2,J_FE,33.3750,0.48216
2,J_FE,33.7515,0.48330
2,J_FE,34.1241,0.48446
2,J_FE,34.4987,0.48563
2,J_FE,34.8752,0.48676
2,J_FE,35.6263,0.48892
2,J_FE,35.9989,0.49000
2,J_FE,36.3734,0.49117
2,J_FE,36.7500,0.49216
2,J_FE,37.5011,0.49431
2,J_FE,37.8737,0.49533
2,J_FE,38.2502,0.49633
2,J_FE,38.6248,0.49735
2,J_FE,39.0013,0.49834
2,J_FE,39.3739,0.49936
2,J_FE,39.7484,0.50041
2,J_FE,40.4996,0.50236
2,J_FE,40.8761,0.50329
2,J_FE,41.2487,0.50422
2,J_FE,41.6252,0.50519
2,J_FE,41.9998,0.50624
2,J_FE,42.7509,0.50810
2,J_FE,43.1234,0.50903
2,J_FE,43.5000,0.50985
2,J_FE,43.8746,0.51072
2,J_FE,44.2511,0.51172
2,J_FE,44.6237,0.51265
2,J_FE,44.9982,0.51352
2,J_FE,45.3748,0.51437
2,J_FE,45.7513,0.51530
2,J_FE,46.1259,0.51609
2,J_FE,46.4984,0.51696
2,J_FE,46.8750,0.51790
2,J_FE,47.2496,0.51868
2,J_FE,47.6261,0.51956
2,J_FE,48.0007,0.52040
2,J_FE,48.3732,0.52128
2,J_FE,48.7498,0.52200
2,J_FE,49.1243,0.52285
2,J_FE,49.8754,0.52460
2,J_FE,50.2480,0.52536
2,J_FE,50.6246,0.52614
2,J_FE,50.9991,0.52708
2,J_FE,51.3757,0.52781
2,J_FE,51.7482,0.52848
2,J_FE,52.1248,0.52932
2,J_FE,53.2504,0.53168
2,J_FE,53.6230,0.53244
2,J_FE,53.9996,0.53320
2,J_FE,54.3741,0.53398
2,J_FE,54.7507,0.53486
2,J_FE,55.1272,0.53559
2,J_FE,55.4978,0.53643
2,J_FE,55.8743,0.53716
2,J_FE,56.6254,0.53844
2,J_FE,56.9980,0.53917
2,J_FE,57.7491,0.54075
2,J_FE,58.1257,0.54148
2,J_FE,58.5022,0.54212
2,J_FE,58.8728,0.54285
2,J_FE,59.6259,0.54433
2,J_FE,60.0004,0.54509
2,J_FE,60.3770,0.54573
2,J_FE,60.7496,0.54646
2,J_FE,61.1241,0.54731
2,J_FE,61.5007,0.54786
2,J_FE,61.8752,0.54853
2,J_FE,62.2518,0.54926
2,J_FE,62.6243,0.54996
2,J_FE,62.9989,0.55060
2,J_FE,63.3754,0.55139
2,J_FE,63.7500,0.55206
2,J_FE,64.1226,0.55281
2,J_FE,65.2502,0.55485
2,J_FE,65.6228,0.55558
2,J_FE,65.9973,0.55628
2,J_FE,66.3739,0.55692
2,J_FE,67.1250,0.55829
2,J_FE,67.4976,0.55873
2,J_FE,67.8741,0.55937
2,J_FE,68.2487,0.56019
2,J_FE,68.6252,0.56083
2,J_FE,69.0018,0.56156
2,J_FE,69.3724,0.56220
2,J_FE,69.7489,0.56290
2,J_FE,70.1255,0.56340
2,J_FE,70.5000,0.56404
2,J_FE,70.8726,0.56477
2,J_FE,71.2491,0.56544
2,J_FE,71.6237,0.56608
2,J_FE,72.0002,0.56701
2,J_FE,72.3748,0.56750
2,J_FE,72.7474,0.56844
2,J_FE,73.1239,0.56887
2,J_FE,73.4985,0.56957
2,J_FE,73.8750,0.57022
2,J_FE,74.2516,0.57089
2,J_FE,74.6241,0.57132
2,J_FE,75.3752,0.57269
2,J_FE,75.7498,0.57328
2,J_FE,76.1263,0.57403
2,J_FE,76.4989,0.57453
2,J_FE,76.8735,0.57511
2,J_FE,77.2500,0.57593
2,J_FE,77.6246,0.57657
2,J_FE,77.9971,0.57744
2,J_FE,78.3737,0.57814
2,J_FE,78.7482,0.57887
2,J_FE,79.1248,0.57957
2,J_FE,79.5013,0.58018
2,J_FE,79.8719,0.58053
2,J_FE,80.2485,0.58118
2,J_FE,80.6250,0.58190
2,J_FE,80.9996,0.58246
2,J_FE,81.3761,0.58310
2,J_FE,81.7487,0.58374
2,J_FE,82.1232,0.58421
2,J_FE,82.4998,0.58482
2,J_FE,82.8743,0.58604
2,J_FE,83.2509,0.58607
2,J_FE,83.6235,0.58683
2,J_FE,84.0000,0.58765
2,J_FE,84.3746,0.58820
2,J_FE,84.7511,0.58867
2,J_FE,85.1237,0.58966
2,J_FE,85.4982,0.59015
2,J_FE,85.8748,0.59088
2,J_FE,86.2494,0.59158
2,J_FE,86.6259,0.59205
2,J_FE,86.9985,0.59254
2,J_FE,87.3730,0.59316
2,J_FE,87.7496,0.59403
2,J_FE,88.5007,0.59528
2,J_FE,88.8732,0.59592
2,J_FE,89.2498,0.59668
2,J_FE,89.6244,0.59721
2,J_FE,90.0009,0.59820
2,minus_Jstar_opt,14.9998,0.22977
2,minus_Jstar_opt,15.3743,0.23187
2,minus_Jstar_opt,15.7509,0.23394
2,minus_Jstar_opt,16.1274,0.23595
2,minus_Jstar_opt,16.4980,0.23793
2,minus_Jstar_opt,16.8745,0.23994
2,minus_Jstar_opt,18.0022,0.24568
2,minus_Jstar_opt,18.3748,0.24755
2,minus_Jstar_opt,18.7493,0.24935
2,minus_Jstar_opt,19.1259,0.25122
2,minus_Jstar_opt,19.5004,0.25300
2,minus_Jstar_opt,19.8730,0.25475
2,minus_Jstar_opt,20.2495,0.25652
2,minus_Jstar_opt,21.0007,0.25996
2,minus_Jstar_opt,21.3752,0.26163
2,minus_Jstar_opt,21.7478,0.26329
2,minus_Jstar_opt,22.1243,0.26489
2,minus_Jstar_opt,22.8754,0.26813
2,minus_Jstar_opt,23.2520,0.26970
2,minus_Jstar_opt,23.6226,0.27127
2,minus_Jstar_opt,23.9991,0.27285
2,minus_Jstar_opt,24.7502,0.27588
2,minus_Jstar_opt,25.1228,0.27739
2,minus_Jstar_opt,25.8739,0.28034
2,minus_Jstar_opt,26.2504,0.28177
2,minus_Jstar_opt,26.6270,0.28322
2,minus_Jstar_opt,26.9976,0.28465
2,minus_Jstar_opt,27.3741,0.28602
2,minus_Jstar_opt,27.7507,0.28745
2,minus_Jstar_opt,28.5018,0.29019
2,minus_Jstar_opt,28.8743,0.29156
2,minus_Jstar_opt,30.3765,0.29687
2,minus_Jstar_opt,30.7491,0.29815
2,minus_Jstar_opt,31.8768,0.30197
2,minus_Jstar_opt,32.2493,0.30319
2,minus_Jstar_opt,32.6239,0.30441
2,minus_Jstar_opt,33.7515,0.30809
2,minus_Jstar_opt,34.1241,0.30925
2,minus_Jstar_opt,35.2498,0.31281
2,minus_Jstar_opt,35.6263,0.31392
2,minus_Jstar_opt,35.9989,0.31511
2,minus_Jstar_opt,37.1265,0.31849
2,minus_Jstar_opt,37.5011,0.31957
2,minus_Jstar_opt,37.8737,0.32068
2,minus_Jstar_opt,39.0013,0.32391
2,minus_Jstar_opt,39.3739,0.32496
2,minus_Jstar_opt,39.7484,0.32604
2,minus_Jstar_opt,40.8761,0.32913
2,minus_Jstar_opt,41.2487,0.33015
2,minus_Jstar_opt,41.6252,0.33117
2,minus_Jstar_opt,42.7509,0.33412
2,minus_Jstar_opt,43.1234,0.33511
2,minus_Jstar_opt,43.8746,0.33706
2,minus_Jstar_opt,44.2511,0.33799
2,minus_Jstar_opt,44.6237,0.33893
2,minus_Jstar_opt,44.9982,0.33989
2,minus_Jstar_opt,45.7513,0.34175
2,minus_Jstar_opt,46.1259,0.34266
2,minus_Jstar_opt,46.4984,0.34359
2,minus_Jstar_opt,48.0007,0.34712
2,minus_Jstar_opt,48.3732,0.34799
2,minus_Jstar_opt,48.7498,0.34887
2,minus_Jstar_opt,49.8754,0.35137
2,minus_Jstar_opt,50.2480,0.35222
2,minus_Jstar_opt,51.3757,0.35472
2,minus_Jstar_opt,51.7482,0.35548
2,minus_Jstar_opt,53.2504,0.35863
2,minus_Jstar_opt,53.6230,0.35942
2,minus_Jstar_opt,53.9996,0.36020
2,minus_Jstar_opt,55.1272,0.36239
2,minus_Jstar_opt,55.4978,0.36315
2,minus_Jstar_opt,56.2509,0.36461
2,minus_Jstar_opt,56.6254,0.36531
2,minus_Jstar_opt,56.9980,0.36603
2,minus_Jstar_opt,58.5022,0.36877
2,minus_Jstar_opt,58.8728,0.36947
2,minus_Jstar_opt,59.2493,0.37011
2,minus_Jstar_opt,59.6259,0.37078
2,minus_Jstar_opt,60.3770,0.37207
2,minus_Jstar_opt,60.7496,0.37274
2,minus_Jstar_opt,61.1241,0.37338
2,minus_Jstar_opt,61.5007,0.37399
2,minus_Jstar_opt,61.8752,0.37460
2,minus_Jstar_opt,62.2518,0.37519
2,minus_Jstar_opt,62.6243,0.37583
2,minus_Jstar_opt,63.7500,0.37761
2,minus_Jstar_opt,64.1226,0.37819
2,minus_Jstar_opt,64.8737,0.37935
2,minus_Jstar_opt,65.2502,0.37991
2,minus_Jstar_opt,65.6228,0.38049
2,minus_Jstar_opt,67.1250,0.38265
2,minus_Jstar_opt,67.4976,0.38320
2,minus_Jstar_opt,67.8741,0.38367
2,minus_Jstar_opt,68.2487,0.38422
2,minus_Jstar_opt,68.6252,0.38472
2,minus_Jstar_opt,69.0018,0.38524
2,minus_Jstar_opt,69.3724,0.38574
2,minus_Jstar_opt,70.5000,0.38720
2,minus_Jstar_opt,70.8726,0.38766
2,minus_Jstar_opt,71.6237,0.38862
2,minus_Jstar_opt,72.3748,0.38953
2,minus_Jstar_opt,72.7474,0.38999
2,minus_Jstar_opt,74.2516,0.39177
2,minus_Jstar_opt,74.6241,0.39221
2,minus_Jstar_opt,74.9987,0.39259
2,minus_Jstar_opt,75.7498,0.39349
2,minus_Jstar_opt,76.1263,0.39387
2,minus_Jstar_opt,76.4989,0.39431
2,minus_Jstar_opt,77.2500,0.39509
2,minus_Jstar_opt,77.6246,0.39553
2,minus_Jstar_opt,77.9971,0.39594
2,minus_Jstar_opt,79.5013,0.39751
2,minus_Jstar_opt,79.8719,0.39789
2,minus_Jstar_opt,81.3761,0.39947
2,minus_Jstar_opt,81.7487,0.39985
2,minus_Jstar_opt,82.4998,0.40063
2,minus_Jstar_opt,83.2509,0.40133
2,minus_Jstar_opt,83.6235,0.40171
2,minus_Jstar_opt,84.0000,0.40206
2,minus_Jstar_opt,84.3746,0.40235
2,minus_Jstar_opt,84.7511,0.40270
2,minus_Jstar_opt,85.1237,0.40305
2,minus_Jstar_opt,85.8748,0.40363
2,minus_Jstar_opt,86.2494,0.40398
2,minus_Jstar_opt,86.9985,0.40457
2,minus_Jstar_opt,87.3730,0.40480
2,minus_Jstar_opt,87.7496,0.40509
2,minus_Jstar_opt,90.0009,0.40658
4,J_FE,15.0000,0.28068
4,J_FE,15.7491,0.28389
4,J_FE,16.1237,0.28543
4,J_FE,16.5002,0.28697
4,J_FE,16.8748,0.28845
4,J_FE,17.2493,0.28988
4,J_FE,18.0004,0.29267
4,J_FE,18.3750,0.29405
4,J_FE,18.7496,0.29538
4,J_FE,19.1241,0.29667
4,J_FE,19.4987,0.29792
4,J_FE,20.2498,0.30046
4,J_FE,20.9989,0.30283
4,J_FE,21.3754,0.30398
4,J_FE,21.7480,0.30514
4,J_FE,22.1245,0.30627
4,J_FE,22.8757,0.30843
4,J_FE,23.2482,0.30950
4,J_FE,23.6248,0.31054
4,J_FE,24.3759,0.31258
4,J_FE,24.7504,0.31356
4,J_FE,25.1230,0.31453
4,J_FE,25.4995,0.31547
4,J_FE,25.8741,0.31641
4,J_FE,26.2506,0.31737
4,J_FE,26.6232,0.31828
4,J_FE,26.9978,0.31918
4,J_FE,27.3743,0.32005
4,J_FE,27.7489,0.32095
4,J_FE,28.1254,0.32180
4,J_FE,28.4980,0.32265
4,J_FE,29.2491,0.32434
4,J_FE,30.0002,0.32594
4,J_FE,30.3728,0.32671
4,J_FE,30.7493,0.32744
4,J_FE,31.1239,0.32830
4,J_FE,31.5004,0.32898
4,J_FE,31.8770,0.32973
4,J_FE,32.2475,0.33046
4,J_FE,32.6241,0.33119
4,J_FE,33.0006,0.33190
4,J_FE,33.3752,0.33263
4,J_FE,33.7478,0.33329
4,J_FE,34.1243,0.33400
4,J_FE,34.4989,0.33473
4,J_FE,34.8754,0.33544
4,J_FE,35.2520,0.33602
4,J_FE,35.6225,0.33669
4,J_FE,35.9991,0.33733
4,J_FE,36.3756,0.33806
4,J_FE,36.7502,0.33862
4,J_FE,37.1267,0.33925
4,J_FE,37.4993,0.33991
4,J_FE,37.8739,0.34048
4,J_FE,38.9975,0.34227
4,J_FE,39.3741,0.34283
4,J_FE,39.7486,0.34341
4,J_FE,40.4997,0.34460
4,J_FE,40.8723,0.34510
4,J_FE,41.2489,0.34566
4,J_FE,41.6234,0.34622
4,J_FE,42.0000,0.34685
4,J_FE,42.7471,0.34789
4,J_FE,43.1236,0.34845
4,J_FE,43.5002,0.34889
4,J_FE,44.2513,0.34999
4,J_FE,44.6238,0.35049
4,J_FE,44.9984,0.35097
4,J_FE,45.3750,0.35153
4,J_FE,45.7515,0.35203
4,J_FE,46.1221,0.35241
4,J_FE,46.4986,0.35295
4,J_FE,46.8752,0.35347
4,J_FE,47.2497,0.35388
4,J_FE,47.6263,0.35438
4,J_FE,47.9988,0.35484
4,J_FE,48.3734,0.35536
4,J_FE,48.7500,0.35574
4,J_FE,49.1245,0.35620
4,J_FE,49.8736,0.35724
4,J_FE,50.2482,0.35767
4,J_FE,50.6247,0.35801
4,J_FE,51.0013,0.35857
4,J_FE,51.3718,0.35896
4,J_FE,51.7484,0.35932
4,J_FE,52.1249,0.35978
4,J_FE,52.4995,0.36023
4,J_FE,52.8761,0.36063
4,J_FE,53.2486,0.36107
4,J_FE,54.3743,0.36232
4,J_FE,54.7508,0.36286
4,J_FE,55.1234,0.36323
4,J_FE,55.4979,0.36369
4,J_FE,55.8745,0.36407
4,J_FE,56.2510,0.36450
4,J_FE,56.6256,0.36473
4,J_FE,56.9982,0.36517
4,J_FE,58.1258,0.36642
4,J_FE,58.4984,0.36673
4,J_FE,58.8729,0.36713
4,J_FE,59.2495,0.36750
4,J_FE,60.0006,0.36835
4,J_FE,60.3732,0.36867
4,J_FE,60.7497,0.36904
4,J_FE,61.1243,0.36950
4,J_FE,61.5008,0.36979
4,J_FE,61.8754,0.37017
4,J_FE,62.2479,0.37052
4,J_FE,62.6245,0.37089
4,J_FE,62.9990,0.37123
4,J_FE,63.3756,0.37166
4,J_FE,63.7482,0.37200
4,J_FE,64.4993,0.37275
4,J_FE,65.2504,0.37346
4,J_FE,65.6229,0.37385
4,J_FE,66.3740,0.37454
4,J_FE,66.7506,0.37493
4,J_FE,67.1251,0.37529
4,J_FE,67.4977,0.37550
4,J_FE,67.8743,0.37583
4,J_FE,68.2488,0.37627
4,J_FE,68.6254,0.37662
4,J_FE,68.9999,0.37699
4,J_FE,69.3725,0.37731
4,J_FE,69.7490,0.37772
4,J_FE,70.1236,0.37791
4,J_FE,70.5001,0.37826
4,J_FE,70.8727,0.37864
4,J_FE,71.2493,0.37904
4,J_FE,71.6238,0.37931
4,J_FE,72.0004,0.37983
4,J_FE,72.3749,0.38008
4,J_FE,72.7475,0.38064
4,J_FE,73.1240,0.38078
4,J_FE,73.4986,0.38116
4,J_FE,73.8751,0.38143
4,J_FE,74.2517,0.38183
4,J_FE,74.6223,0.38203
4,J_FE,74.9988,0.38235
4,J_FE,75.3754,0.38274
4,J_FE,75.7499,0.38305
4,J_FE,76.1265,0.38341
4,J_FE,76.4990,0.38368
4,J_FE,76.8736,0.38393
4,J_FE,77.2501,0.38443
4,J_FE,77.6247,0.38474
4,J_FE,77.9973,0.38522
4,J_FE,78.3738,0.38553
4,J_FE,78.7503,0.38597
4,J_FE,79.1249,0.38630
4,J_FE,79.5015,0.38666
4,J_FE,79.8740,0.38676
4,J_FE,80.2486,0.38707
4,J_FE,80.6251,0.38743
4,J_FE,80.9997,0.38772
4,J_FE,81.3762,0.38803
4,J_FE,81.7488,0.38838
4,J_FE,82.1234,0.38859
4,J_FE,82.4999,0.38886
4,J_FE,82.8745,0.38963
4,J_FE,83.2470,0.38957
4,J_FE,83.6236,0.38992
4,J_FE,83.9981,0.39038
4,J_FE,84.3747,0.39055
4,J_FE,84.7512,0.39082
4,J_FE,85.1218,0.39138
4,J_FE,85.4983,0.39159
4,J_FE,85.8749,0.39199
4,J_FE,86.2495,0.39236
4,J_FE,86.6260,0.39257
4,J_FE,86.9986,0.39280
4,J_FE,87.3731,0.39307
4,J_FE,87.7497,0.39353
4,J_FE,88.1242,0.39386
4,J_FE,88.5008,0.39419
4,J_FE,88.8733,0.39450
4,J_FE,89.2499,0.39486
4,J_FE,89.6244,0.39513
4,J_FE,90.0010,0.39565
4,minus_Jstar_opt,15.0000,0.14218
4,minus_Jstar_opt,15.3746,0.14341
4,minus_Jstar_opt,15.7491,0.14460
4,minus_Jstar_opt,16.1237,0.14581
4,minus_Jstar_opt,16.5002,0.14697
4,minus_Jstar_opt,16.8748,0.14814
4,minus_Jstar_opt,17.6239,0.15043
4,minus_Jstar_opt,18.0004,0.15155
4,minus_Jstar_opt,18.3750,0.15264
4,minus_Jstar_opt,18.7496,0.15374
4,minus_Jstar_opt,19.1241,0.15482
4,minus_Jstar_opt,19.4987,0.15588
4,minus_Jstar_opt,19.8752,0.15695
4,minus_Jstar_opt,20.6243,0.15903
4,minus_Jstar_opt,20.9989,0.16005
4,minus_Jstar_opt,21.3754,0.16105
4,minus_Jstar_opt,21.7480,0.16207
4,minus_Jstar_opt,22.1245,0.16305
4,minus_Jstar_opt,22.5011,0.16405
4,minus_Jstar_opt,22.8757,0.16500
4,minus_Jstar_opt,23.2482,0.16598
4,minus_Jstar_opt,23.9993,0.16788
4,minus_Jstar_opt,24.3759,0.16883
4,minus_Jstar_opt,24.7504,0.16977
4,minus_Jstar_opt,25.1230,0.17069
4,minus_Jstar_opt,25.4995,0.17160
4,minus_Jstar_opt,25.8741,0.17252
4,minus_Jstar_opt,26.2506,0.17341
4,minus_Jstar_opt,26.6232,0.17433
4,minus_Jstar_opt,26.9978,0.17520
4,minus_Jstar_opt,27.7489,0.17697
4,minus_Jstar_opt,28.1254,0.17785
4,minus_Jstar_opt,28.4980,0.17872
4,minus_Jstar_opt,28.8745,0.17958
4,minus_Jstar_opt,29.6256,0.18128
4,minus_Jstar_opt,30.0002,0.18212
4,minus_Jstar_opt,30.3728,0.18295
4,minus_Jstar_opt,30.7493,0.18378
4,minus_Jstar_opt,31.5004,0.18543
4,minus_Jstar_opt,32.2475,0.18705
4,minus_Jstar_opt,33.0006,0.18863
4,minus_Jstar_opt,33.3752,0.18945
4,minus_Jstar_opt,33.7478,0.19022
4,minus_Jstar_opt,34.1243,0.19101
4,minus_Jstar_opt,34.4989,0.19178
4,minus_Jstar_opt,34.8754,0.19255
4,minus_Jstar_opt,35.2520,0.19330
4,minus_Jstar_opt,35.6225,0.19407
4,minus_Jstar_opt,35.9991,0.19486
4,minus_Jstar_opt,36.7502,0.19632
4,minus_Jstar_opt,37.1267,0.19709
4,minus_Jstar_opt,37.4993,0.19782
4,minus_Jstar_opt,37.8739,0.19852
4,minus_Jstar_opt,38.2504,0.19925
4,minus_Jstar_opt,38.6250,0.20000
4,minus_Jstar_opt,38.9975,0.20069
4,minus_Jstar_opt,39.3741,0.20144
4,minus_Jstar_opt,39.7486,0.20213
4,minus_Jstar_opt,40.1252,0.20283
4,minus_Jstar_opt,40.8723,0.20423
4,minus_Jstar_opt,41.2489,0.20489
4,minus_Jstar_opt,41.6234,0.20560
4,minus_Jstar_opt,42.3765,0.20694
4,minus_Jstar_opt,42.7471,0.20760
4,minus_Jstar_opt,43.8747,0.20960
4,minus_Jstar_opt,44.2513,0.21022
4,minus_Jstar_opt,44.6238,0.21089
4,minus_Jstar_opt,44.9984,0.21152
4,minus_Jstar_opt,45.7515,0.21276
4,minus_Jstar_opt,46.1221,0.21341
4,minus_Jstar_opt,46.4986,0.21401
4,minus_Jstar_opt,46.8752,0.21464
4,minus_Jstar_opt,47.2497,0.21522
4,minus_Jstar_opt,47.6263,0.21587
4,minus_Jstar_opt,47.9988,0.21645
4,minus_Jstar_opt,48.3734,0.21705
4,minus_Jstar_opt,48.7500,0.21762
4,minus_Jstar_opt,49.5011,0.21880
4,minus_Jstar_opt,49.8736,0.21936
4,minus_Jstar_opt,50.6247,0.22047
4,minus_Jstar_opt,51.3718,0.22159
4,minus_Jstar_opt,51.7484,0.22211
4,minus_Jstar_opt,52.1249,0.22270
4,minus_Jstar_opt,52.4995,0.22322
4,minus_Jstar_opt,52.8761,0.22374
4,minus_Jstar_opt,53.2486,0.22426
4,minus_Jstar_opt,53.6232,0.22478
4,minus_Jstar_opt,53.9997,0.22532
4,minus_Jstar_opt,54.3743,0.22580
4,minus_Jstar_opt,54.7508,0.22632
4,minus_Jstar_opt,55.1234,0.22682
4,minus_Jstar_opt,56.2510,0.22830
4,minus_Jstar_opt,56.6256,0.22875
4,minus_Jstar_opt,56.9982,0.22923
4,minus_Jstar_opt,57.3747,0.22969
4,minus_Jstar_opt,57.7493,0.23015
4,minus_Jstar_opt,58.1258,0.23061
4,minus_Jstar_opt,58.4984,0.23107
4,minus_Jstar_opt,58.8729,0.23150
4,minus_Jstar_opt,59.2495,0.23192
4,minus_Jstar_opt,59.6240,0.23238
4,minus_Jstar_opt,60.0006,0.23281
4,minus_Jstar_opt,60.7497,0.23365
4,minus_Jstar_opt,61.1243,0.23402
4,minus_Jstar_opt,61.5008,0.23446
4,minus_Jstar_opt,61.8754,0.23483
4,minus_Jstar_opt,62.2479,0.23525
4,minus_Jstar_opt,62.6245,0.23565
4,minus_Jstar_opt,62.9990,0.23602
4,minus_Jstar_opt,63.3756,0.23637
4,minus_Jstar_opt,63.7482,0.23677
4,minus_Jstar_opt,64.1227,0.23710
4,minus_Jstar_opt,64.4993,0.23750
4,minus_Jstar_opt,64.8758,0.23785
4,minus_Jstar_opt,65.2504,0.23819
4,minus_Jstar_opt,65.6229,0.23852
4,minus_Jstar_opt,65.9995,0.23885
4,minus_Jstar_opt,66.3740,0.23919
4,minus_Jstar_opt,66.7506,0.23952
4,minus_Jstar_opt,67.1251,0.23985
4,minus_Jstar_opt,67.4977,0.24016
4,minus_Jstar_opt,67.8743,0.24048
4,minus_Jstar_opt,68.2488,0.24075
4,minus_Jstar_opt,68.6254,0.24106
4,minus_Jstar_opt,68.9999,0.24135
4,minus_Jstar_opt,69.3725,0.24162
4,minus_Jstar_opt,69.7490,0.24193
4,minus_Jstar_opt,70.1236,0.24218
4,minus_Jstar_opt,70.5001,0.24248
4,minus_Jstar_opt,70.8727,0.24275
4,minus_Jstar_opt,71.2493,0.24300
4,minus_Jstar_opt,71.6238,0.24327
4,minus_Jstar_opt,72.7475,0.24402
4,minus_Jstar_opt,73.1240,0.24422
4,minus_Jstar_opt,73.4986,0.24447
4,minus_Jstar_opt,74.2517,0.24489
4,minus_Jstar_opt,74.6223,0.24514
4,minus_Jstar_opt,74.9988,0.24535
4,minus_Jstar_opt,75.3754,0.24551
4,minus_Jstar_opt,75.7499,0.24572
4,minus_Jstar_opt,76.1265,0.24593
4,minus_Jstar_opt,76.8736,0.24629
4,minus_Jstar_opt,77.2501,0.24649
4,minus_Jstar_opt,77.9973,0.24685
4,minus_Jstar_opt,78.3738,0.24699
4,minus_Jstar_opt,79.1249,0.24733
4,minus_Jstar_opt,79.5015,0.24747
4,minus_Jstar_opt,79.8740,0.24762
4,minus_Jstar_opt,80.2486,0.24776
4,minus_Jstar_opt,80.6251,0.24793
4,minus_Jstar_opt,80.9997,0.24808
4,minus_Jstar_opt,81.3762,0.24818
4,minus_Jstar_opt,81.7488,0.24830
4,minus_Jstar_opt,82.1234,0.24845
4,minus_Jstar_opt,82.4999,0.24855
4,minus_Jstar_opt,82.8745,0.24870
4,minus_Jstar_opt,83.2470,0.24880
4,minus_Jstar_opt,83.9981,0.24901
4,minus_Jstar_opt,84.3747,0.24916
4,minus_Jstar_opt,85.1218,0.24937
4,minus_Jstar_opt,85.4983,0.24943
4,minus_Jstar_opt,85.8749,0.24955
4,minus_Jstar_opt,86.2495,0.24964
4,minus_Jstar_opt,86.6260,0.24972
4,minus_Jstar_opt,87.3731,0.24993
4,minus_Jstar_opt,88.1242,0.25007
4,minus_Jstar_opt,88.5008,0.25018
4,minus_Jstar_opt,89.6244,0.25039
4,minus_Jstar_opt,90.0010,0.25045
10,J_FE,14.9998,0.17645
10,J_FE,15.3743,0.17739
10,J_FE,15.7509,0.17831
10,J_FE,16.1274,0.17918
10,J_FE,16.4980,0.18006
10,J_FE,16.8745,0.18090
10,J_FE,17.2511,0.18170
10,J_FE,17.6256,0.18247
10,J_FE,18.0022,0.18324
10,J_FE,18.3748,0.18399
10,J_FE,18.7493,0.18475
10,J_FE,19.1259,0.18540
10,J_FE,19.5004,0.18611
10,J_FE,19.8730,0.18678
10,J_FE,20.2495,0.18750
10,J_FE,20.6241,0.18813
10,J_FE,21.0007,0.18873
10,J_FE,21.3752,0.18935
10,J_FE,21.7478,0.18996
10,J_FE,22.1243,0.19057
10,J_FE,22.4989,0.19111
10,J_FE,22.8754,0.19168
10,J_FE,23.2520,0.19223
10,J_FE,23.6226,0.19276
10,J_FE,23.9991,0.19329
10,J_FE,24.3757,0.19380
10,J_FE,24.7502,0.19433
10,J_FE,25.1228,0.19482
10,J_FE,25.4993,0.19527
10,J_FE,25.8739,0.19575
10,J_FE,26.2504,0.19624
10,J_FE,26.6270,0.19670
10,J_FE,26.9976,0.19719
10,J_FE,27.3741,0.19758
10,J_FE,27.7507,0.19803
10,J_FE,28.1252,0.19844
10,J_FE,28.5018,0.19889
10,J_FE,28.8743,0.19935
10,J_FE,29.2489,0.19970
10,J_FE,29.6254,0.20010
10,J_FE,30.0000,0.20048
10,J_FE,30.3765,0.20086
10,J_FE,30.7491,0.20121
10,J_FE,31.1257,0.20166
10,J_FE,31.5002,0.20195
10,J_FE,32.2493,0.20266
10,J_FE,32.6239,0.20300
10,J_FE,33.0004,0.20334
10,J_FE,33.3750,0.20374
10,J_FE,33.7515,0.20401
10,J_FE,34.1241,0.20432
10,J_FE,34.4987,0.20470
10,J_FE,34.8752,0.20505
10,J_FE,35.2498,0.20530
10,J_FE,35.6263,0.20561
10,J_FE,35.9989,0.20588
10,J_FE,36.3734,0.20628
10,J_FE,36.7500,0.20651
10,J_FE,37.1265,0.20678
10,J_FE,37.5011,0.20712
10,J_FE,37.8737,0.20737
10,J_FE,38.2502,0.20765
10,J_FE,38.6248,0.20790
10,J_FE,39.0013,0.20820
10,J_FE,39.3739,0.20842
10,J_FE,39.7484,0.20870
10,J_FE,40.1250,0.20897
10,J_FE,40.4996,0.20925
10,J_FE,40.8761,0.20949
10,J_FE,41.2487,0.20974
10,J_FE,41.6252,0.20996
10,J_FE,41.9998,0.21027
10,J_FE,42.3763,0.21052
10,J_FE,43.1234,0.21098
10,J_FE,43.5000,0.21119
10,J_FE,43.8746,0.21144
10,J_FE,44.2511,0.21172
10,J_FE,44.6237,0.21191
10,J_FE,44.9982,0.21214
10,J_FE,45.3748,0.21246
10,J_FE,45.7513,0.21256
10,J_FE,46.1259,0.21271
10,J_FE,46.4984,0.21296
10,J_FE,46.8750,0.21323
10,J_FE,47.2496,0.21342
10,J_FE,47.6261,0.21359
10,J_FE,48.0007,0.21380
10,J_FE,48.3732,0.21403
10,J_FE,48.7498,0.21418
10,J_FE,49.1243,0.21440
10,J_FE,49.5009,0.21462
10,J_FE,49.8754,0.21488
10,J_FE,50.2480,0.21514
10,J_FE,50.6246,0.21519
10,J_FE,50.9991,0.21548
10,J_FE,51.3757,0.21563
10,J_FE,51.7482,0.21574
10,J_FE,52.1248,0.21594
10,J_FE,52.4993,0.21614
10,J_FE,53.2504,0.21652
10,J_FE,53.6230,0.21668
10,J_FE,54.3741,0.21705
10,J_FE,54.7507,0.21732
10,J_FE,55.1272,0.21748
10,J_FE,55.4978,0.21764
10,J_FE,55.8743,0.21781
10,J_FE,56.2509,0.21806
10,J_FE,56.6254,0.21806
10,J_FE,56.9980,0.21828
10,J_FE,57.3746,0.21846
10,J_FE,57.7491,0.21865
10,J_FE,58.1257,0.21883
10,J_FE,58.5022,0.21890
10,J_FE,58.8728,0.21911
10,J_FE,59.2493,0.21923
10,J_FE,60.0004,0.21964
10,J_FE,60.3770,0.21976
10,J_FE,60.7496,0.21989
10,J_FE,61.1241,0.22013
10,J_FE,61.5007,0.22021
10,J_FE,61.8752,0.22038
10,J_FE,62.2518,0.22053
10,J_FE,62.6243,0.22069
10,J_FE,62.9989,0.22080
10,J_FE,63.3754,0.22101
10,J_FE,63.7500,0.22114
10,J_FE,64.1226,0.22130
10,J_FE,65.2502,0.22175
10,J_FE,65.6228,0.22191
10,J_FE,65.9973,0.22206
10,J_FE,66.3739,0.22219
10,J_FE,66.7504,0.22237
10,J_FE,67.1250,0.22254
10,J_FE,67.4976,0.22259
10,J_FE,68.2487,0.22287
10,J_FE,68.6252,0.22305
10,J_FE,69.0018,0.22324
10,J_FE,69.3724,0.22334
10,J_FE,69.7489,0.22352
10,J_FE,70.1255,0.22357
10,J_FE,70.5000,0.22370
10,J_FE,70.8726,0.22386
10,J_FE,71.2491,0.22407
10,J_FE,71.6237,0.22416
10,J_FE,72.0002,0.22444
10,J_FE,72.3748,0.22450
10,J_FE,72.7474,0.22481
10,J_FE,73.1239,0.22479
10,J_FE,73.4985,0.22496
10,J_FE,73.8750,0.22504
10,J_FE,74.2516,0.22521
10,J_FE,74.6241,0.22525
10,J_FE,74.9987,0.22538
10,J_FE,75.3752,0.22557
10,J_FE,75.7498,0.22570
10,J_FE,76.1263,0.22582
10,J_FE,76.4989,0.22595
10,J_FE,76.8735,0.22602
10,J_FE,77.2500,0.22628
10,J_FE,77.6246,0.22642
10,J_FE,77.9971,0.22663
10,J_FE,78.3737,0.22678
10,J_FE,78.7482,0.22702
10,J_FE,79.1248,0.22715
10,J_FE,79.5013,0.22728
10,J_FE,79.8719,0.22725
10,J_FE,80.2485,0.22740
10,J_FE,80.6250,0.22750
10,J_FE,80.9996,0.22758
10,J_FE,81.3761,0.22768
10,J_FE,81.7487,0.22787
10,J_FE,82.1232,0.22792
10,J_FE,82.4998,0.22805
10,J_FE,82.8743,0.22851
10,J_FE,83.2509,0.22838
10,J_FE,83.6235,0.22847
10,J_FE,84.0000,0.22867
10,J_FE,84.3746,0.22870
10,J_FE,84.7511,0.22882
10,J_FE,85.1237,0.22910
10,J_FE,85.4982,0.22916
10,J_FE,85.8748,0.22933
10,J_FE,86.2494,0.22953
10,J_FE,86.6259,0.22961
10,J_FE,86.9985,0.22966
10,J_FE,87.3730,0.22974
10,J_FE,87.7496,0.22996
10,J_FE,88.1261,0.23008
10,J_FE,88.5007,0.23026
10,J_FE,88.8732,0.23036
10,J_FE,89.2498,0.23046
10,J_FE,89.6244,0.23061
10,J_FE,90.0009,0.23091
10,minus_Jstar_opt,14.9998,0.06780
10,minus_Jstar_opt,15.7509,0.06875
10,minus_Jstar_opt,16.1274,0.06921
10,minus_Jstar_opt,16.4980,0.06967
10,minus_Jstar_opt,17.2511,0.07059
10,minus_Jstar_opt,17.6256,0.07104
10,minus_Jstar_opt,18.0022,0.07149
10,minus_Jstar_opt,18.3748,0.07194
10,minus_Jstar_opt,18.7493,0.07239
10,minus_Jstar_opt,19.8730,0.07372
10,minus_Jstar_opt,21.0007,0.07503
10,minus_Jstar_opt,21.3752,0.07547
10,minus_Jstar_opt,21.7478,0.07590
10,minus_Jstar_opt,22.4989,0.07677
10,minus_Jstar_opt,23.2520,0.07762
10,minus_Jstar_opt,23.6226,0.07804
10,minus_Jstar_opt,24.3757,0.07889
10,minus_Jstar_opt,24.7502,0.07930
10,minus_Jstar_opt,25.1228,0.07973
10,minus_Jstar_opt,25.4993,0.08015
10,minus_Jstar_opt,25.8739,0.08056
10,minus_Jstar_opt,26.2504,0.08099
10,minus_Jstar_opt,26.6270,0.08140
10,minus_Jstar_opt,26.9976,0.08181
10,minus_Jstar_opt,27.7507,0.08264
10,minus_Jstar_opt,28.1252,0.08305
10,minus_Jstar_opt,28.5018,0.08345
10,minus_Jstar_opt,28.8743,0.08386
10,minus_Jstar_opt,30.3765,0.08549
10,minus_Jstar_opt,30.7491,0.08589
10,minus_Jstar_opt,31.1257,0.08628
10,minus_Jstar_opt,31.8768,0.08707
10,minus_Jstar_opt,32.2493,0.08747
10,minus_Jstar_opt,33.3750,0.08865
10,minus_Jstar_opt,33.7515,0.08903
10,minus_Jstar_opt,34.4987,0.08981
10,minus_Jstar_opt,35.2498,0.09058
10,minus_Jstar_opt,35.6263,0.09096
10,minus_Jstar_opt,35.9989,0.09134
10,minus_Jstar_opt,36.3734,0.09171
10,minus_Jstar_opt,36.7500,0.09209
10,minus_Jstar_opt,37.8737,0.09321
10,minus_Jstar_opt,38.6248,0.09394
10,minus_Jstar_opt,39.0013,0.09430
10,minus_Jstar_opt,39.3739,0.09467
10,minus_Jstar_opt,39.7484,0.09503
10,minus_Jstar_opt,40.4996,0.09574
10,minus_Jstar_opt,41.2487,0.09645
10,minus_Jstar_opt,41.6252,0.09680
10,minus_Jstar_opt,41.9998,0.09715
10,minus_Jstar_opt,43.1234,0.09818
10,minus_Jstar_opt,43.5000,0.09853
10,minus_Jstar_opt,44.6237,0.09953
10,minus_Jstar_opt,45.3748,0.10019
10,minus_Jstar_opt,45.7513,0.10051
10,minus_Jstar_opt,46.1259,0.10084
10,minus_Jstar_opt,46.4984,0.10116
10,minus_Jstar_opt,47.2496,0.10179
10,minus_Jstar_opt,47.6261,0.10210
10,minus_Jstar_opt,48.3732,0.10272
10,minus_Jstar_opt,48.7498,0.10302
10,minus_Jstar_opt,49.5009,0.10362
10,minus_Jstar_opt,50.2480,0.10421
10,minus_Jstar_opt,50.6246,0.10451
10,minus_Jstar_opt,50.9991,0.10480
10,minus_Jstar_opt,51.3757,0.10509
10,minus_Jstar_opt,51.7482,0.10537
10,minus_Jstar_opt,52.1248,0.10565
10,minus_Jstar_opt,52.8759,0.10620
10,minus_Jstar_opt,53.2504,0.10647
10,minus_Jstar_opt,53.6230,0.10673
10,minus_Jstar_opt,53.9996,0.10700
10,minus_Jstar_opt,54.3741,0.10726
10,minus_Jstar_opt,54.7507,0.10752
10,minus_Jstar_opt,55.1272,0.10777
10,minus_Jstar_opt,55.4978,0.10802
10,minus_Jstar_opt,56.2509,0.10852
10,minus_Jstar_opt,56.9980,0.10901
10,minus_Jstar_opt,57.7491,0.10947
10,minus_Jstar_opt,58.5022,0.10992
10,minus_Jstar_opt,58.8728,0.11014
10,minus_Jstar_opt,59.2493,0.11037
10,minus_Jstar_opt,60.0004,0.11079
10,minus_Jstar_opt,60.7496,0.11121
10,minus_Jstar_opt,61.5007,0.11161
10,minus_Jstar_opt,62.2518,0.11199
10,minus_Jstar_opt,62.6243,0.11218
10,minus_Jstar_opt,62.9989,0.11237
10,minus_Jstar_opt,63.3754,0.11256
10,minus_Jstar_opt,63.7500,0.11273
10,minus_Jstar_opt,64.1226,0.11291
10,minus_Jstar_opt,64.4991,0.11307
10,minus_Jstar_opt,64.8737,0.11324
10,minus_Jstar_opt,65.2502,0.11341
10,minus_Jstar_opt,65.6228,0.11356
10,minus_Jstar_opt,66.3739,0.11387
10,minus_Jstar_opt,67.1250,0.11415
10,minus_Jstar_opt,67.4976,0.11430
10,minus_Jstar_opt,67.8741,0.11444
10,minus_Jstar_opt,68.2487,0.11457
10,minus_Jstar_opt,68.6252,0.11470
10,minus_Jstar_opt,69.0018,0.11483
10,minus_Jstar_opt,69.3724,0.11495
10,minus_Jstar_opt,69.7489,0.11508
10,minus_Jstar_opt,70.1255,0.11518
10,minus_Jstar_opt,70.5000,0.11532
10,minus_Jstar_opt,71.2491,0.11553
10,minus_Jstar_opt,71.6237,0.11563
10,minus_Jstar_opt,72.0002,0.11573
10,minus_Jstar_opt,72.3748,0.11582
10,minus_Jstar_opt,72.7474,0.11593
10,minus_Jstar_opt,73.8750,0.11617
10,minus_Jstar_opt,74.2516,0.11625
10,minus_Jstar_opt,74.6241,0.11632
10,minus_Jstar_opt,74.9987,0.11640
10,minus_Jstar_opt,75.3752,0.11647
10,minus_Jstar_opt,76.8735,0.11672
10,minus_Jstar_opt,77.2500,0.11677
10,minus_Jstar_opt,77.6246,0.11683
10,minus_Jstar_opt,77.9971,0.11687
10,minus_Jstar_opt,78.3737,0.11692
10,minus_Jstar_opt,79.8719,0.11708
10,minus_Jstar_opt,80.2485,0.11710
10,minus_Jstar_opt,80.6250,0.11714
10,minus_Jstar_opt,80.9996,0.11717
10,minus_Jstar_opt,81.3761,0.11718
10,minus_Jstar_opt,81.7487,0.11720
10,minus_Jstar_opt,82.1232,0.11723
10,minus_Jstar_opt,82.4998,0.11723
10,minus_Jstar_opt,82.8743,0.11724
10,minus_Jstar_opt,83.2509,0.11724
10,minus_Jstar_opt,83.6235,0.11727
10,minus_Jstar_opt,85.8748,0.11727
10,minus_Jstar_opt,86.2494,0.11724
10,minus_Jstar_opt,86.6259,0.11724
10,minus_Jstar_opt,86.9985,0.11723
10,minus_Jstar_opt,87.3730,0.11720
10,minus_Jstar_opt,87.7496,0.11720
10,minus_Jstar_opt,88.1261,0.11718
10,minus_Jstar_opt,88.5007,0.11717
10,minus_Jstar_opt,89.2498,0.11712
10,minus_Jstar_opt,89.6244,0.11708
10,minus_Jstar_opt,90.0009,0.11705
