alpha,beta_deg,curve,Gamma
1,15,vopt,119.0809
1,15,FE,inf
1,20,vopt,19.3204
1,20,FE,9.4500
1,25,vopt,5.8973
1,25,FE,3.9315
1,30,vopt,3.5788
1,30,FE,2.5727
1,35,vopt,2.6768
1,35,FE,1.9667
1,37.5,vopt,2.4069
1,37.5,FE,1.7727
1,40,vopt,2.2004
1,40,FE,1.6192
1,45,vopt,1.9045
1,45,FE,1.3891
1,50,vopt,1.7007
1,50,FE,1.2215
1,52.5,vopt,1.6200
1,52.5,FE,1.1527
1,55,vopt,1.5494
1,55,FE,1.0910
1,60,vopt,1.4289
1,60,FE,0.9841
1,65,vopt,1.3215
1,65,FE,0.8930
1,67.5,vopt,1.2646
1,67.5,FE,0.8518
1,70,vopt,1.1989
1,70,FE,0.8130
1,75,vopt,1.0251
1,75,FE,0.7412
1,80,vopt,0.7923
1,80,FE,0.6755
1,82.5,vopt,0.7208
1,82.5,FE,0.6445
1,85,vopt,0.6784
1,85,FE,0.6146
1,90,vopt,0.6014
1,90,FE,0.5576
5,15,vopt,inf
5,15,FE,inf
5,20,vopt,inf
5,20,FE,56.5057
5,25,vopt,18.4062
5,25,FE,7.8714
5,30,vopt,6.8481
5,30,FE,4.3267
5,35,vopt,4.3394
5,35,FE,3.0340
5,37.5,vopt,3.7178
5,37.5,FE,2.6504
5,40,vopt,3.2754
5,40,FE,2.3563
5,45,vopt,2.6829
5,45,FE,1.9307
5,50,vopt,2.2951
5,50,FE,1.6329
5,52.5,vopt,2.1434
5,52.5,FE,1.5139
5,55,vopt,2.0101
5,55,FE,1.4093
5,60,vopt,1.7802
5,60,FE,1.2327
5,65,vopt,1.5796
5,65,FE,1.0880
5,67.5,vopt,1.4854
5,67.5,FE,1.0246
5,70,vopt,1.3938
5,70,FE,0.9660
5,75,vopt,1.2163
5,75,FE,0.8609
5,80,vopt,1.0464
5,80,FE,0.7686
5,82.5,vopt,0.9648
5,82.5,FE,0.7264
5,85,vopt,0.8859
5,85,FE,0.6864
5,90,vopt,0.7357
5,90,FE,0.6124
10,15,vopt,inf
10,15,FE,inf
10,20,vopt,inf
10,20,FE,inf
10,25,vopt,50.3337
10,25,FE,13.5182
10,30,vopt,8.8069
10,30,FE,6.2676
10,35,vopt,4.9939
10,35,FE,3.9002
10,37.5,vopt,4.1752
10,37.5,FE,3.2834
10,40,vopt,3.6175
10,40,FE,2.8355
10,45,vopt,2.8974
10,45,FE,2.2254
10,50,vopt,2.4374
10,50,FE,1.8259
10,52.5,vopt,2.2586
10,52.5,FE,1.6726
10,55,vopt,2.1018
10,55,FE,1.5410
10,60,vopt,1.8333
10,60,FE,1.3253
10,65,vopt,1.6051
10,65,FE,1.1547
10,67.5,vopt,1.5016
10,67.5,FE,1.0815
10,70,vopt,1.4038
10,70,FE,1.0148
10,75,vopt,1.2226
10,75,FE,0.8970
10,80,vopt,1.0588
10,80,FE,0.7956
10,82.5,vopt,0.9830
10,82.5,FE,0.7498
10,85,vopt,0.9114
10,85,FE,0.7067
10,90,vopt,0.7803
10,90,FE,0.6276
