beta_deg,phi_deg,N_gammaHc_over_c,mechanism,literature,confidence
90,0,3.831337,I,3.83,high
90,5,4.189704,I,4.19,medium
90,10,4.582769,I,4.59,medium
90,15,5.018008,I,5.02,medium
90,20,5.504899,I,5.51,medium
90,25,6.055752,I,6.06,medium
90,30,6.686913,I,6.69,medium
90,35,7.420619,I,7.43,medium
90,40,8.287956,I,8.3,medium
75,0,4.564537,I,4.57,high
75,5,5.140200,I,,
75,10,5.799350,I,,
75,15,6.566868,I,,
75,20,7.476716,I,,
75,25,8.577290,I,,
75,30,9.940370,I,,
75,35,11.677260,I,,
75,40,13.969935,I,,
60,0,5.247358,I,5.24,high
60,5,6.157515,I,6.17,low
60,10,7.257963,I,7.26,low
60,15,8.628529,I,8.65,low
60,20,10.390671,I,10.39,low
60,25,12.743062,I,12.75,low
60,30,16.035178,I,16.18,low
60,35,20.939312,I,,
60,40,28.914928,I,,
45,0,5.525981,II,5.52,high
45,5,7.351475,I,,
45,10,9.309723,I,,
45,15,12.052553,I,,
45,20,16.160944,I,,
45,25,22.896326,I,,
45,30,35.540478,I,,
45,35,65.519426,I,,
45,40,185.486552,I,,
30,0,5.533084,II,5.52,high
30,5,9.130516,II,,
30,10,13.499286,I,,
30,15,21.689610,I,,
30,20,41.214687,I,,
30,25,119.920313,I,,
30,30,inf,,,
30,35,inf,,,
30,40,inf,,,
