case,cycle,neq,lam,t,x1min,x1max,y1min,complete
b30_m02,0,1240,3.11987,27.5314,-2.82882,15.7014,-7.87794,1
b30_m02,1,2204,2.64746,87.0791,-2.04267,12.3728,-7.11586,1
b30_m02,2,4666,2.44531,159.771,-1.6496,11.0368,-6.32429,1
b30_m02,3,10592,2.35742,544.05,-1.25652,10.2716,-5.90853,1
b30_m02,4,26334,2.32227,1737.34,-1.02093,9.81212,-5.65025,1
b30_m05,0,1240,3.11987,31.7596,-2.82882,15.7014,-7.87794,1
b30_m05,1,2128,2.64746,99.7017,-2.04267,12.3728,-7.11586,1
b30_m05,2,4050,2.44531,136.32,-1.25652,11.0368,-6.204,1
b30_m05,3,8770,2.35742,528.518,-1.09946,10.2716,-5.85898,1
b30_m05,4,20988,2.32227,2068.76,-1.02093,9.73533,-5.62547,1
b30_sa15_n2,0,1174,2.74414,22.4864,-3.09198,13.3262,-7.39015,1
b30_sa15_n2,1,1934,2.51562,78.363,-2.2264,11.4195,-6.65083,1
b30_sa15_n2,2,4016,2.39258,101.345,-1.7936,10.6542,-5.98892,1
b30_sa3_n2,0,1432,2.83203,24.5394,-2.8795,13.3262,-6.95104,1
b30_sa3_n2,1,2190,2.55078,55.9849,-2.07812,12.3728,-6.95104,1
b30_sa3_n2,2,4384,2.41895,120.018,-1.67743,11.4195,-6.41195,1
b30_sr15_n2,0,1228,2.69141,16.5396,-2.82882,11.5659,-6.65176,1
b30_sr15_n2,1,1966,2.51562,59.6996,-2.04267,11.5659,-6.65176,1
b30_sr15_n2,2,4246,2.40137,161.467,-1.6496,10.7567,-6.24291,1
b60_m01,0,826,1.1958,12.9227,-4.45694,5.64598,-6.44928,1
b60_m01,1,1234,1.08813,27.3658,-3.55197,4.11541,-5.90395,1
b60_m01,2,2392,1.02588,53.1149,-2.64699,3.65466,-5.45197,1
b60_m01,3,5304,0.992188,226.285,-2.46405,3.19392,-5.13541,1
b60_m02,0,826,1.1958,14.8836,-4.45694,5.64598,-6.44928,1
b60_m02,1,1200,1.08887,23.7789,-3.55197,4.11541,-5.90395,1
b60_m02,2,2268,1.02441,82.3221,-2.64699,3.65466,-5.45197,1
b60_m02,3,4870,0.992188,217.366,-2.46405,3.19392,-5.13541,1
b60_m02,4,11356,0.972656,606.072,-2.1439,3.04033,-5.0677,1
b60_m05,0,826,1.1958,12.3132,-4.45694,5.64598,-6.44928,1
b60_m05,1,1162,1.08813,26.9374,-2.64699,4.11541,-5.90395,1
b60_m05,2,2014,1.02734,64.8116,-2.64699,3.65466,-5.45197,1
b60_m05,3,3924,0.992188,81.0793,-2.2811,3.19392,-5.13541,1
b60_m05,4,8384,0.974609,235.935,-2.09816,2.88675,-5.0,1
b60_m05_n5,0,826,1.1958,12.8645,-4.45694,5.64598,-6.44928,1
b60_m05_n5,1,1162,1.08813,29.9871,-2.64699,4.11541,-5.90395,1
b60_m05_n5,2,2014,1.02734,74.9489,-2.64699,3.65466,-5.45197,1
b60_m05_n5,3,3924,0.992188,79.6135,-2.2811,3.19392,-5.13541,1
b60_m05_n5,4,8384,0.974609,247.112,-2.09816,2.88675,-5.0,1
b60_m05_n5,5,17228,0.964844,1382.93,-2.00669,2.88675,-5.0,1
b60_m10,0,826,1.1958,11.741,-4.45694,5.64598,-6.44928,1
b60_m10,1,1006,1.09802,20.2177,-2.64699,2.88675,-5.0,1
b60_m10,2,1620,1.03613,47.2023,-2.64699,2.88675,-5.0,1
b60_m10,3,3062,0.998047,74.175,-2.46405,2.88675,-5.0,1
b60_m10,4,5194,0.980469,144.495,-2.2811,2.88675,-5.0,1
b60_mn200_n2,0,826,1.1958,12.1706,-4.45694,5.64598,-6.44928,1
b60_mn200_n2,1,1200,1.08887,20.3655,-3.55197,4.11541,-5.90395,1
b60_mn200_n2,2,2268,1.02441,59.8438,-2.64699,3.65466,-5.45197,1
b60_mn30_n2,0,826,1.19141,9.87101,-4.45694,5.64598,-6.44928,1
b60_mn30_n2,1,1200,1.08008,14.8338,-3.55197,3.80824,-5.72464,1
b60_mn30_n2,2,2234,1.01562,30.8393,-2.64699,3.65466,-5.45197,1
b60_s0125,0,1502,1.10132,24.5252,-3.70217,5.36984,-5.61022,1
b60_s0125,1,2232,1.03247,58.4697,-3.07203,3.93965,-5.30511,1
b60_s0125,2,4344,0.995117,94.7317,-2.44189,3.37144,-5.13459,1
b60_s0125,3,9108,0.974609,223.181,-2.19084,3.04831,-5.0673,1
b60_sref1,0,3138,1.08813,60.0255,-3.55197,4.11541,-5.90395,1
b60_sref2,0,12226,1.02441,284.987,-2.64699,3.65466,-5.45197,1
b60_tol1e3_n2,0,826,1.198,13.8629,-4.45694,4.11541,-6.08326,1
b60_tol1e3_n2,1,1200,1.08887,23.9577,-3.55197,4.11541,-5.90395,1
b60_tol1e3_n2,2,2268,1.02588,69.8448,-2.64699,3.65466,-5.45197,1
b60_tol5e3_n2,0,826,1.19141,9.35945,-4.45694,5.64598,-6.44928,1
b60_tol5e3_n2,1,1200,1.08594,16.7489,-3.55197,4.11541,-5.90395,1
b60_tol5e3_n2,2,2248,1.02148,35.3715,-2.64699,3.65466,-5.45197,1
b60_vopt_m02,0,826,1.8125,6.06272,-2.64699,2.88675,-5.0,1
b60_vopt_m02,1,1090,1.61914,19.4051,-2.64699,2.88675,-5.0,1
b60_vopt_m02,2,1854,1.52539,66.7386,-1.73227,2.88675,-5.0,1
b60_vopt_m02,3,4116,1.47852,120.612,-1.36639,2.88675,-5.0,1
b60_vopt_m02,4,9930,1.44922,352.662,-1.18344,2.88675,-5.0,1
b60_vopt_m05,0,826,1.8125,6.37742,-2.64699,2.88675,-5.0,1
b60_vopt_m05,1,1056,1.62354,16.3004,-2.64699,2.88675,-5.0,1
b60_vopt_m05,2,1754,1.53125,23.2066,-1.54933,2.88675,-5.0,1
b60_vopt_m05,3,3420,1.47852,126.025,-1.36639,2.88675,-5.0,1
b60_vopt_m05,4,7266,1.45508,325.528,-1.03551,2.88675,-5.0,1
b90_m02,0,682,0.743164,10.7095,-4.66591,1.63779,-6.39849,1
b90_m02,1,1036,0.64502,22.1288,-4.18924,0.0,-5.0,1
b90_m02,2,1750,0.598145,49.4079,-3.71257,0.0,-5.0,1
b90_m02,3,3652,0.574219,94.5162,-3.47423,0.0,-5.0,1
b90_m02,4,8186,0.5625,130.833,-3.29548,0.0,-5.0,1
b90_m05,0,682,0.743164,10.506,-4.66591,1.63779,-6.39849,1
b90_m05,1,946,0.648682,18.6135,-3.71257,0.0,-5.0,1
b90_m05,2,1568,0.599121,40.8461,-3.71257,0.0,-5.0,1
b90_m05,3,3168,0.576172,97.0033,-3.47423,0.0,-5.0,1
b90_m05,4,6292,0.5625,151.331,-3.2359,0.0,-5.0,1
b90_sa15_n2,0,568,0.693359,8.81851,-4.94088,0.0,-5.0,1
b90_sa15_n2,1,854,0.623047,16.844,-3.92329,0.0,-5.0,1
b90_sa15_n2,2,1564,0.587891,45.265,-3.92329,0.0,-5.0,1
b90_sa3_n2,0,796,0.734375,10.9419,-5.0,1.22866,-5.98321,1
b90_sa3_n2,1,1106,0.648682,22.2754,-4.48425,0.0,-5.0,1
b90_sa3_n2,2,1800,0.599609,26.8964,-3.71063,0.0,-5.0,1
b90_sr15_n2,0,666,0.751953,11.9524,-4.66591,2.90569,-6.70668,1
b90_sr15_n2,1,1006,0.646484,23.674,-3.71257,0.0,-5.0,1
b90_sr15_n2,2,1720,0.598145,54.0673,-3.71257,0.0,-5.0,1
